publication,task,answer,probability,model_confidence,threshold,status,source_url
1d95a206b51fd1ab2221aeee,relevance,insufficient,0.4105,0.0294,0.8,insufficient,https://github.com/intel/intel-xpu-backend-for-triton/commit/2fb3328e0e25fb4e24224701070f1ddbcc6717b9
1d95a206b51fd1ab2221aeee,event,technical,0.9975,0.9889,0.8,accepted,https://github.com/intel/intel-xpu-backend-for-triton/commit/2fb3328e0e25fb4e24224701070f1ddbcc6717b9
1d95a206b51fd1ab2221aeee,claim,correction,0.3236,0.1284,0.8,needs_review,https://github.com/intel/intel-xpu-backend-for-triton/commit/2fb3328e0e25fb4e24224701070f1ddbcc6717b9
1d95a206b51fd1ab2221aeee,tone,neutral,0.3599,0.0735,0.8,needs_review,https://github.com/intel/intel-xpu-backend-for-triton/commit/2fb3328e0e25fb4e24224701070f1ddbcc6717b9
1d95a206b51fd1ab2221aeee,importance,routine,0.5328,0.1908,0.8,needs_review,https://github.com/intel/intel-xpu-backend-for-triton/commit/2fb3328e0e25fb4e24224701070f1ddbcc6717b9
1d95a206b51fd1ab2221aeee,urgency,none,0.6076,0.2344,0.8,needs_review,https://github.com/intel/intel-xpu-backend-for-triton/commit/2fb3328e0e25fb4e24224701070f1ddbcc6717b9
1d95a206b51fd1ab2221aeee,promotion,insufficient,0.4644,0.0778,0.8,insufficient,https://github.com/intel/intel-xpu-backend-for-triton/commit/2fb3328e0e25fb4e24224701070f1ddbcc6717b9
1d95a206b51fd1ab2221aeee,token_reference,absent,0.8726,0.5736,0.8,accepted,https://github.com/intel/intel-xpu-backend-for-triton/commit/2fb3328e0e25fb4e24224701070f1ddbcc6717b9
1d95a206b51fd1ab2221aeee,narrative_object,absent,0.4431,0.2591,0.8,needs_review,https://github.com/intel/intel-xpu-backend-for-triton/commit/2fb3328e0e25fb4e24224701070f1ddbcc6717b9
1d95a206b51fd1ab2221aeee,context_dependence,standalone,0.4221,0.0234,0.8,needs_review,https://github.com/intel/intel-xpu-backend-for-triton/commit/2fb3328e0e25fb4e24224701070f1ddbcc6717b9
856581ba21866a197c635763,relevance,insufficient,0.53,0.075,0.8,insufficient,https://x.com/i/status/2104674428336652659
856581ba21866a197c635763,event,technical,0.6886,0.4981,0.8,needs_review,https://x.com/i/status/2104674428336652659
856581ba21866a197c635763,claim,insufficient,0.3054,0.126,0.8,insufficient,https://x.com/i/status/2104674428336652659
856581ba21866a197c635763,tone,insufficient,0.3418,0.0736,0.8,insufficient,https://x.com/i/status/2104674428336652659
856581ba21866a197c635763,importance,insufficient,0.3813,0.0454,0.8,insufficient,https://x.com/i/status/2104674428336652659
856581ba21866a197c635763,urgency,none,0.6888,0.3723,0.8,needs_review,https://x.com/i/status/2104674428336652659
856581ba21866a197c635763,promotion,insufficient,0.4164,0.0508,0.8,insufficient,https://x.com/i/status/2104674428336652659
856581ba21866a197c635763,token_reference,explicit,0.4027,0.0137,0.8,needs_review,https://x.com/i/status/2104674428336652659
856581ba21866a197c635763,narrative_object,absent,0.5798,0.2625,0.8,needs_review,https://x.com/i/status/2104674428336652659
856581ba21866a197c635763,context_dependence,dependent,0.5927,0.1281,0.8,needs_review,https://x.com/i/status/2104674428336652659
d6a608d1266eb19aa77790d3,relevance,insufficient,0.4294,0.0569,0.8,needs_review,https://x.com/i/status/2104674391162335678
d6a608d1266eb19aa77790d3,event,other,0.7354,0.4738,0.8,needs_review,https://x.com/i/status/2104674391162335678
d6a608d1266eb19aa77790d3,claim,insufficient,0.3911,0.1508,0.8,needs_review,https://x.com/i/status/2104674391162335678
d6a608d1266eb19aa77790d3,tone,negative,0.3785,0.1323,0.8,needs_review,https://x.com/i/status/2104674391162335678
d6a608d1266eb19aa77790d3,importance,insufficient,0.7568,0.4087,0.8,needs_review,https://x.com/i/status/2104674391162335678
d6a608d1266eb19aa77790d3,urgency,none,0.7994,0.4998,0.8,needs_review,https://x.com/i/status/2104674391162335678
d6a608d1266eb19aa77790d3,promotion,insufficient,0.4857,0.0945,0.8,needs_review,https://x.com/i/status/2104674391162335678
d6a608d1266eb19aa77790d3,token_reference,absent,0.5823,0.1347,0.8,needs_review,https://x.com/i/status/2104674391162335678
d6a608d1266eb19aa77790d3,narrative_object,absent,0.7805,0.5293,0.8,needs_review,https://x.com/i/status/2104674391162335678
d6a608d1266eb19aa77790d3,context_dependence,standalone,0.4672,0.0443,0.8,needs_review,https://x.com/i/status/2104674391162335678
747d1fa526a1dc4bada5968d,relevance,informative,0.4458,0.0786,0.8,needs_review,https://x.com/i/status/2104674384350966209
747d1fa526a1dc4bada5968d,event,launch,0.7023,0.6094,0.8,needs_review,https://x.com/i/status/2104674384350966209
747d1fa526a1dc4bada5968d,claim,announcement,0.5364,0.2834,0.8,needs_review,https://x.com/i/status/2104674384350966209
747d1fa526a1dc4bada5968d,tone,positive,0.3421,0.0836,0.8,needs_review,https://x.com/i/status/2104674384350966209
747d1fa526a1dc4bada5968d,importance,project,0.3612,0.0607,0.8,needs_review,https://x.com/i/status/2104674384350966209
747d1fa526a1dc4bada5968d,urgency,none,0.6433,0.2726,0.8,needs_review,https://x.com/i/status/2104674384350966209
747d1fa526a1dc4bada5968d,promotion,informational,0.334,0.021,0.8,needs_review,https://x.com/i/status/2104674384350966209
747d1fa526a1dc4bada5968d,token_reference,absent,0.5774,0.1163,0.8,needs_review,https://x.com/i/status/2104674384350966209
747d1fa526a1dc4bada5968d,narrative_object,product,0.7855,0.508,0.8,needs_review,https://x.com/i/status/2104674384350966209
747d1fa526a1dc4bada5968d,context_dependence,dependent,0.411,0.0144,0.8,needs_review,https://x.com/i/status/2104674384350966209
0034f729e213b0a59c71999d,relevance,insufficient,0.4503,0.033,0.8,insufficient,https://github.com/aws/deep-learning-containers/commit/fb45ebe3b881c46a58561010ef8640906cb1c948
0034f729e213b0a59c71999d,event,technical,0.9294,0.8321,0.8,accepted,https://github.com/aws/deep-learning-containers/commit/fb45ebe3b881c46a58561010ef8640906cb1c948
0034f729e213b0a59c71999d,claim,insufficient,0.5325,0.2763,0.8,insufficient,https://github.com/aws/deep-learning-containers/commit/fb45ebe3b881c46a58561010ef8640906cb1c948
0034f729e213b0a59c71999d,tone,insufficient,0.3612,0.0804,0.8,insufficient,https://github.com/aws/deep-learning-containers/commit/fb45ebe3b881c46a58561010ef8640906cb1c948
0034f729e213b0a59c71999d,importance,routine,0.44,0.101,0.8,needs_review,https://github.com/aws/deep-learning-containers/commit/fb45ebe3b881c46a58561010ef8640906cb1c948
0034f729e213b0a59c71999d,urgency,none,0.6645,0.2896,0.8,needs_review,https://github.com/aws/deep-learning-containers/commit/fb45ebe3b881c46a58561010ef8640906cb1c948
0034f729e213b0a59c71999d,promotion,insufficient,0.5416,0.1504,0.8,insufficient,https://github.com/aws/deep-learning-containers/commit/fb45ebe3b881c46a58561010ef8640906cb1c948
0034f729e213b0a59c71999d,token_reference,absent,0.8196,0.4575,0.8,accepted,https://github.com/aws/deep-learning-containers/commit/fb45ebe3b881c46a58561010ef8640906cb1c948
0034f729e213b0a59c71999d,narrative_object,product,0.4175,0.2548,0.8,needs_review,https://github.com/aws/deep-learning-containers/commit/fb45ebe3b881c46a58561010ef8640906cb1c948
0034f729e213b0a59c71999d,context_dependence,standalone,0.4359,0.0214,0.8,needs_review,https://github.com/aws/deep-learning-containers/commit/fb45ebe3b881c46a58561010ef8640906cb1c948
52207aef20922bde55386eb8,relevance,,,,0.8,needs_review,https://github.com/ROCm/hrx-system/commit/4c0dcf3d2b3d5bdca86331fc71bb92e520b1b1dc
52207aef20922bde55386eb8,event,,,,0.8,needs_review,https://github.com/ROCm/hrx-system/commit/4c0dcf3d2b3d5bdca86331fc71bb92e520b1b1dc
52207aef20922bde55386eb8,claim,,,,0.8,needs_review,https://github.com/ROCm/hrx-system/commit/4c0dcf3d2b3d5bdca86331fc71bb92e520b1b1dc
52207aef20922bde55386eb8,tone,,,,0.8,needs_review,https://github.com/ROCm/hrx-system/commit/4c0dcf3d2b3d5bdca86331fc71bb92e520b1b1dc
52207aef20922bde55386eb8,importance,,,,0.8,needs_review,https://github.com/ROCm/hrx-system/commit/4c0dcf3d2b3d5bdca86331fc71bb92e520b1b1dc
52207aef20922bde55386eb8,urgency,,,,0.8,needs_review,https://github.com/ROCm/hrx-system/commit/4c0dcf3d2b3d5bdca86331fc71bb92e520b1b1dc
52207aef20922bde55386eb8,promotion,,,,0.8,needs_review,https://github.com/ROCm/hrx-system/commit/4c0dcf3d2b3d5bdca86331fc71bb92e520b1b1dc
52207aef20922bde55386eb8,token_reference,,,,0.8,needs_review,https://github.com/ROCm/hrx-system/commit/4c0dcf3d2b3d5bdca86331fc71bb92e520b1b1dc
52207aef20922bde55386eb8,narrative_object,,,,0.8,needs_review,https://github.com/ROCm/hrx-system/commit/4c0dcf3d2b3d5bdca86331fc71bb92e520b1b1dc
52207aef20922bde55386eb8,context_dependence,,,,0.8,needs_review,https://github.com/ROCm/hrx-system/commit/4c0dcf3d2b3d5bdca86331fc71bb92e520b1b1dc
86655b4c2779346678b989c7,relevance,informative,0.4476,0.0586,0.8,needs_review,https://x.com/i/status/2104589366215536824
86655b4c2779346678b989c7,event,other,0.3222,0.0811,0.8,needs_review,https://x.com/i/status/2104589366215536824
86655b4c2779346678b989c7,claim,announcement,0.7464,0.4854,0.8,needs_review,https://x.com/i/status/2104589366215536824
86655b4c2779346678b989c7,tone,negative,0.3246,0.0553,0.8,needs_review,https://x.com/i/status/2104589366215536824
86655b4c2779346678b989c7,importance,sector,0.4916,0.136,0.8,needs_review,https://x.com/i/status/2104589366215536824
86655b4c2779346678b989c7,urgency,none,0.4898,0.1257,0.8,needs_review,https://x.com/i/status/2104589366215536824
86655b4c2779346678b989c7,promotion,informational,0.3694,0.0545,0.8,needs_review,https://x.com/i/status/2104589366215536824
86655b4c2779346678b989c7,token_reference,absent,0.6953,0.2512,0.8,needs_review,https://x.com/i/status/2104589366215536824
86655b4c2779346678b989c7,narrative_object,absent,0.5459,0.242,0.8,needs_review,https://x.com/i/status/2104589366215536824
86655b4c2779346678b989c7,context_dependence,standalone,0.43,0.0185,0.8,needs_review,https://x.com/i/status/2104589366215536824
84cb723ae288cb7ebe439662,relevance,insufficient,0.4364,0.056,0.8,insufficient,https://x.com/i/status/2104674294886268980
84cb723ae288cb7ebe439662,event,other,0.4729,0.1602,0.8,needs_review,https://x.com/i/status/2104674294886268980
84cb723ae288cb7ebe439662,claim,announcement,0.5886,0.2918,0.8,needs_review,https://x.com/i/status/2104674294886268980
84cb723ae288cb7ebe439662,tone,negative,0.3884,0.0996,0.8,needs_review,https://x.com/i/status/2104674294886268980
84cb723ae288cb7ebe439662,importance,sector,0.5097,0.1802,0.8,needs_review,https://x.com/i/status/2104674294886268980
84cb723ae288cb7ebe439662,urgency,none,0.5722,0.239,0.8,needs_review,https://x.com/i/status/2104674294886268980
84cb723ae288cb7ebe439662,promotion,promotional,0.3396,0.0286,0.8,needs_review,https://x.com/i/status/2104674294886268980
84cb723ae288cb7ebe439662,token_reference,absent,0.6929,0.2491,0.8,needs_review,https://x.com/i/status/2104674294886268980
84cb723ae288cb7ebe439662,narrative_object,cultural,0.3779,0.1766,0.8,needs_review,https://x.com/i/status/2104674294886268980
84cb723ae288cb7ebe439662,context_dependence,dependent,0.407,0.0149,0.8,needs_review,https://x.com/i/status/2104674294886268980
5b5f55493d881167f8bb9424,relevance,noise,0.481,0.1187,0.8,needs_review,https://x.com/i/status/2104674280063824071
5b5f55493d881167f8bb9424,event,launch,0.4844,0.2857,0.8,needs_review,https://x.com/i/status/2104674280063824071
5b5f55493d881167f8bb9424,claim,announcement,0.9942,0.9759,0.8,accepted,https://x.com/i/status/2104674280063824071
5b5f55493d881167f8bb9424,tone,insufficient,0.4086,0.1194,0.8,insufficient,https://x.com/i/status/2104674280063824071
5b5f55493d881167f8bb9424,importance,project,0.8133,0.5264,0.8,accepted,https://x.com/i/status/2104674280063824071
5b5f55493d881167f8bb9424,urgency,immediate,0.6622,0.2943,0.8,needs_review,https://x.com/i/status/2104674280063824071
5b5f55493d881167f8bb9424,promotion,promotional,0.6749,0.2898,0.8,needs_review,https://x.com/i/status/2104674280063824071
5b5f55493d881167f8bb9424,token_reference,absent,0.5669,0.1165,0.8,needs_review,https://x.com/i/status/2104674280063824071
5b5f55493d881167f8bb9424,narrative_object,absent,0.4647,0.2935,0.8,needs_review,https://x.com/i/status/2104674280063824071
5b5f55493d881167f8bb9424,context_dependence,insufficient,0.4332,0.0421,0.8,insufficient,https://x.com/i/status/2104674280063824071
5fa3a29f43b190f9460c1512,relevance,insufficient,0.5044,0.1002,0.8,insufficient,https://x.com/i/status/2104674256659595535
5fa3a29f43b190f9460c1512,event,other,0.4364,0.3684,0.8,needs_review,https://x.com/i/status/2104674256659595535
5fa3a29f43b190f9460c1512,claim,correction,0.4273,0.1978,0.8,needs_review,https://x.com/i/status/2104674256659595535
5fa3a29f43b190f9460c1512,tone,positive,0.4206,0.114,0.8,needs_review,https://x.com/i/status/2104674256659595535
5fa3a29f43b190f9460c1512,importance,insufficient,0.6948,0.3177,0.8,insufficient,https://x.com/i/status/2104674256659595535
5fa3a29f43b190f9460c1512,urgency,none,0.6902,0.3936,0.8,needs_review,https://x.com/i/status/2104674256659595535
5fa3a29f43b190f9460c1512,promotion,insufficient,0.391,0.0643,0.8,insufficient,https://x.com/i/status/2104674256659595535
5fa3a29f43b190f9460c1512,token_reference,absent,0.8094,0.4375,0.8,accepted,https://x.com/i/status/2104674256659595535
5fa3a29f43b190f9460c1512,narrative_object,absent,0.7693,0.492,0.8,needs_review,https://x.com/i/status/2104674256659595535
5fa3a29f43b190f9460c1512,context_dependence,dependent,0.3823,0.0125,0.8,needs_review,https://x.com/i/status/2104674256659595535
9c4b8639ece882e9d5e508d8,relevance,insufficient,0.5379,0.084,0.8,insufficient,https://x.com/i/status/2104674234173714572
9c4b8639ece882e9d5e508d8,event,partnership,0.6362,0.4516,0.8,needs_review,https://x.com/i/status/2104674234173714572
9c4b8639ece882e9d5e508d8,claim,announcement,0.9941,0.9753,0.8,accepted,https://x.com/i/status/2104674234173714572
9c4b8639ece882e9d5e508d8,tone,insufficient,0.36,0.0854,0.8,insufficient,https://x.com/i/status/2104674234173714572
9c4b8639ece882e9d5e508d8,importance,project,0.8238,0.5513,0.8,accepted,https://x.com/i/status/2104674234173714572
9c4b8639ece882e9d5e508d8,urgency,immediate,0.4071,0.089,0.8,needs_review,https://x.com/i/status/2104674234173714572
9c4b8639ece882e9d5e508d8,promotion,promotional,0.7702,0.4331,0.8,needs_review,https://x.com/i/status/2104674234173714572
9c4b8639ece882e9d5e508d8,token_reference,absent,0.6885,0.2412,0.8,needs_review,https://x.com/i/status/2104674234173714572
9c4b8639ece882e9d5e508d8,narrative_object,absent,0.4645,0.3658,0.8,needs_review,https://x.com/i/status/2104674234173714572
9c4b8639ece882e9d5e508d8,context_dependence,standalone,0.4825,0.0843,0.8,needs_review,https://x.com/i/status/2104674234173714572
281ce707bd3462a140ed37d2,relevance,insufficient,0.5397,0.0948,0.8,insufficient,https://github.com/NVIDIA/cuopt/commit/d8ba39b412f1eee8255eb5a759bccf28011b4a36
281ce707bd3462a140ed37d2,event,technical,0.9738,0.9226,0.8,accepted,https://github.com/NVIDIA/cuopt/commit/d8ba39b412f1eee8255eb5a759bccf28011b4a36
281ce707bd3462a140ed37d2,claim,correction,0.5863,0.319,0.8,needs_review,https://github.com/NVIDIA/cuopt/commit/d8ba39b412f1eee8255eb5a759bccf28011b4a36
281ce707bd3462a140ed37d2,tone,insufficient,0.4026,0.1599,0.8,insufficient,https://github.com/NVIDIA/cuopt/commit/d8ba39b412f1eee8255eb5a759bccf28011b4a36
281ce707bd3462a140ed37d2,importance,routine,0.3117,0.0095,0.8,needs_review,https://github.com/NVIDIA/cuopt/commit/d8ba39b412f1eee8255eb5a759bccf28011b4a36
281ce707bd3462a140ed37d2,urgency,none,0.6368,0.262,0.8,needs_review,https://github.com/NVIDIA/cuopt/commit/d8ba39b412f1eee8255eb5a759bccf28011b4a36
281ce707bd3462a140ed37d2,promotion,insufficient,0.4968,0.1013,0.8,insufficient,https://github.com/NVIDIA/cuopt/commit/d8ba39b412f1eee8255eb5a759bccf28011b4a36
281ce707bd3462a140ed37d2,token_reference,absent,0.7751,0.3755,0.8,needs_review,https://github.com/NVIDIA/cuopt/commit/d8ba39b412f1eee8255eb5a759bccf28011b4a36
281ce707bd3462a140ed37d2,narrative_object,product,0.493,0.2207,0.8,needs_review,https://github.com/NVIDIA/cuopt/commit/d8ba39b412f1eee8255eb5a759bccf28011b4a36
281ce707bd3462a140ed37d2,context_dependence,standalone,0.4547,0.0288,0.8,needs_review,https://github.com/NVIDIA/cuopt/commit/d8ba39b412f1eee8255eb5a759bccf28011b4a36
7e8a2a1ca3e0091870b3d87a,relevance,insufficient,0.4065,0.0181,0.8,insufficient,https://x.com/i/status/2104672995918885202
7e8a2a1ca3e0091870b3d87a,event,launch,0.4756,0.4629,0.8,needs_review,https://x.com/i/status/2104672995918885202
7e8a2a1ca3e0091870b3d87a,claim,announcement,0.8305,0.6223,0.8,accepted,https://x.com/i/status/2104672995918885202
7e8a2a1ca3e0091870b3d87a,tone,positive,0.5485,0.2352,0.8,needs_review,https://x.com/i/status/2104672995918885202
7e8a2a1ca3e0091870b3d87a,importance,project,0.5734,0.2179,0.8,needs_review,https://x.com/i/status/2104672995918885202
7e8a2a1ca3e0091870b3d87a,urgency,none,0.4308,0.1029,0.8,needs_review,https://x.com/i/status/2104672995918885202
7e8a2a1ca3e0091870b3d87a,promotion,informational,0.3413,0.0328,0.8,needs_review,https://x.com/i/status/2104672995918885202
7e8a2a1ca3e0091870b3d87a,token_reference,absent,0.7878,0.3974,0.8,needs_review,https://x.com/i/status/2104672995918885202
7e8a2a1ca3e0091870b3d87a,narrative_object,cultural,0.5462,0.2491,0.8,needs_review,https://x.com/i/status/2104672995918885202
7e8a2a1ca3e0091870b3d87a,context_dependence,standalone,0.3783,0.0123,0.8,needs_review,https://x.com/i/status/2104672995918885202
3498368da4947249b18abbb1,relevance,insufficient,0.563,0.1021,0.8,insufficient,https://github.com/IBM/simrun/commit/c5c9ad35b476d36689cb84fb440f06086523a076
3498368da4947249b18abbb1,event,technical,0.9922,0.9712,0.8,accepted,https://github.com/IBM/simrun/commit/c5c9ad35b476d36689cb84fb440f06086523a076
3498368da4947249b18abbb1,claim,correction,0.6979,0.4849,0.8,needs_review,https://github.com/IBM/simrun/commit/c5c9ad35b476d36689cb84fb440f06086523a076
3498368da4947249b18abbb1,tone,insufficient,0.3744,0.1066,0.8,insufficient,https://github.com/IBM/simrun/commit/c5c9ad35b476d36689cb84fb440f06086523a076
3498368da4947249b18abbb1,importance,routine,0.6424,0.2722,0.8,needs_review,https://github.com/IBM/simrun/commit/c5c9ad35b476d36689cb84fb440f06086523a076
3498368da4947249b18abbb1,urgency,none,0.6885,0.331,0.8,needs_review,https://github.com/IBM/simrun/commit/c5c9ad35b476d36689cb84fb440f06086523a076
3498368da4947249b18abbb1,promotion,insufficient,0.4523,0.1027,0.8,insufficient,https://github.com/IBM/simrun/commit/c5c9ad35b476d36689cb84fb440f06086523a076
3498368da4947249b18abbb1,token_reference,absent,0.783,0.3888,0.8,needs_review,https://github.com/IBM/simrun/commit/c5c9ad35b476d36689cb84fb440f06086523a076
3498368da4947249b18abbb1,narrative_object,person,0.4647,0.1849,0.8,needs_review,https://github.com/IBM/simrun/commit/c5c9ad35b476d36689cb84fb440f06086523a076
3498368da4947249b18abbb1,context_dependence,standalone,0.4584,0.047,0.8,needs_review,https://github.com/IBM/simrun/commit/c5c9ad35b476d36689cb84fb440f06086523a076
673b7340793c1f6d6c678444,relevance,insufficient,0.3831,0.0165,0.8,insufficient,https://x.com/i/status/2104674146152059142
673b7340793c1f6d6c678444,event,launch,0.4973,0.2782,0.8,needs_review,https://x.com/i/status/2104674146152059142
673b7340793c1f6d6c678444,claim,announcement,0.8539,0.7282,0.8,accepted,https://x.com/i/status/2104674146152059142
673b7340793c1f6d6c678444,tone,insufficient,0.4055,0.1309,0.8,insufficient,https://x.com/i/status/2104674146152059142
673b7340793c1f6d6c678444,importance,routine,0.3677,0.1157,0.8,needs_review,https://x.com/i/status/2104674146152059142
673b7340793c1f6d6c678444,urgency,none,0.5391,0.1876,0.8,needs_review,https://x.com/i/status/2104674146152059142
673b7340793c1f6d6c678444,promotion,promotional,0.7093,0.3804,0.8,needs_review,https://x.com/i/status/2104674146152059142
673b7340793c1f6d6c678444,token_reference,explicit,0.4078,0.0454,0.8,needs_review,https://x.com/i/status/2104674146152059142
673b7340793c1f6d6c678444,narrative_object,product,0.4806,0.1899,0.8,needs_review,https://x.com/i/status/2104674146152059142
673b7340793c1f6d6c678444,context_dependence,standalone,0.4689,0.0487,0.8,needs_review,https://x.com/i/status/2104674146152059142
1236fa9c3d2172dbd6cbe100,relevance,insufficient,0.651,0.1917,0.8,insufficient,https://github.com/IBM/simrun/commit/3d33269f3a3a00c5da055b9aa22902bada06d1f2
1236fa9c3d2172dbd6cbe100,event,technical,0.9746,0.9239,0.8,accepted,https://github.com/IBM/simrun/commit/3d33269f3a3a00c5da055b9aa22902bada06d1f2
1236fa9c3d2172dbd6cbe100,claim,insufficient,0.6216,0.3682,0.8,insufficient,https://github.com/IBM/simrun/commit/3d33269f3a3a00c5da055b9aa22902bada06d1f2
1236fa9c3d2172dbd6cbe100,tone,insufficient,0.3948,0.1457,0.8,insufficient,https://github.com/IBM/simrun/commit/3d33269f3a3a00c5da055b9aa22902bada06d1f2
1236fa9c3d2172dbd6cbe100,importance,project,0.5227,0.1562,0.8,needs_review,https://github.com/IBM/simrun/commit/3d33269f3a3a00c5da055b9aa22902bada06d1f2
1236fa9c3d2172dbd6cbe100,urgency,none,0.6168,0.2341,0.8,needs_review,https://github.com/IBM/simrun/commit/3d33269f3a3a00c5da055b9aa22902bada06d1f2
1236fa9c3d2172dbd6cbe100,promotion,insufficient,0.5483,0.1466,0.8,insufficient,https://github.com/IBM/simrun/commit/3d33269f3a3a00c5da055b9aa22902bada06d1f2
1236fa9c3d2172dbd6cbe100,token_reference,absent,0.8562,0.5349,0.8,accepted,https://github.com/IBM/simrun/commit/3d33269f3a3a00c5da055b9aa22902bada06d1f2
1236fa9c3d2172dbd6cbe100,narrative_object,absent,0.6067,0.319,0.8,needs_review,https://github.com/IBM/simrun/commit/3d33269f3a3a00c5da055b9aa22902bada06d1f2
1236fa9c3d2172dbd6cbe100,context_dependence,insufficient,0.4323,0.0458,0.8,insufficient,https://github.com/IBM/simrun/commit/3d33269f3a3a00c5da055b9aa22902bada06d1f2
cae899fd9f95d5e36e5d744c,relevance,insufficient,0.4275,0.0682,0.8,insufficient,https://github.com/ROCm/cvs/commit/e183b46977daafc1f4448957bdf921ed991ac5fa
cae899fd9f95d5e36e5d744c,event,other,0.7833,0.5909,0.8,needs_review,https://github.com/ROCm/cvs/commit/e183b46977daafc1f4448957bdf921ed991ac5fa
cae899fd9f95d5e36e5d744c,claim,insufficient,0.4563,0.3094,0.8,insufficient,https://github.com/ROCm/cvs/commit/e183b46977daafc1f4448957bdf921ed991ac5fa
cae899fd9f95d5e36e5d744c,tone,insufficient,0.3357,0.1103,0.8,insufficient,https://github.com/ROCm/cvs/commit/e183b46977daafc1f4448957bdf921ed991ac5fa
cae899fd9f95d5e36e5d744c,importance,insufficient,0.6722,0.2893,0.8,insufficient,https://github.com/ROCm/cvs/commit/e183b46977daafc1f4448957bdf921ed991ac5fa
cae899fd9f95d5e36e5d744c,urgency,none,0.6087,0.3037,0.8,needs_review,https://github.com/ROCm/cvs/commit/e183b46977daafc1f4448957bdf921ed991ac5fa
cae899fd9f95d5e36e5d744c,promotion,insufficient,0.4703,0.1038,0.8,insufficient,https://github.com/ROCm/cvs/commit/e183b46977daafc1f4448957bdf921ed991ac5fa
cae899fd9f95d5e36e5d744c,token_reference,absent,0.8579,0.5391,0.8,accepted,https://github.com/ROCm/cvs/commit/e183b46977daafc1f4448957bdf921ed991ac5fa
cae899fd9f95d5e36e5d744c,narrative_object,absent,0.7335,0.4337,0.8,needs_review,https://github.com/ROCm/cvs/commit/e183b46977daafc1f4448957bdf921ed991ac5fa
cae899fd9f95d5e36e5d744c,context_dependence,standalone,0.4598,0.0312,0.8,needs_review,https://github.com/ROCm/cvs/commit/e183b46977daafc1f4448957bdf921ed991ac5fa
55b2aa89f9d35046c09fc5ee,relevance,insufficient,0.5081,0.1101,0.8,insufficient,https://github.com/NVIDIA/Model-Optimizer/commit/3edb92a4e3499ab82f115216b24fcba173f7e2e2
55b2aa89f9d35046c09fc5ee,event,launch,0.8284,0.7235,0.8,accepted,https://github.com/NVIDIA/Model-Optimizer/commit/3edb92a4e3499ab82f115216b24fcba173f7e2e2
55b2aa89f9d35046c09fc5ee,claim,announcement,0.9682,0.9057,0.8,accepted,https://github.com/NVIDIA/Model-Optimizer/commit/3edb92a4e3499ab82f115216b24fcba173f7e2e2
55b2aa89f9d35046c09fc5ee,tone,insufficient,0.4178,0.1225,0.8,insufficient,https://github.com/NVIDIA/Model-Optimizer/commit/3edb92a4e3499ab82f115216b24fcba173f7e2e2
55b2aa89f9d35046c09fc5ee,importance,insufficient,0.4777,0.1492,0.8,insufficient,https://github.com/NVIDIA/Model-Optimizer/commit/3edb92a4e3499ab82f115216b24fcba173f7e2e2
55b2aa89f9d35046c09fc5ee,urgency,none,0.6199,0.278,0.8,needs_review,https://github.com/NVIDIA/Model-Optimizer/commit/3edb92a4e3499ab82f115216b24fcba173f7e2e2
55b2aa89f9d35046c09fc5ee,promotion,promotional,0.8255,0.5294,0.8,accepted,https://github.com/NVIDIA/Model-Optimizer/commit/3edb92a4e3499ab82f115216b24fcba173f7e2e2
55b2aa89f9d35046c09fc5ee,token_reference,absent,0.7573,0.3437,0.8,needs_review,https://github.com/NVIDIA/Model-Optimizer/commit/3edb92a4e3499ab82f115216b24fcba173f7e2e2
55b2aa89f9d35046c09fc5ee,narrative_object,absent,0.5361,0.2805,0.8,needs_review,https://github.com/NVIDIA/Model-Optimizer/commit/3edb92a4e3499ab82f115216b24fcba173f7e2e2
55b2aa89f9d35046c09fc5ee,context_dependence,standalone,0.4581,0.0882,0.8,needs_review,https://github.com/NVIDIA/Model-Optimizer/commit/3edb92a4e3499ab82f115216b24fcba173f7e2e2
a12a2d81a6a308827ef9f08c,relevance,insufficient,0.4242,0.0342,0.8,insufficient,https://x.com/i/status/2104674030347313632
a12a2d81a6a308827ef9f08c,event,partnership,0.3924,0.2991,0.8,needs_review,https://x.com/i/status/2104674030347313632
a12a2d81a6a308827ef9f08c,claim,announcement,0.9815,0.9333,0.8,accepted,https://x.com/i/status/2104674030347313632
a12a2d81a6a308827ef9f08c,tone,neutral,0.3346,0.0988,0.8,needs_review,https://x.com/i/status/2104674030347313632
a12a2d81a6a308827ef9f08c,importance,insufficient,0.5012,0.146,0.8,insufficient,https://x.com/i/status/2104674030347313632
a12a2d81a6a308827ef9f08c,urgency,none,0.6026,0.2029,0.8,needs_review,https://x.com/i/status/2104674030347313632
a12a2d81a6a308827ef9f08c,promotion,promotional,0.5046,0.1214,0.8,needs_review,https://x.com/i/status/2104674030347313632
a12a2d81a6a308827ef9f08c,token_reference,absent,0.6823,0.2331,0.8,needs_review,https://x.com/i/status/2104674030347313632
a12a2d81a6a308827ef9f08c,narrative_object,absent,0.3688,0.0829,0.8,needs_review,https://x.com/i/status/2104674030347313632
a12a2d81a6a308827ef9f08c,context_dependence,standalone,0.61,0.1483,0.8,needs_review,https://x.com/i/status/2104674030347313632
7f40c7cbd1ee7f6274f93559,relevance,informative,0.615,0.1624,0.8,needs_review,https://x.com/i/status/2104674023397638151
7f40c7cbd1ee7f6274f93559,event,launch,0.4488,0.2563,0.8,needs_review,https://x.com/i/status/2104674023397638151
7f40c7cbd1ee7f6274f93559,claim,announcement,0.985,0.9451,0.8,needs_review,https://x.com/i/status/2104674023397638151
7f40c7cbd1ee7f6274f93559,tone,insufficient,0.3231,0.0689,0.8,needs_review,https://x.com/i/status/2104674023397638151
7f40c7cbd1ee7f6274f93559,importance,insufficient,0.4174,0.0853,0.8,needs_review,https://x.com/i/status/2104674023397638151
7f40c7cbd1ee7f6274f93559,urgency,none,0.5415,0.1423,0.8,needs_review,https://x.com/i/status/2104674023397638151
7f40c7cbd1ee7f6274f93559,promotion,promotional,0.5368,0.148,0.8,needs_review,https://x.com/i/status/2104674023397638151
7f40c7cbd1ee7f6274f93559,token_reference,absent,0.7087,0.2993,0.8,needs_review,https://x.com/i/status/2104674023397638151
7f40c7cbd1ee7f6274f93559,narrative_object,absent,0.513,0.1847,0.8,needs_review,https://x.com/i/status/2104674023397638151
7f40c7cbd1ee7f6274f93559,context_dependence,standalone,0.5357,0.1603,0.8,needs_review,https://x.com/i/status/2104674023397638151
06176ed40a68575df25d4314,relevance,insufficient,0.5284,0.076,0.8,needs_review,https://x.com/i/status/2104595605104296058
06176ed40a68575df25d4314,event,incident,0.7051,0.511,0.8,needs_review,https://x.com/i/status/2104595605104296058
06176ed40a68575df25d4314,claim,insufficient,0.4803,0.2496,0.8,needs_review,https://x.com/i/status/2104595605104296058
06176ed40a68575df25d4314,tone,insufficient,0.3047,0.1288,0.8,needs_review,https://x.com/i/status/2104595605104296058
06176ed40a68575df25d4314,importance,insufficient,0.546,0.1747,0.8,needs_review,https://x.com/i/status/2104595605104296058
06176ed40a68575df25d4314,urgency,none,0.5502,0.174,0.8,needs_review,https://x.com/i/status/2104595605104296058
06176ed40a68575df25d4314,promotion,insufficient,0.529,0.1356,0.8,needs_review,https://x.com/i/status/2104595605104296058
06176ed40a68575df25d4314,token_reference,absent,0.8102,0.4385,0.8,needs_review,https://x.com/i/status/2104595605104296058
06176ed40a68575df25d4314,narrative_object,absent,0.7203,0.4212,0.8,needs_review,https://x.com/i/status/2104595605104296058
06176ed40a68575df25d4314,context_dependence,standalone,0.5263,0.082,0.8,needs_review,https://x.com/i/status/2104595605104296058
a817f4100dc42ed46ab8ec06,relevance,insufficient,0.4868,0.0513,0.8,insufficient,https://x.com/i/status/2104674016544043415
a817f4100dc42ed46ab8ec06,event,technical,0.5608,0.3524,0.8,needs_review,https://x.com/i/status/2104674016544043415
a817f4100dc42ed46ab8ec06,claim,announcement,0.7791,0.5549,0.8,needs_review,https://x.com/i/status/2104674016544043415
a817f4100dc42ed46ab8ec06,tone,positive,0.377,0.0652,0.8,needs_review,https://x.com/i/status/2104674016544043415
a817f4100dc42ed46ab8ec06,importance,insufficient,0.4453,0.0719,0.8,insufficient,https://x.com/i/status/2104674016544043415
a817f4100dc42ed46ab8ec06,urgency,none,0.6489,0.2962,0.8,needs_review,https://x.com/i/status/2104674016544043415
a817f4100dc42ed46ab8ec06,promotion,insufficient,0.3082,0.0132,0.8,insufficient,https://x.com/i/status/2104674016544043415
a817f4100dc42ed46ab8ec06,token_reference,absent,0.7844,0.3916,0.8,needs_review,https://x.com/i/status/2104674016544043415
a817f4100dc42ed46ab8ec06,narrative_object,absent,0.607,0.2697,0.8,needs_review,https://x.com/i/status/2104674016544043415
a817f4100dc42ed46ab8ec06,context_dependence,insufficient,0.4485,0.0262,0.8,insufficient,https://x.com/i/status/2104674016544043415
afdc6eef10d0ca66739984af,relevance,insufficient,0.5499,0.1004,0.8,insufficient,https://github.com/microsoft/BCApps/commit/9c8ecb79c50babb2bf0ad857a76064c5e61dda5c
afdc6eef10d0ca66739984af,event,technical,0.9709,0.9096,0.8,accepted,https://github.com/microsoft/BCApps/commit/9c8ecb79c50babb2bf0ad857a76064c5e61dda5c
afdc6eef10d0ca66739984af,claim,insufficient,0.4918,0.2261,0.8,insufficient,https://github.com/microsoft/BCApps/commit/9c8ecb79c50babb2bf0ad857a76064c5e61dda5c
afdc6eef10d0ca66739984af,tone,neutral,0.3747,0.1217,0.8,needs_review,https://github.com/microsoft/BCApps/commit/9c8ecb79c50babb2bf0ad857a76064c5e61dda5c
afdc6eef10d0ca66739984af,importance,insufficient,0.4769,0.1079,0.8,insufficient,https://github.com/microsoft/BCApps/commit/9c8ecb79c50babb2bf0ad857a76064c5e61dda5c
afdc6eef10d0ca66739984af,urgency,none,0.642,0.2961,0.8,needs_review,https://github.com/microsoft/BCApps/commit/9c8ecb79c50babb2bf0ad857a76064c5e61dda5c
afdc6eef10d0ca66739984af,promotion,insufficient,0.4091,0.095,0.8,insufficient,https://github.com/microsoft/BCApps/commit/9c8ecb79c50babb2bf0ad857a76064c5e61dda5c
afdc6eef10d0ca66739984af,token_reference,absent,0.8065,0.4322,0.8,accepted,https://github.com/microsoft/BCApps/commit/9c8ecb79c50babb2bf0ad857a76064c5e61dda5c
afdc6eef10d0ca66739984af,narrative_object,person,0.4965,0.2096,0.8,needs_review,https://github.com/microsoft/BCApps/commit/9c8ecb79c50babb2bf0ad857a76064c5e61dda5c
afdc6eef10d0ca66739984af,context_dependence,standalone,0.4806,0.0696,0.8,needs_review,https://github.com/microsoft/BCApps/commit/9c8ecb79c50babb2bf0ad857a76064c5e61dda5c
f9ab7b71535ed54309b726d2,relevance,insufficient,0.4469,0.0598,0.8,insufficient,https://x.com/i/status/2104673609356570635
f9ab7b71535ed54309b726d2,event,other,0.7528,0.5413,0.8,needs_review,https://x.com/i/status/2104673609356570635
f9ab7b71535ed54309b726d2,claim,question,0.6024,0.3532,0.8,needs_review,https://x.com/i/status/2104673609356570635
f9ab7b71535ed54309b726d2,tone,neutral,0.388,0.1478,0.8,needs_review,https://x.com/i/status/2104673609356570635
f9ab7b71535ed54309b726d2,importance,insufficient,0.541,0.2132,0.8,insufficient,https://x.com/i/status/2104673609356570635
f9ab7b71535ed54309b726d2,urgency,none,0.796,0.5417,0.8,needs_review,https://x.com/i/status/2104673609356570635
f9ab7b71535ed54309b726d2,promotion,insufficient,0.3959,0.0467,0.8,insufficient,https://x.com/i/status/2104673609356570635
f9ab7b71535ed54309b726d2,token_reference,absent,0.5367,0.1037,0.8,needs_review,https://x.com/i/status/2104673609356570635
f9ab7b71535ed54309b726d2,narrative_object,product,0.4053,0.0815,0.8,needs_review,https://x.com/i/status/2104673609356570635
f9ab7b71535ed54309b726d2,context_dependence,standalone,0.5647,0.1032,0.8,needs_review,https://x.com/i/status/2104673609356570635
7c5945eef04311fb9d544fe7,relevance,insufficient,0.5878,0.1591,0.8,insufficient,https://x.com/i/status/2104673973879570504
7c5945eef04311fb9d544fe7,event,other,0.365,0.1999,0.8,needs_review,https://x.com/i/status/2104673973879570504
7c5945eef04311fb9d544fe7,claim,question,0.8315,0.6443,0.8,accepted,https://x.com/i/status/2104673973879570504
7c5945eef04311fb9d544fe7,tone,neutral,0.436,0.2097,0.8,needs_review,https://x.com/i/status/2104673973879570504
7c5945eef04311fb9d544fe7,importance,insufficient,0.7188,0.3736,0.8,insufficient,https://x.com/i/status/2104673973879570504
7c5945eef04311fb9d544fe7,urgency,none,0.7636,0.5288,0.8,needs_review,https://x.com/i/status/2104673973879570504
7c5945eef04311fb9d544fe7,promotion,insufficient,0.5534,0.1511,0.8,insufficient,https://x.com/i/status/2104673973879570504
7c5945eef04311fb9d544fe7,token_reference,absent,0.6426,0.1929,0.8,needs_review,https://x.com/i/status/2104673973879570504
7c5945eef04311fb9d544fe7,narrative_object,absent,0.4952,0.1543,0.8,needs_review,https://x.com/i/status/2104673973879570504
7c5945eef04311fb9d544fe7,context_dependence,standalone,0.3871,0.0087,0.8,needs_review,https://x.com/i/status/2104673973879570504
1f0553654fa6ef07237f06cb,relevance,insufficient,0.3647,0.0062,0.8,insufficient,https://x.com/i/status/2104673962592760047
1f0553654fa6ef07237f06cb,event,other,0.4148,0.189,0.8,needs_review,https://x.com/i/status/2104673962592760047
1f0553654fa6ef07237f06cb,claim,announcement,0.4272,0.1829,0.8,needs_review,https://x.com/i/status/2104673962592760047
1f0553654fa6ef07237f06cb,tone,positive,0.4095,0.0866,0.8,needs_review,https://x.com/i/status/2104673962592760047
1f0553654fa6ef07237f06cb,importance,insufficient,0.7786,0.4458,0.8,insufficient,https://x.com/i/status/2104673962592760047
1f0553654fa6ef07237f06cb,urgency,none,0.7415,0.4255,0.8,needs_review,https://x.com/i/status/2104673962592760047
1f0553654fa6ef07237f06cb,promotion,promotional,0.5636,0.1604,0.8,needs_review,https://x.com/i/status/2104673962592760047
1f0553654fa6ef07237f06cb,token_reference,absent,0.7764,0.3754,0.8,needs_review,https://x.com/i/status/2104673962592760047
1f0553654fa6ef07237f06cb,narrative_object,absent,0.7158,0.421,0.8,needs_review,https://x.com/i/status/2104673962592760047
1f0553654fa6ef07237f06cb,context_dependence,dependent,0.376,0.0037,0.8,needs_review,https://x.com/i/status/2104673962592760047
7ac1b731cffedb6009830daf,relevance,insufficient,0.4326,0.0314,0.8,insufficient,https://github.com/palantir/osdk-ts/commit/fddae4ba3e6718be1aef862c6474350f644005d6
7ac1b731cffedb6009830daf,event,technical,0.9686,0.9075,0.8,accepted,https://github.com/palantir/osdk-ts/commit/fddae4ba3e6718be1aef862c6474350f644005d6
7ac1b731cffedb6009830daf,claim,announcement,0.9403,0.8485,0.8,accepted,https://github.com/palantir/osdk-ts/commit/fddae4ba3e6718be1aef862c6474350f644005d6
7ac1b731cffedb6009830daf,tone,insufficient,0.3309,0.0985,0.8,insufficient,https://github.com/palantir/osdk-ts/commit/fddae4ba3e6718be1aef862c6474350f644005d6
7ac1b731cffedb6009830daf,importance,project,0.4505,0.1875,0.8,needs_review,https://github.com/palantir/osdk-ts/commit/fddae4ba3e6718be1aef862c6474350f644005d6
7ac1b731cffedb6009830daf,urgency,none,0.5888,0.2046,0.8,needs_review,https://github.com/palantir/osdk-ts/commit/fddae4ba3e6718be1aef862c6474350f644005d6
7ac1b731cffedb6009830daf,promotion,promotional,0.564,0.1725,0.8,needs_review,https://github.com/palantir/osdk-ts/commit/fddae4ba3e6718be1aef862c6474350f644005d6
7ac1b731cffedb6009830daf,token_reference,absent,0.7598,0.3502,0.8,needs_review,https://github.com/palantir/osdk-ts/commit/fddae4ba3e6718be1aef862c6474350f644005d6
7ac1b731cffedb6009830daf,narrative_object,product,0.679,0.384,0.8,needs_review,https://github.com/palantir/osdk-ts/commit/fddae4ba3e6718be1aef862c6474350f644005d6
7ac1b731cffedb6009830daf,context_dependence,standalone,0.4413,0.0234,0.8,needs_review,https://github.com/palantir/osdk-ts/commit/fddae4ba3e6718be1aef862c6474350f644005d6
f4bcb31c07a3cbb06ead3366,relevance,insufficient,0.6018,0.1435,0.8,insufficient,https://github.com/IBM/simrun/commit/bd748d134debf1f832763a161e46e51d960bb031
f4bcb31c07a3cbb06ead3366,event,technical,0.9606,0.8902,0.8,accepted,https://github.com/IBM/simrun/commit/bd748d134debf1f832763a161e46e51d960bb031
f4bcb31c07a3cbb06ead3366,claim,insufficient,0.4918,0.3016,0.8,insufficient,https://github.com/IBM/simrun/commit/bd748d134debf1f832763a161e46e51d960bb031
f4bcb31c07a3cbb06ead3366,tone,insufficient,0.4032,0.1522,0.8,insufficient,https://github.com/IBM/simrun/commit/bd748d134debf1f832763a161e46e51d960bb031
f4bcb31c07a3cbb06ead3366,importance,insufficient,0.4586,0.1079,0.8,insufficient,https://github.com/IBM/simrun/commit/bd748d134debf1f832763a161e46e51d960bb031
f4bcb31c07a3cbb06ead3366,urgency,none,0.6375,0.3343,0.8,needs_review,https://github.com/IBM/simrun/commit/bd748d134debf1f832763a161e46e51d960bb031
f4bcb31c07a3cbb06ead3366,promotion,insufficient,0.4937,0.1183,0.8,insufficient,https://github.com/IBM/simrun/commit/bd748d134debf1f832763a161e46e51d960bb031
f4bcb31c07a3cbb06ead3366,token_reference,absent,0.8375,0.4951,0.8,accepted,https://github.com/IBM/simrun/commit/bd748d134debf1f832763a161e46e51d960bb031
f4bcb31c07a3cbb06ead3366,narrative_object,absent,0.4329,0.2016,0.8,needs_review,https://github.com/IBM/simrun/commit/bd748d134debf1f832763a161e46e51d960bb031
f4bcb31c07a3cbb06ead3366,context_dependence,insufficient,0.4191,0.0574,0.8,insufficient,https://github.com/IBM/simrun/commit/bd748d134debf1f832763a161e46e51d960bb031
3beef8c72f3393babf0f2ae1,relevance,insufficient,0.4557,0.0313,0.8,insufficient,https://github.com/microsoft/retina/commit/ceaf79b1c3869f919c708c973995da47ed77c86e
3beef8c72f3393babf0f2ae1,event,technical,0.8796,0.7438,0.8,accepted,https://github.com/microsoft/retina/commit/ceaf79b1c3869f919c708c973995da47ed77c86e
3beef8c72f3393babf0f2ae1,claim,correction,0.6407,0.4285,0.8,needs_review,https://github.com/microsoft/retina/commit/ceaf79b1c3869f919c708c973995da47ed77c86e
3beef8c72f3393babf0f2ae1,tone,insufficient,0.3537,0.1391,0.8,insufficient,https://github.com/microsoft/retina/commit/ceaf79b1c3869f919c708c973995da47ed77c86e
3beef8c72f3393babf0f2ae1,importance,routine,0.5729,0.1767,0.8,needs_review,https://github.com/microsoft/retina/commit/ceaf79b1c3869f919c708c973995da47ed77c86e
3beef8c72f3393babf0f2ae1,urgency,none,0.7084,0.3496,0.8,needs_review,https://github.com/microsoft/retina/commit/ceaf79b1c3869f919c708c973995da47ed77c86e
3beef8c72f3393babf0f2ae1,promotion,insufficient,0.3927,0.0477,0.8,insufficient,https://github.com/microsoft/retina/commit/ceaf79b1c3869f919c708c973995da47ed77c86e
3beef8c72f3393babf0f2ae1,token_reference,absent,0.8653,0.5559,0.8,accepted,https://github.com/microsoft/retina/commit/ceaf79b1c3869f919c708c973995da47ed77c86e
3beef8c72f3393babf0f2ae1,narrative_object,absent,0.7811,0.5403,0.8,needs_review,https://github.com/microsoft/retina/commit/ceaf79b1c3869f919c708c973995da47ed77c86e
3beef8c72f3393babf0f2ae1,context_dependence,dependent,0.5,0.103,0.8,needs_review,https://github.com/microsoft/retina/commit/ceaf79b1c3869f919c708c973995da47ed77c86e
c03fa14afbebafa2b1e41819,relevance,insufficient,0.4068,0.03,0.8,insufficient,https://github.com/IBM/ibm-common-service-operator/commit/4c2b2a99616ca1d79ca9eac8c0014f146541e966
c03fa14afbebafa2b1e41819,event,technical,0.9798,0.9346,0.8,accepted,https://github.com/IBM/ibm-common-service-operator/commit/4c2b2a99616ca1d79ca9eac8c0014f146541e966
c03fa14afbebafa2b1e41819,claim,announcement,0.795,0.5765,0.8,needs_review,https://github.com/IBM/ibm-common-service-operator/commit/4c2b2a99616ca1d79ca9eac8c0014f146541e966
c03fa14afbebafa2b1e41819,tone,insufficient,0.337,0.0618,0.8,insufficient,https://github.com/IBM/ibm-common-service-operator/commit/4c2b2a99616ca1d79ca9eac8c0014f146541e966
c03fa14afbebafa2b1e41819,importance,routine,0.3864,0.1046,0.8,needs_review,https://github.com/IBM/ibm-common-service-operator/commit/4c2b2a99616ca1d79ca9eac8c0014f146541e966
c03fa14afbebafa2b1e41819,urgency,none,0.4967,0.1364,0.8,needs_review,https://github.com/IBM/ibm-common-service-operator/commit/4c2b2a99616ca1d79ca9eac8c0014f146541e966
c03fa14afbebafa2b1e41819,promotion,insufficient,0.3379,0.0234,0.8,insufficient,https://github.com/IBM/ibm-common-service-operator/commit/4c2b2a99616ca1d79ca9eac8c0014f146541e966
c03fa14afbebafa2b1e41819,token_reference,absent,0.8488,0.5188,0.8,accepted,https://github.com/IBM/ibm-common-service-operator/commit/4c2b2a99616ca1d79ca9eac8c0014f146541e966
c03fa14afbebafa2b1e41819,narrative_object,product,0.5632,0.3232,0.8,needs_review,https://github.com/IBM/ibm-common-service-operator/commit/4c2b2a99616ca1d79ca9eac8c0014f146541e966
c03fa14afbebafa2b1e41819,context_dependence,standalone,0.4618,0.0332,0.8,needs_review,https://github.com/IBM/ibm-common-service-operator/commit/4c2b2a99616ca1d79ca9eac8c0014f146541e966
0994402fd914acc1a8c6840b,relevance,insufficient,0.3845,0.0084,0.8,insufficient,https://x.com/i/status/2104673648376463622
0994402fd914acc1a8c6840b,event,launch,0.9959,0.9841,0.8,accepted,https://x.com/i/status/2104673648376463622
0994402fd914acc1a8c6840b,claim,announcement,0.9968,0.9863,0.8,accepted,https://x.com/i/status/2104673648376463622
0994402fd914acc1a8c6840b,tone,insufficient,0.3184,0.0858,0.8,insufficient,https://x.com/i/status/2104673648376463622
0994402fd914acc1a8c6840b,importance,insufficient,0.3706,0.0582,0.8,insufficient,https://x.com/i/status/2104673648376463622
0994402fd914acc1a8c6840b,urgency,none,0.7441,0.3895,0.8,needs_review,https://x.com/i/status/2104673648376463622
0994402fd914acc1a8c6840b,promotion,promotional,0.8386,0.5545,0.8,accepted,https://x.com/i/status/2104673648376463622
0994402fd914acc1a8c6840b,token_reference,explicit,0.58,0.121,0.8,needs_review,https://x.com/i/status/2104673648376463622
0994402fd914acc1a8c6840b,narrative_object,absent,0.7743,0.505,0.8,needs_review,https://x.com/i/status/2104673648376463622
0994402fd914acc1a8c6840b,context_dependence,standalone,0.4966,0.0683,0.8,needs_review,https://x.com/i/status/2104673648376463622
a61214bfd32c71283d0909eb,relevance,insufficient,0.4715,0.0429,0.8,insufficient,https://x.com/i/status/2104673858532119001
a61214bfd32c71283d0909eb,event,launch,0.95,0.8893,0.8,accepted,https://x.com/i/status/2104673858532119001
a61214bfd32c71283d0909eb,claim,announcement,0.9744,0.9148,0.8,accepted,https://x.com/i/status/2104673858532119001
a61214bfd32c71283d0909eb,tone,insufficient,0.3494,0.0664,0.8,insufficient,https://x.com/i/status/2104673858532119001
a61214bfd32c71283d0909eb,importance,project,0.3383,0.0493,0.8,needs_review,https://x.com/i/status/2104673858532119001
a61214bfd32c71283d0909eb,urgency,none,0.5191,0.1213,0.8,needs_review,https://x.com/i/status/2104673858532119001
a61214bfd32c71283d0909eb,promotion,promotional,0.5255,0.1283,0.8,needs_review,https://x.com/i/status/2104673858532119001
a61214bfd32c71283d0909eb,token_reference,explicit,0.472,0.0564,0.8,needs_review,https://x.com/i/status/2104673858532119001
a61214bfd32c71283d0909eb,narrative_object,product,0.6689,0.3923,0.8,needs_review,https://x.com/i/status/2104673858532119001
a61214bfd32c71283d0909eb,context_dependence,standalone,0.3965,0.0107,0.8,needs_review,https://x.com/i/status/2104673858532119001
38be76e3f001de3565203060,relevance,informative,0.5065,0.1185,0.8,needs_review,https://x.com/i/status/2104672826859110435
38be76e3f001de3565203060,event,technical,0.5685,0.3192,0.8,needs_review,https://x.com/i/status/2104672826859110435
38be76e3f001de3565203060,claim,announcement,0.4786,0.2276,0.8,needs_review,https://x.com/i/status/2104672826859110435
38be76e3f001de3565203060,tone,negative,0.315,0.0802,0.8,needs_review,https://x.com/i/status/2104672826859110435
38be76e3f001de3565203060,importance,insufficient,0.4526,0.0744,0.8,insufficient,https://x.com/i/status/2104672826859110435
38be76e3f001de3565203060,urgency,none,0.5957,0.268,0.8,needs_review,https://x.com/i/status/2104672826859110435
38be76e3f001de3565203060,promotion,informational,0.4247,0.0751,0.8,needs_review,https://x.com/i/status/2104672826859110435
38be76e3f001de3565203060,token_reference,absent,0.8102,0.4394,0.8,accepted,https://x.com/i/status/2104672826859110435
38be76e3f001de3565203060,narrative_object,cultural,0.3751,0.1044,0.8,needs_review,https://x.com/i/status/2104672826859110435
38be76e3f001de3565203060,context_dependence,standalone,0.3806,0.0095,0.8,needs_review,https://x.com/i/status/2104672826859110435
c3d220a44f57a6eda21c396a,relevance,insufficient,0.6398,0.1901,0.8,insufficient,https://x.com/i/status/2104294676694171722
c3d220a44f57a6eda21c396a,event,other,0.5979,0.3189,0.8,needs_review,https://x.com/i/status/2104294676694171722
c3d220a44f57a6eda21c396a,claim,announcement,0.3886,0.2071,0.8,needs_review,https://x.com/i/status/2104294676694171722
c3d220a44f57a6eda21c396a,tone,neutral,0.4185,0.1717,0.8,needs_review,https://x.com/i/status/2104294676694171722
c3d220a44f57a6eda21c396a,importance,insufficient,0.8252,0.5304,0.8,insufficient,https://x.com/i/status/2104294676694171722
c3d220a44f57a6eda21c396a,urgency,none,0.6842,0.38,0.8,needs_review,https://x.com/i/status/2104294676694171722
c3d220a44f57a6eda21c396a,promotion,informational,0.4602,0.1057,0.8,needs_review,https://x.com/i/status/2104294676694171722
c3d220a44f57a6eda21c396a,token_reference,absent,0.8258,0.4693,0.8,accepted,https://x.com/i/status/2104294676694171722
c3d220a44f57a6eda21c396a,narrative_object,absent,0.6607,0.3886,0.8,needs_review,https://x.com/i/status/2104294676694171722
c3d220a44f57a6eda21c396a,context_dependence,insufficient,0.4318,0.0301,0.8,insufficient,https://x.com/i/status/2104294676694171722
182c274a171d6e2b2e132cdd,relevance,insufficient,0.6322,0.1853,0.8,needs_review,https://x.com/i/status/2104673824373457150
182c274a171d6e2b2e132cdd,event,technical,0.4173,0.2117,0.8,needs_review,https://x.com/i/status/2104673824373457150
182c274a171d6e2b2e132cdd,claim,insufficient,0.4031,0.1832,0.8,needs_review,https://x.com/i/status/2104673824373457150
182c274a171d6e2b2e132cdd,tone,negative,0.6655,0.3497,0.8,needs_review,https://x.com/i/status/2104673824373457150
182c274a171d6e2b2e132cdd,importance,insufficient,0.6366,0.245,0.8,needs_review,https://x.com/i/status/2104673824373457150
182c274a171d6e2b2e132cdd,urgency,none,0.6476,0.3838,0.8,needs_review,https://x.com/i/status/2104673824373457150
182c274a171d6e2b2e132cdd,promotion,insufficient,0.442,0.0896,0.8,needs_review,https://x.com/i/status/2104673824373457150
182c274a171d6e2b2e132cdd,token_reference,absent,0.8136,0.4472,0.8,needs_review,https://x.com/i/status/2104673824373457150
182c274a171d6e2b2e132cdd,narrative_object,absent,0.8229,0.5805,0.8,needs_review,https://x.com/i/status/2104673824373457150
182c274a171d6e2b2e132cdd,context_dependence,insufficient,0.396,0.0144,0.8,needs_review,https://x.com/i/status/2104673824373457150
944c4d7ef6d45b2502be07a8,relevance,informative,0.4088,0.0397,0.8,needs_review,https://x.com/i/status/2104673799731884463
944c4d7ef6d45b2502be07a8,event,partnership,0.5801,0.4708,0.8,needs_review,https://x.com/i/status/2104673799731884463
944c4d7ef6d45b2502be07a8,claim,announcement,0.9952,0.9791,0.8,accepted,https://x.com/i/status/2104673799731884463
944c4d7ef6d45b2502be07a8,tone,insufficient,0.3371,0.085,0.8,insufficient,https://x.com/i/status/2104673799731884463
944c4d7ef6d45b2502be07a8,importance,project,0.3674,0.0577,0.8,needs_review,https://x.com/i/status/2104673799731884463
944c4d7ef6d45b2502be07a8,urgency,none,0.3294,0.0401,0.8,needs_review,https://x.com/i/status/2104673799731884463
944c4d7ef6d45b2502be07a8,promotion,promotional,0.8867,0.6558,0.8,accepted,https://x.com/i/status/2104673799731884463
944c4d7ef6d45b2502be07a8,token_reference,absent,0.5542,0.0949,0.8,needs_review,https://x.com/i/status/2104673799731884463
944c4d7ef6d45b2502be07a8,narrative_object,absent,0.4849,0.1272,0.8,needs_review,https://x.com/i/status/2104673799731884463
944c4d7ef6d45b2502be07a8,context_dependence,standalone,0.4449,0.0325,0.8,needs_review,https://x.com/i/status/2104673799731884463
697d37681a8d61f31031d095,relevance,insufficient,0.4526,0.0697,0.8,insufficient,https://x.com/i/status/2104673798167707679
697d37681a8d61f31031d095,event,launch,0.8438,0.7144,0.8,accepted,https://x.com/i/status/2104673798167707679
697d37681a8d61f31031d095,claim,announcement,0.9036,0.7539,0.8,accepted,https://x.com/i/status/2104673798167707679
697d37681a8d61f31031d095,tone,positive,0.3152,0.061,0.8,needs_review,https://x.com/i/status/2104673798167707679
697d37681a8d61f31031d095,importance,project,0.5364,0.1646,0.8,needs_review,https://x.com/i/status/2104673798167707679
697d37681a8d61f31031d095,urgency,scheduled,0.4903,0.107,0.8,needs_review,https://x.com/i/status/2104673798167707679
697d37681a8d61f31031d095,promotion,promotional,0.3757,0.0379,0.8,needs_review,https://x.com/i/status/2104673798167707679
697d37681a8d61f31031d095,token_reference,absent,0.7097,0.2698,0.8,needs_review,https://x.com/i/status/2104673798167707679
697d37681a8d61f31031d095,narrative_object,product,0.4935,0.1955,0.8,needs_review,https://x.com/i/status/2104673798167707679
697d37681a8d61f31031d095,context_dependence,dependent,0.4785,0.041,0.8,needs_review,https://x.com/i/status/2104673798167707679
5c7c57b43b9ac1fb7471bf48,relevance,insufficient,0.5357,0.0786,0.8,needs_review,https://x.com/i/status/2104673772938944593
5c7c57b43b9ac1fb7471bf48,event,technical,0.5664,0.3604,0.8,needs_review,https://x.com/i/status/2104673772938944593
5c7c57b43b9ac1fb7471bf48,claim,announcement,0.8001,0.59,0.8,needs_review,https://x.com/i/status/2104673772938944593
5c7c57b43b9ac1fb7471bf48,tone,positive,0.2675,0.0157,0.8,needs_review,https://x.com/i/status/2104673772938944593
5c7c57b43b9ac1fb7471bf48,importance,insufficient,0.5224,0.1348,0.8,needs_review,https://x.com/i/status/2104673772938944593
5c7c57b43b9ac1fb7471bf48,urgency,none,0.6269,0.2934,0.8,needs_review,https://x.com/i/status/2104673772938944593
5c7c57b43b9ac1fb7471bf48,promotion,insufficient,0.3169,0.012,0.8,needs_review,https://x.com/i/status/2104673772938944593
5c7c57b43b9ac1fb7471bf48,token_reference,absent,0.7502,0.3367,0.8,needs_review,https://x.com/i/status/2104673772938944593
5c7c57b43b9ac1fb7471bf48,narrative_object,absent,0.6021,0.27,0.8,needs_review,https://x.com/i/status/2104673772938944593
5c7c57b43b9ac1fb7471bf48,context_dependence,insufficient,0.4897,0.0533,0.8,needs_review,https://x.com/i/status/2104673772938944593
992c416fc96408b1a7c4a084,relevance,insufficient,0.6094,0.1686,0.8,insufficient,https://x.com/i/status/2104673760100167863
992c416fc96408b1a7c4a084,event,technical,0.7253,0.5919,0.8,needs_review,https://x.com/i/status/2104673760100167863
992c416fc96408b1a7c4a084,claim,insufficient,0.6502,0.3679,0.8,insufficient,https://x.com/i/status/2104673760100167863
992c416fc96408b1a7c4a084,tone,insufficient,0.6494,0.3145,0.8,insufficient,https://x.com/i/status/2104673760100167863
992c416fc96408b1a7c4a084,importance,insufficient,0.9472,0.8131,0.8,insufficient,https://x.com/i/status/2104673760100167863
992c416fc96408b1a7c4a084,urgency,none,0.792,0.574,0.8,needs_review,https://x.com/i/status/2104673760100167863
992c416fc96408b1a7c4a084,promotion,insufficient,0.8872,0.6706,0.8,insufficient,https://x.com/i/status/2104673760100167863
992c416fc96408b1a7c4a084,token_reference,absent,0.8442,0.554,0.8,accepted,https://x.com/i/status/2104673760100167863
992c416fc96408b1a7c4a084,narrative_object,product,0.8432,0.7097,0.8,accepted,https://x.com/i/status/2104673760100167863
992c416fc96408b1a7c4a084,context_dependence,insufficient,0.5278,0.08,0.8,insufficient,https://x.com/i/status/2104673760100167863
7dc31f3f95d7ec3482f4b878,relevance,insufficient,0.5095,0.1657,0.8,insufficient,https://github.com/aws/agent-toolkit-for-aws/commit/2815d05b81ecf1c5bfea1679e91bbbfce7e59b2e
7dc31f3f95d7ec3482f4b878,event,technical,0.7998,0.6407,0.8,needs_review,https://github.com/aws/agent-toolkit-for-aws/commit/2815d05b81ecf1c5bfea1679e91bbbfce7e59b2e
7dc31f3f95d7ec3482f4b878,claim,correction,0.5385,0.4914,0.8,needs_review,https://github.com/aws/agent-toolkit-for-aws/commit/2815d05b81ecf1c5bfea1679e91bbbfce7e59b2e
7dc31f3f95d7ec3482f4b878,tone,insufficient,0.5011,0.1825,0.8,insufficient,https://github.com/aws/agent-toolkit-for-aws/commit/2815d05b81ecf1c5bfea1679e91bbbfce7e59b2e
7dc31f3f95d7ec3482f4b878,importance,insufficient,0.6244,0.2658,0.8,insufficient,https://github.com/aws/agent-toolkit-for-aws/commit/2815d05b81ecf1c5bfea1679e91bbbfce7e59b2e
7dc31f3f95d7ec3482f4b878,urgency,none,0.6903,0.4043,0.8,needs_review,https://github.com/aws/agent-toolkit-for-aws/commit/2815d05b81ecf1c5bfea1679e91bbbfce7e59b2e
7dc31f3f95d7ec3482f4b878,promotion,insufficient,0.7761,0.4424,0.8,insufficient,https://github.com/aws/agent-toolkit-for-aws/commit/2815d05b81ecf1c5bfea1679e91bbbfce7e59b2e
7dc31f3f95d7ec3482f4b878,token_reference,absent,0.8585,0.5396,0.8,accepted,https://github.com/aws/agent-toolkit-for-aws/commit/2815d05b81ecf1c5bfea1679e91bbbfce7e59b2e
7dc31f3f95d7ec3482f4b878,narrative_object,absent,0.7786,0.5244,0.8,needs_review,https://github.com/aws/agent-toolkit-for-aws/commit/2815d05b81ecf1c5bfea1679e91bbbfce7e59b2e
7dc31f3f95d7ec3482f4b878,context_dependence,standalone,0.5197,0.1451,0.8,needs_review,https://github.com/aws/agent-toolkit-for-aws/commit/2815d05b81ecf1c5bfea1679e91bbbfce7e59b2e
2e037d8f9603f76387029df6,relevance,insufficient,0.5284,0.076,0.8,needs_review,https://x.com/i/status/2103965182942654690
2e037d8f9603f76387029df6,event,incident,0.7051,0.511,0.8,needs_review,https://x.com/i/status/2103965182942654690
2e037d8f9603f76387029df6,claim,insufficient,0.4803,0.2496,0.8,needs_review,https://x.com/i/status/2103965182942654690
2e037d8f9603f76387029df6,tone,insufficient,0.3047,0.1288,0.8,needs_review,https://x.com/i/status/2103965182942654690
2e037d8f9603f76387029df6,importance,insufficient,0.546,0.1747,0.8,needs_review,https://x.com/i/status/2103965182942654690
2e037d8f9603f76387029df6,urgency,none,0.5502,0.174,0.8,needs_review,https://x.com/i/status/2103965182942654690
2e037d8f9603f76387029df6,promotion,insufficient,0.529,0.1356,0.8,needs_review,https://x.com/i/status/2103965182942654690
2e037d8f9603f76387029df6,token_reference,absent,0.8102,0.4385,0.8,needs_review,https://x.com/i/status/2103965182942654690
2e037d8f9603f76387029df6,narrative_object,absent,0.7203,0.4212,0.8,needs_review,https://x.com/i/status/2103965182942654690
2e037d8f9603f76387029df6,context_dependence,standalone,0.5263,0.082,0.8,needs_review,https://x.com/i/status/2103965182942654690
ccfcf06d7fcbd4a9d49d9686,relevance,informative,0.5192,0.0934,0.8,needs_review,https://github.com/palantir/osdk-ts/commit/f2e05919c93ad8bd0d3c43033df552e50d0ff74b
ccfcf06d7fcbd4a9d49d9686,event,technical,0.9713,0.9185,0.8,accepted,https://github.com/palantir/osdk-ts/commit/f2e05919c93ad8bd0d3c43033df552e50d0ff74b
ccfcf06d7fcbd4a9d49d9686,claim,insufficient,0.2717,0.074,0.8,insufficient,https://github.com/palantir/osdk-ts/commit/f2e05919c93ad8bd0d3c43033df552e50d0ff74b
ccfcf06d7fcbd4a9d49d9686,tone,neutral,0.311,0.0512,0.8,needs_review,https://github.com/palantir/osdk-ts/commit/f2e05919c93ad8bd0d3c43033df552e50d0ff74b
ccfcf06d7fcbd4a9d49d9686,importance,routine,0.3167,0.0217,0.8,needs_review,https://github.com/palantir/osdk-ts/commit/f2e05919c93ad8bd0d3c43033df552e50d0ff74b
ccfcf06d7fcbd4a9d49d9686,urgency,none,0.5207,0.1669,0.8,needs_review,https://github.com/palantir/osdk-ts/commit/f2e05919c93ad8bd0d3c43033df552e50d0ff74b
ccfcf06d7fcbd4a9d49d9686,promotion,insufficient,0.3902,0.0371,0.8,insufficient,https://github.com/palantir/osdk-ts/commit/f2e05919c93ad8bd0d3c43033df552e50d0ff74b
ccfcf06d7fcbd4a9d49d9686,token_reference,absent,0.8876,0.6108,0.8,accepted,https://github.com/palantir/osdk-ts/commit/f2e05919c93ad8bd0d3c43033df552e50d0ff74b
ccfcf06d7fcbd4a9d49d9686,narrative_object,product,0.5239,0.2622,0.8,needs_review,https://github.com/palantir/osdk-ts/commit/f2e05919c93ad8bd0d3c43033df552e50d0ff74b
ccfcf06d7fcbd4a9d49d9686,context_dependence,standalone,0.3561,0.0033,0.8,needs_review,https://github.com/palantir/osdk-ts/commit/f2e05919c93ad8bd0d3c43033df552e50d0ff74b
fde4231c50e540e9abe1af76,relevance,insufficient,0.4411,0.0405,0.8,insufficient,https://github.com/microsoft/vscode/commit/dcd147595e48d9bdb0de5c58b408198cadde4266
fde4231c50e540e9abe1af76,event,technical,0.9923,0.9707,0.8,accepted,https://github.com/microsoft/vscode/commit/dcd147595e48d9bdb0de5c58b408198cadde4266
fde4231c50e540e9abe1af76,claim,correction,0.8074,0.5869,0.8,accepted,https://github.com/microsoft/vscode/commit/dcd147595e48d9bdb0de5c58b408198cadde4266
fde4231c50e540e9abe1af76,tone,neutral,0.308,0.0258,0.8,needs_review,https://github.com/microsoft/vscode/commit/dcd147595e48d9bdb0de5c58b408198cadde4266
fde4231c50e540e9abe1af76,importance,project,0.3739,0.0593,0.8,needs_review,https://github.com/microsoft/vscode/commit/dcd147595e48d9bdb0de5c58b408198cadde4266
fde4231c50e540e9abe1af76,urgency,none,0.6442,0.2924,0.8,needs_review,https://github.com/microsoft/vscode/commit/dcd147595e48d9bdb0de5c58b408198cadde4266
fde4231c50e540e9abe1af76,promotion,informational,0.3912,0.0629,0.8,needs_review,https://github.com/microsoft/vscode/commit/dcd147595e48d9bdb0de5c58b408198cadde4266
fde4231c50e540e9abe1af76,token_reference,absent,0.7995,0.4192,0.8,needs_review,https://github.com/microsoft/vscode/commit/dcd147595e48d9bdb0de5c58b408198cadde4266
fde4231c50e540e9abe1af76,narrative_object,absent,0.315,0.0969,0.8,needs_review,https://github.com/microsoft/vscode/commit/dcd147595e48d9bdb0de5c58b408198cadde4266
fde4231c50e540e9abe1af76,context_dependence,standalone,0.4214,0.0153,0.8,needs_review,https://github.com/microsoft/vscode/commit/dcd147595e48d9bdb0de5c58b408198cadde4266
18cc45c4f590eff125061530,relevance,noise,0.4438,0.0823,0.8,needs_review,https://x.com/i/status/2104670285203157355
18cc45c4f590eff125061530,event,incident,0.8161,0.6352,0.8,needs_review,https://x.com/i/status/2104670285203157355
18cc45c4f590eff125061530,claim,insufficient,0.3586,0.1689,0.8,needs_review,https://x.com/i/status/2104670285203157355
18cc45c4f590eff125061530,tone,negative,0.5065,0.1939,0.8,needs_review,https://x.com/i/status/2104670285203157355
18cc45c4f590eff125061530,importance,insufficient,0.6414,0.2588,0.8,needs_review,https://x.com/i/status/2104670285203157355
18cc45c4f590eff125061530,urgency,none,0.6842,0.325,0.8,needs_review,https://x.com/i/status/2104670285203157355
18cc45c4f590eff125061530,promotion,insufficient,0.4691,0.0895,0.8,needs_review,https://x.com/i/status/2104670285203157355
18cc45c4f590eff125061530,token_reference,absent,0.8295,0.4784,0.8,needs_review,https://x.com/i/status/2104670285203157355
18cc45c4f590eff125061530,narrative_object,absent,0.9092,0.7446,0.8,needs_review,https://x.com/i/status/2104670285203157355
18cc45c4f590eff125061530,context_dependence,standalone,0.5136,0.0744,0.8,needs_review,https://x.com/i/status/2104670285203157355
b063fbcbc489ccda15844f88,relevance,informative,0.6345,0.1783,0.8,needs_review,https://x.com/i/status/2104673591120056365
b063fbcbc489ccda15844f88,event,technical,0.7564,0.538,0.8,needs_review,https://x.com/i/status/2104673591120056365
b063fbcbc489ccda15844f88,claim,announcement,0.982,0.941,0.8,needs_review,https://x.com/i/status/2104673591120056365
b063fbcbc489ccda15844f88,tone,insufficient,0.3177,0.052,0.8,needs_review,https://x.com/i/status/2104673591120056365
b063fbcbc489ccda15844f88,importance,project,0.3855,0.0928,0.8,needs_review,https://x.com/i/status/2104673591120056365
b063fbcbc489ccda15844f88,urgency,none,0.4502,0.1298,0.8,needs_review,https://x.com/i/status/2104673591120056365
b063fbcbc489ccda15844f88,promotion,insufficient,0.2956,0.0075,0.8,needs_review,https://x.com/i/status/2104673591120056365
b063fbcbc489ccda15844f88,token_reference,absent,0.5486,0.1767,0.8,needs_review,https://x.com/i/status/2104673591120056365
b063fbcbc489ccda15844f88,narrative_object,absent,0.5032,0.1588,0.8,needs_review,https://x.com/i/status/2104673591120056365
b063fbcbc489ccda15844f88,context_dependence,standalone,0.5935,0.1945,0.8,needs_review,https://x.com/i/status/2104673591120056365
6566da09f1f788e41dfc39f4,relevance,insufficient,0.4732,0.0605,0.8,insufficient,https://github.com/google/filament/commit/41492f8725473a628a468a315135d205358d1461
6566da09f1f788e41dfc39f4,event,technical,0.9833,0.9461,0.8,accepted,https://github.com/google/filament/commit/41492f8725473a628a468a315135d205358d1461
6566da09f1f788e41dfc39f4,claim,insufficient,0.2991,0.1186,0.8,insufficient,https://github.com/google/filament/commit/41492f8725473a628a468a315135d205358d1461
6566da09f1f788e41dfc39f4,tone,insufficient,0.4414,0.1711,0.8,insufficient,https://github.com/google/filament/commit/41492f8725473a628a468a315135d205358d1461
6566da09f1f788e41dfc39f4,importance,project,0.5082,0.1447,0.8,needs_review,https://github.com/google/filament/commit/41492f8725473a628a468a315135d205358d1461
6566da09f1f788e41dfc39f4,urgency,none,0.532,0.1793,0.8,needs_review,https://github.com/google/filament/commit/41492f8725473a628a468a315135d205358d1461
6566da09f1f788e41dfc39f4,promotion,insufficient,0.5005,0.1204,0.8,insufficient,https://github.com/google/filament/commit/41492f8725473a628a468a315135d205358d1461
6566da09f1f788e41dfc39f4,token_reference,absent,0.8654,0.5566,0.8,accepted,https://github.com/google/filament/commit/41492f8725473a628a468a315135d205358d1461
6566da09f1f788e41dfc39f4,narrative_object,absent,0.6674,0.3792,0.8,needs_review,https://github.com/google/filament/commit/41492f8725473a628a468a315135d205358d1461
6566da09f1f788e41dfc39f4,context_dependence,standalone,0.4022,0.0276,0.8,needs_review,https://github.com/google/filament/commit/41492f8725473a628a468a315135d205358d1461
234ae50cd008f99bd65cb276,relevance,insufficient,0.4245,0.0516,0.8,insufficient,https://github.com/microsoft/vscode-cpptools/commit/cd6dcc873ef2de888ef35b750a944267b87ebdc5
234ae50cd008f99bd65cb276,event,technical,0.8447,0.6592,0.8,accepted,https://github.com/microsoft/vscode-cpptools/commit/cd6dcc873ef2de888ef35b750a944267b87ebdc5
234ae50cd008f99bd65cb276,claim,insufficient,0.3469,0.2077,0.8,insufficient,https://github.com/microsoft/vscode-cpptools/commit/cd6dcc873ef2de888ef35b750a944267b87ebdc5
234ae50cd008f99bd65cb276,tone,neutral,0.4021,0.1188,0.8,needs_review,https://github.com/microsoft/vscode-cpptools/commit/cd6dcc873ef2de888ef35b750a944267b87ebdc5
234ae50cd008f99bd65cb276,importance,insufficient,0.3818,0.0623,0.8,insufficient,https://github.com/microsoft/vscode-cpptools/commit/cd6dcc873ef2de888ef35b750a944267b87ebdc5
234ae50cd008f99bd65cb276,urgency,none,0.5703,0.1846,0.8,needs_review,https://github.com/microsoft/vscode-cpptools/commit/cd6dcc873ef2de888ef35b750a944267b87ebdc5
234ae50cd008f99bd65cb276,promotion,informational,0.4289,0.1122,0.8,needs_review,https://github.com/microsoft/vscode-cpptools/commit/cd6dcc873ef2de888ef35b750a944267b87ebdc5
234ae50cd008f99bd65cb276,token_reference,absent,0.8517,0.5254,0.8,accepted,https://github.com/microsoft/vscode-cpptools/commit/cd6dcc873ef2de888ef35b750a944267b87ebdc5
234ae50cd008f99bd65cb276,narrative_object,person,0.4759,0.1813,0.8,needs_review,https://github.com/microsoft/vscode-cpptools/commit/cd6dcc873ef2de888ef35b750a944267b87ebdc5
234ae50cd008f99bd65cb276,context_dependence,standalone,0.5033,0.0606,0.8,needs_review,https://github.com/microsoft/vscode-cpptools/commit/cd6dcc873ef2de888ef35b750a944267b87ebdc5
e4984def2924617dc7203679,relevance,insufficient,0.7519,0.3717,0.8,insufficient,https://github.com/microsoft/garnet/commit/a8ca281fb42102b9a8dbbd7536e3a059a5c559ab
e4984def2924617dc7203679,event,technical,0.9225,0.8389,0.8,accepted,https://github.com/microsoft/garnet/commit/a8ca281fb42102b9a8dbbd7536e3a059a5c559ab
e4984def2924617dc7203679,claim,insufficient,0.6906,0.5191,0.8,insufficient,https://github.com/microsoft/garnet/commit/a8ca281fb42102b9a8dbbd7536e3a059a5c559ab
e4984def2924617dc7203679,tone,insufficient,0.7607,0.5096,0.8,insufficient,https://github.com/microsoft/garnet/commit/a8ca281fb42102b9a8dbbd7536e3a059a5c559ab
e4984def2924617dc7203679,importance,insufficient,0.3795,0.0958,0.8,insufficient,https://github.com/microsoft/garnet/commit/a8ca281fb42102b9a8dbbd7536e3a059a5c559ab
e4984def2924617dc7203679,urgency,none,0.7291,0.5092,0.8,needs_review,https://github.com/microsoft/garnet/commit/a8ca281fb42102b9a8dbbd7536e3a059a5c559ab
e4984def2924617dc7203679,promotion,insufficient,0.9798,0.915,0.8,insufficient,https://github.com/microsoft/garnet/commit/a8ca281fb42102b9a8dbbd7536e3a059a5c559ab
e4984def2924617dc7203679,token_reference,absent,0.8179,0.4534,0.8,accepted,https://github.com/microsoft/garnet/commit/a8ca281fb42102b9a8dbbd7536e3a059a5c559ab
e4984def2924617dc7203679,narrative_object,product,0.6428,0.4089,0.8,needs_review,https://github.com/microsoft/garnet/commit/a8ca281fb42102b9a8dbbd7536e3a059a5c559ab
e4984def2924617dc7203679,context_dependence,insufficient,0.6616,0.2041,0.8,insufficient,https://github.com/microsoft/garnet/commit/a8ca281fb42102b9a8dbbd7536e3a059a5c559ab
e52285f52ee2f8dca00c7a2b,relevance,informative,0.4671,0.0587,0.8,needs_review,https://github.com/microsoft/ox-tools/commit/1702b4603fb9f1b345dafa21035229d68074ecd9
e52285f52ee2f8dca00c7a2b,event,technical,0.9766,0.9375,0.8,accepted,https://github.com/microsoft/ox-tools/commit/1702b4603fb9f1b345dafa21035229d68074ecd9
e52285f52ee2f8dca00c7a2b,claim,announcement,0.6371,0.3882,0.8,needs_review,https://github.com/microsoft/ox-tools/commit/1702b4603fb9f1b345dafa21035229d68074ecd9
e52285f52ee2f8dca00c7a2b,tone,positive,0.2651,0.0185,0.8,needs_review,https://github.com/microsoft/ox-tools/commit/1702b4603fb9f1b345dafa21035229d68074ecd9
e52285f52ee2f8dca00c7a2b,importance,routine,0.4377,0.1904,0.8,needs_review,https://github.com/microsoft/ox-tools/commit/1702b4603fb9f1b345dafa21035229d68074ecd9
e52285f52ee2f8dca00c7a2b,urgency,none,0.4274,0.1604,0.8,needs_review,https://github.com/microsoft/ox-tools/commit/1702b4603fb9f1b345dafa21035229d68074ecd9
e52285f52ee2f8dca00c7a2b,promotion,insufficient,0.3065,0.0076,0.8,insufficient,https://github.com/microsoft/ox-tools/commit/1702b4603fb9f1b345dafa21035229d68074ecd9
e52285f52ee2f8dca00c7a2b,token_reference,absent,0.8691,0.5646,0.8,accepted,https://github.com/microsoft/ox-tools/commit/1702b4603fb9f1b345dafa21035229d68074ecd9
e52285f52ee2f8dca00c7a2b,narrative_object,product,0.6204,0.3453,0.8,needs_review,https://github.com/microsoft/ox-tools/commit/1702b4603fb9f1b345dafa21035229d68074ecd9
e52285f52ee2f8dca00c7a2b,context_dependence,standalone,0.5515,0.091,0.8,needs_review,https://github.com/microsoft/ox-tools/commit/1702b4603fb9f1b345dafa21035229d68074ecd9
4afce39d6195d00aafad9c69,relevance,insufficient,0.4044,0.0335,0.8,needs_review,https://x.com/i/status/2104673504448942260
4afce39d6195d00aafad9c69,event,other,0.5239,0.2784,0.8,needs_review,https://x.com/i/status/2104673504448942260
4afce39d6195d00aafad9c69,claim,announcement,0.7423,0.4949,0.8,needs_review,https://x.com/i/status/2104673504448942260
4afce39d6195d00aafad9c69,tone,neutral,0.3254,0.0704,0.8,needs_review,https://x.com/i/status/2104673504448942260
4afce39d6195d00aafad9c69,importance,insufficient,0.4787,0.0966,0.8,needs_review,https://x.com/i/status/2104673504448942260
4afce39d6195d00aafad9c69,urgency,none,0.6072,0.2109,0.8,needs_review,https://x.com/i/status/2104673504448942260
4afce39d6195d00aafad9c69,promotion,promotional,0.6373,0.2403,0.8,needs_review,https://x.com/i/status/2104673504448942260
4afce39d6195d00aafad9c69,token_reference,absent,0.7271,0.2945,0.8,needs_review,https://x.com/i/status/2104673504448942260
4afce39d6195d00aafad9c69,narrative_object,absent,0.4203,0.1333,0.8,needs_review,https://x.com/i/status/2104673504448942260
4afce39d6195d00aafad9c69,context_dependence,standalone,0.4385,0.0333,0.8,needs_review,https://x.com/i/status/2104673504448942260
8c0a0ec828c40e71c4e6f9b2,relevance,insufficient,0.4088,0.021,0.8,needs_review,https://x.com/i/status/2104673500262814176
8c0a0ec828c40e71c4e6f9b2,event,technical,0.8795,0.7175,0.8,needs_review,https://x.com/i/status/2104673500262814176
8c0a0ec828c40e71c4e6f9b2,claim,announcement,0.7292,0.4681,0.8,needs_review,https://x.com/i/status/2104673500262814176
8c0a0ec828c40e71c4e6f9b2,tone,neutral,0.2793,0.0306,0.8,needs_review,https://x.com/i/status/2104673500262814176
8c0a0ec828c40e71c4e6f9b2,importance,project,0.4553,0.0825,0.8,needs_review,https://x.com/i/status/2104673500262814176
8c0a0ec828c40e71c4e6f9b2,urgency,none,0.5153,0.1454,0.8,needs_review,https://x.com/i/status/2104673500262814176
8c0a0ec828c40e71c4e6f9b2,promotion,promotional,0.4591,0.0812,0.8,needs_review,https://x.com/i/status/2104673500262814176
8c0a0ec828c40e71c4e6f9b2,token_reference,absent,0.5327,0.0774,0.8,needs_review,https://x.com/i/status/2104673500262814176
8c0a0ec828c40e71c4e6f9b2,narrative_object,product,0.3372,0.1362,0.8,needs_review,https://x.com/i/status/2104673500262814176
8c0a0ec828c40e71c4e6f9b2,context_dependence,dependent,0.4799,0.0418,0.8,needs_review,https://x.com/i/status/2104673500262814176
79eeab1b210af1b885c245b7,relevance,insufficient,0.5908,0.1285,0.8,insufficient,https://github.com/NVIDIA/NemoClaw/commit/a0ebfea90e0eedea793cf5e821dca00b5e3be587
79eeab1b210af1b885c245b7,event,technical,0.9415,0.8474,0.8,accepted,https://github.com/NVIDIA/NemoClaw/commit/a0ebfea90e0eedea793cf5e821dca00b5e3be587
79eeab1b210af1b885c245b7,claim,insufficient,0.7214,0.4538,0.8,insufficient,https://github.com/NVIDIA/NemoClaw/commit/a0ebfea90e0eedea793cf5e821dca00b5e3be587
79eeab1b210af1b885c245b7,tone,insufficient,0.4577,0.181,0.8,insufficient,https://github.com/NVIDIA/NemoClaw/commit/a0ebfea90e0eedea793cf5e821dca00b5e3be587
79eeab1b210af1b885c245b7,importance,insufficient,0.4533,0.1064,0.8,insufficient,https://github.com/NVIDIA/NemoClaw/commit/a0ebfea90e0eedea793cf5e821dca00b5e3be587
79eeab1b210af1b885c245b7,urgency,none,0.6336,0.3293,0.8,needs_review,https://github.com/NVIDIA/NemoClaw/commit/a0ebfea90e0eedea793cf5e821dca00b5e3be587
79eeab1b210af1b885c245b7,promotion,insufficient,0.6491,0.2615,0.8,insufficient,https://github.com/NVIDIA/NemoClaw/commit/a0ebfea90e0eedea793cf5e821dca00b5e3be587
79eeab1b210af1b885c245b7,token_reference,absent,0.8868,0.608,0.8,accepted,https://github.com/NVIDIA/NemoClaw/commit/a0ebfea90e0eedea793cf5e821dca00b5e3be587
79eeab1b210af1b885c245b7,narrative_object,absent,0.8964,0.7072,0.8,accepted,https://github.com/NVIDIA/NemoClaw/commit/a0ebfea90e0eedea793cf5e821dca00b5e3be587
79eeab1b210af1b885c245b7,context_dependence,insufficient,0.5002,0.0993,0.8,insufficient,https://github.com/NVIDIA/NemoClaw/commit/a0ebfea90e0eedea793cf5e821dca00b5e3be587
57628dccda776c7518a52632,relevance,informative,0.4429,0.0723,0.8,needs_review,https://x.com/i/status/2104673414254579759
57628dccda776c7518a52632,event,launch,0.4515,0.3169,0.8,needs_review,https://x.com/i/status/2104673414254579759
57628dccda776c7518a52632,claim,announcement,0.6954,0.4392,0.8,needs_review,https://x.com/i/status/2104673414254579759
57628dccda776c7518a52632,tone,positive,0.5073,0.1634,0.8,needs_review,https://x.com/i/status/2104673414254579759
57628dccda776c7518a52632,importance,insufficient,0.435,0.1013,0.8,insufficient,https://x.com/i/status/2104673414254579759
57628dccda776c7518a52632,urgency,none,0.5813,0.225,0.8,needs_review,https://x.com/i/status/2104673414254579759
57628dccda776c7518a52632,promotion,promotional,0.4432,0.0694,0.8,needs_review,https://x.com/i/status/2104673414254579759
57628dccda776c7518a52632,token_reference,absent,0.7751,0.3733,0.8,needs_review,https://x.com/i/status/2104673414254579759
57628dccda776c7518a52632,narrative_object,absent,0.4855,0.1621,0.8,needs_review,https://x.com/i/status/2104673414254579759
57628dccda776c7518a52632,context_dependence,standalone,0.3673,0.0073,0.8,needs_review,https://x.com/i/status/2104673414254579759
343b11798ddcbf58e60800c0,relevance,informative,0.4021,0.0356,0.8,needs_review,https://github.com/google/dawn/commit/6092756ebf74dcee9895373509fbea4e7c01dec5
343b11798ddcbf58e60800c0,event,technical,0.991,0.9664,0.8,accepted,https://github.com/google/dawn/commit/6092756ebf74dcee9895373509fbea4e7c01dec5
343b11798ddcbf58e60800c0,claim,correction,0.4751,0.2311,0.8,needs_review,https://github.com/google/dawn/commit/6092756ebf74dcee9895373509fbea4e7c01dec5
343b11798ddcbf58e60800c0,tone,insufficient,0.3385,0.0636,0.8,insufficient,https://github.com/google/dawn/commit/6092756ebf74dcee9895373509fbea4e7c01dec5
343b11798ddcbf58e60800c0,importance,routine,0.4826,0.0992,0.8,needs_review,https://github.com/google/dawn/commit/6092756ebf74dcee9895373509fbea4e7c01dec5
343b11798ddcbf58e60800c0,urgency,none,0.5408,0.143,0.8,needs_review,https://github.com/google/dawn/commit/6092756ebf74dcee9895373509fbea4e7c01dec5
343b11798ddcbf58e60800c0,promotion,insufficient,0.4089,0.0455,0.8,insufficient,https://github.com/google/dawn/commit/6092756ebf74dcee9895373509fbea4e7c01dec5
343b11798ddcbf58e60800c0,token_reference,absent,0.7668,0.3591,0.8,needs_review,https://github.com/google/dawn/commit/6092756ebf74dcee9895373509fbea4e7c01dec5
343b11798ddcbf58e60800c0,narrative_object,absent,0.4122,0.204,0.8,needs_review,https://github.com/google/dawn/commit/6092756ebf74dcee9895373509fbea4e7c01dec5
343b11798ddcbf58e60800c0,context_dependence,standalone,0.4093,0.012,0.8,needs_review,https://github.com/google/dawn/commit/6092756ebf74dcee9895373509fbea4e7c01dec5
d4741436a9005fa3eebb54a9,relevance,insufficient,0.3961,0.0088,0.8,needs_review,https://x.com/i/status/2104673359808417965
d4741436a9005fa3eebb54a9,event,launch,0.362,0.1996,0.8,needs_review,https://x.com/i/status/2104673359808417965
d4741436a9005fa3eebb54a9,claim,opinion,0.4677,0.1678,0.8,needs_review,https://x.com/i/status/2104673359808417965
d4741436a9005fa3eebb54a9,tone,mixed,0.2523,0.0096,0.8,needs_review,https://x.com/i/status/2104673359808417965
d4741436a9005fa3eebb54a9,importance,sector,0.2926,0.0208,0.8,needs_review,https://x.com/i/status/2104673359808417965
d4741436a9005fa3eebb54a9,urgency,none,0.5974,0.2334,0.8,needs_review,https://x.com/i/status/2104673359808417965
d4741436a9005fa3eebb54a9,promotion,insufficient,0.3271,0.0217,0.8,needs_review,https://x.com/i/status/2104673359808417965
d4741436a9005fa3eebb54a9,token_reference,absent,0.5842,0.1308,0.8,needs_review,https://x.com/i/status/2104673359808417965
d4741436a9005fa3eebb54a9,narrative_object,absent,0.5447,0.2352,0.8,needs_review,https://x.com/i/status/2104673359808417965
d4741436a9005fa3eebb54a9,context_dependence,dependent,0.5134,0.0656,0.8,needs_review,https://x.com/i/status/2104673359808417965
21e0de7e1db3fdc96543e862,relevance,insufficient,0.6631,0.2712,0.8,insufficient,https://github.com/microsoft/garnet/commit/2f32f39792a245d22d6740445382f9bc288969b3
21e0de7e1db3fdc96543e862,event,technical,0.9462,0.881,0.8,accepted,https://github.com/microsoft/garnet/commit/2f32f39792a245d22d6740445382f9bc288969b3
21e0de7e1db3fdc96543e862,claim,insufficient,0.5302,0.2754,0.8,insufficient,https://github.com/microsoft/garnet/commit/2f32f39792a245d22d6740445382f9bc288969b3
21e0de7e1db3fdc96543e862,tone,insufficient,0.6187,0.3126,0.8,insufficient,https://github.com/microsoft/garnet/commit/2f32f39792a245d22d6740445382f9bc288969b3
21e0de7e1db3fdc96543e862,importance,insufficient,0.46,0.1524,0.8,insufficient,https://github.com/microsoft/garnet/commit/2f32f39792a245d22d6740445382f9bc288969b3
21e0de7e1db3fdc96543e862,urgency,none,0.7245,0.4978,0.8,needs_review,https://github.com/microsoft/garnet/commit/2f32f39792a245d22d6740445382f9bc288969b3
21e0de7e1db3fdc96543e862,promotion,insufficient,0.9454,0.8179,0.8,insufficient,https://github.com/microsoft/garnet/commit/2f32f39792a245d22d6740445382f9bc288969b3
21e0de7e1db3fdc96543e862,token_reference,absent,0.8413,0.5041,0.8,accepted,https://github.com/microsoft/garnet/commit/2f32f39792a245d22d6740445382f9bc288969b3
21e0de7e1db3fdc96543e862,narrative_object,product,0.6128,0.4846,0.8,needs_review,https://github.com/microsoft/garnet/commit/2f32f39792a245d22d6740445382f9bc288969b3
21e0de7e1db3fdc96543e862,context_dependence,insufficient,0.6897,0.2472,0.8,insufficient,https://github.com/microsoft/garnet/commit/2f32f39792a245d22d6740445382f9bc288969b3
d5e6f49fdc1a0a14dcd47619,relevance,informative,0.4269,0.0411,0.8,needs_review,https://github.com/alibaba/rtp-llm/commit/175ac563a77dc873b3abb8df877b80829d2d45c3
d5e6f49fdc1a0a14dcd47619,event,technical,0.7148,0.5334,0.8,needs_review,https://github.com/alibaba/rtp-llm/commit/175ac563a77dc873b3abb8df877b80829d2d45c3
d5e6f49fdc1a0a14dcd47619,claim,announcement,0.6902,0.4504,0.8,needs_review,https://github.com/alibaba/rtp-llm/commit/175ac563a77dc873b3abb8df877b80829d2d45c3
d5e6f49fdc1a0a14dcd47619,tone,insufficient,0.3928,0.1683,0.8,insufficient,https://github.com/alibaba/rtp-llm/commit/175ac563a77dc873b3abb8df877b80829d2d45c3
d5e6f49fdc1a0a14dcd47619,importance,routine,0.5937,0.2554,0.8,needs_review,https://github.com/alibaba/rtp-llm/commit/175ac563a77dc873b3abb8df877b80829d2d45c3
d5e6f49fdc1a0a14dcd47619,urgency,none,0.7246,0.3677,0.8,needs_review,https://github.com/alibaba/rtp-llm/commit/175ac563a77dc873b3abb8df877b80829d2d45c3
d5e6f49fdc1a0a14dcd47619,promotion,informational,0.3951,0.0656,0.8,needs_review,https://github.com/alibaba/rtp-llm/commit/175ac563a77dc873b3abb8df877b80829d2d45c3
d5e6f49fdc1a0a14dcd47619,token_reference,absent,0.8255,0.4693,0.8,accepted,https://github.com/alibaba/rtp-llm/commit/175ac563a77dc873b3abb8df877b80829d2d45c3
d5e6f49fdc1a0a14dcd47619,narrative_object,absent,0.9427,0.8236,0.8,accepted,https://github.com/alibaba/rtp-llm/commit/175ac563a77dc873b3abb8df877b80829d2d45c3
d5e6f49fdc1a0a14dcd47619,context_dependence,standalone,0.524,0.0833,0.8,needs_review,https://github.com/alibaba/rtp-llm/commit/175ac563a77dc873b3abb8df877b80829d2d45c3
05d1c2c418babc6963cd14fc,relevance,insufficient,0.5482,0.1023,0.8,insufficient,https://x.com/i/status/2104673308105171233
05d1c2c418babc6963cd14fc,event,launch,0.6114,0.4608,0.8,needs_review,https://x.com/i/status/2104673308105171233
05d1c2c418babc6963cd14fc,claim,announcement,0.9778,0.9254,0.8,accepted,https://x.com/i/status/2104673308105171233
05d1c2c418babc6963cd14fc,tone,positive,0.5407,0.1958,0.8,needs_review,https://x.com/i/status/2104673308105171233
05d1c2c418babc6963cd14fc,importance,routine,0.3488,0.0598,0.8,needs_review,https://x.com/i/status/2104673308105171233
05d1c2c418babc6963cd14fc,urgency,none,0.4397,0.1716,0.8,needs_review,https://x.com/i/status/2104673308105171233
05d1c2c418babc6963cd14fc,promotion,promotional,0.7247,0.3583,0.8,needs_review,https://x.com/i/status/2104673308105171233
05d1c2c418babc6963cd14fc,token_reference,absent,0.7022,0.2613,0.8,needs_review,https://x.com/i/status/2104673308105171233
05d1c2c418babc6963cd14fc,narrative_object,product,0.7951,0.553,0.8,needs_review,https://x.com/i/status/2104673308105171233
05d1c2c418babc6963cd14fc,context_dependence,insufficient,0.4329,0.0302,0.8,insufficient,https://x.com/i/status/2104673308105171233
5d606f8a2e1423a33a6ff39b,relevance,noise,0.5157,0.097,0.8,needs_review,https://x.com/i/status/2104673168892039181
5d606f8a2e1423a33a6ff39b,event,launch,0.9982,0.9921,0.8,accepted,https://x.com/i/status/2104673168892039181
5d606f8a2e1423a33a6ff39b,claim,announcement,0.9918,0.9677,0.8,accepted,https://x.com/i/status/2104673168892039181
5d606f8a2e1423a33a6ff39b,tone,insufficient,0.3743,0.1131,0.8,insufficient,https://x.com/i/status/2104673168892039181
5d606f8a2e1423a33a6ff39b,importance,project,0.4791,0.1305,0.8,needs_review,https://x.com/i/status/2104673168892039181
5d606f8a2e1423a33a6ff39b,urgency,none,0.633,0.2422,0.8,needs_review,https://x.com/i/status/2104673168892039181
5d606f8a2e1423a33a6ff39b,promotion,promotional,0.7811,0.4514,0.8,needs_review,https://x.com/i/status/2104673168892039181
5d606f8a2e1423a33a6ff39b,token_reference,absent,0.3875,0.0065,0.8,needs_review,https://x.com/i/status/2104673168892039181
5d606f8a2e1423a33a6ff39b,narrative_object,absent,0.492,0.2454,0.8,needs_review,https://x.com/i/status/2104673168892039181
5d606f8a2e1423a33a6ff39b,context_dependence,standalone,0.4332,0.0201,0.8,needs_review,https://x.com/i/status/2104673168892039181
26527453260f6759b970504e,relevance,informative,0.4308,0.0539,0.8,needs_review,https://x.com/i/status/2104673287938912699
26527453260f6759b970504e,event,launch,0.948,0.8783,0.8,accepted,https://x.com/i/status/2104673287938912699
26527453260f6759b970504e,claim,announcement,0.9504,0.8528,0.8,accepted,https://x.com/i/status/2104673287938912699
26527453260f6759b970504e,tone,insufficient,0.3962,0.112,0.8,insufficient,https://x.com/i/status/2104673287938912699
26527453260f6759b970504e,importance,project,0.543,0.172,0.8,needs_review,https://x.com/i/status/2104673287938912699
26527453260f6759b970504e,urgency,none,0.5441,0.1458,0.8,needs_review,https://x.com/i/status/2104673287938912699
26527453260f6759b970504e,promotion,promotional,0.4791,0.1125,0.8,needs_review,https://x.com/i/status/2104673287938912699
26527453260f6759b970504e,token_reference,explicit,0.4893,0.0575,0.8,needs_review,https://x.com/i/status/2104673287938912699
26527453260f6759b970504e,narrative_object,product,0.5782,0.3284,0.8,needs_review,https://x.com/i/status/2104673287938912699
26527453260f6759b970504e,context_dependence,dependent,0.4471,0.0346,0.8,needs_review,https://x.com/i/status/2104673287938912699
4bb90a4ea735fc77060f6bf1,relevance,informative,0.5033,0.0657,0.8,needs_review,https://x.com/i/status/2104673285216854075
4bb90a4ea735fc77060f6bf1,event,launch,0.3127,0.1007,0.8,needs_review,https://x.com/i/status/2104673285216854075
4bb90a4ea735fc77060f6bf1,claim,announcement,0.9466,0.8561,0.8,needs_review,https://x.com/i/status/2104673285216854075
4bb90a4ea735fc77060f6bf1,tone,insufficient,0.3076,0.0452,0.8,needs_review,https://x.com/i/status/2104673285216854075
4bb90a4ea735fc77060f6bf1,importance,insufficient,0.3526,0.04,0.8,needs_review,https://x.com/i/status/2104673285216854075
4bb90a4ea735fc77060f6bf1,urgency,none,0.5109,0.1294,0.8,needs_review,https://x.com/i/status/2104673285216854075
4bb90a4ea735fc77060f6bf1,promotion,insufficient,0.3274,0.0329,0.8,needs_review,https://x.com/i/status/2104673285216854075
4bb90a4ea735fc77060f6bf1,token_reference,absent,0.5358,0.1357,0.8,needs_review,https://x.com/i/status/2104673285216854075
4bb90a4ea735fc77060f6bf1,narrative_object,absent,0.5466,0.1919,0.8,needs_review,https://x.com/i/status/2104673285216854075
4bb90a4ea735fc77060f6bf1,context_dependence,dependent,0.4892,0.0916,0.8,needs_review,https://x.com/i/status/2104673285216854075
633c3f8ba4343d555fceaf3b,relevance,insufficient,0.466,0.0757,0.8,insufficient,https://x.com/i/status/2104673190966636734
633c3f8ba4343d555fceaf3b,event,technical,0.5977,0.4804,0.8,needs_review,https://x.com/i/status/2104673190966636734
633c3f8ba4343d555fceaf3b,claim,insufficient,0.396,0.1759,0.8,insufficient,https://x.com/i/status/2104673190966636734
633c3f8ba4343d555fceaf3b,tone,positive,0.4542,0.132,0.8,needs_review,https://x.com/i/status/2104673190966636734
633c3f8ba4343d555fceaf3b,importance,project,0.3493,0.04,0.8,needs_review,https://x.com/i/status/2104673190966636734
633c3f8ba4343d555fceaf3b,urgency,none,0.5981,0.2579,0.8,needs_review,https://x.com/i/status/2104673190966636734
633c3f8ba4343d555fceaf3b,promotion,promotional,0.3105,0.0149,0.8,needs_review,https://x.com/i/status/2104673190966636734
633c3f8ba4343d555fceaf3b,token_reference,absent,0.5926,0.1349,0.8,needs_review,https://x.com/i/status/2104673190966636734
633c3f8ba4343d555fceaf3b,narrative_object,product,0.5223,0.2281,0.8,needs_review,https://x.com/i/status/2104673190966636734
633c3f8ba4343d555fceaf3b,context_dependence,dependent,0.3862,0.0058,0.8,needs_review,https://x.com/i/status/2104673190966636734
1452ff58f1d7dd573612e957,relevance,insufficient,0.5054,0.0603,0.8,insufficient,https://github.com/microsoft/winget-pkgs/commit/e2a181ce24fb62e55784378a5f5b5f4bdd438849
1452ff58f1d7dd573612e957,event,technical,0.8448,0.7498,0.8,accepted,https://github.com/microsoft/winget-pkgs/commit/e2a181ce24fb62e55784378a5f5b5f4bdd438849
1452ff58f1d7dd573612e957,claim,announcement,0.6673,0.6064,0.8,needs_review,https://github.com/microsoft/winget-pkgs/commit/e2a181ce24fb62e55784378a5f5b5f4bdd438849
1452ff58f1d7dd573612e957,tone,insufficient,0.4272,0.1199,0.8,insufficient,https://github.com/microsoft/winget-pkgs/commit/e2a181ce24fb62e55784378a5f5b5f4bdd438849
1452ff58f1d7dd573612e957,importance,routine,0.5009,0.1918,0.8,needs_review,https://github.com/microsoft/winget-pkgs/commit/e2a181ce24fb62e55784378a5f5b5f4bdd438849
1452ff58f1d7dd573612e957,urgency,none,0.5883,0.2436,0.8,needs_review,https://github.com/microsoft/winget-pkgs/commit/e2a181ce24fb62e55784378a5f5b5f4bdd438849
1452ff58f1d7dd573612e957,promotion,insufficient,0.3705,0.0444,0.8,insufficient,https://github.com/microsoft/winget-pkgs/commit/e2a181ce24fb62e55784378a5f5b5f4bdd438849
1452ff58f1d7dd573612e957,token_reference,possible,0.3734,0.0054,0.8,needs_review,https://github.com/microsoft/winget-pkgs/commit/e2a181ce24fb62e55784378a5f5b5f4bdd438849
1452ff58f1d7dd573612e957,narrative_object,product,0.8804,0.6782,0.8,accepted,https://github.com/microsoft/winget-pkgs/commit/e2a181ce24fb62e55784378a5f5b5f4bdd438849
1452ff58f1d7dd573612e957,context_dependence,standalone,0.4447,0.0601,0.8,needs_review,https://github.com/microsoft/winget-pkgs/commit/e2a181ce24fb62e55784378a5f5b5f4bdd438849
e4884e9ced7149146e754bdc,relevance,insufficient,0.5482,0.0925,0.8,insufficient,https://github.com/amd/node-scraper/commit/ad62d695bfc7418c25fcff1428d5cc909f14ceac
e4884e9ced7149146e754bdc,event,other,0.7163,0.6208,0.8,needs_review,https://github.com/amd/node-scraper/commit/ad62d695bfc7418c25fcff1428d5cc909f14ceac
e4884e9ced7149146e754bdc,claim,announcement,0.5555,0.3402,0.8,needs_review,https://github.com/amd/node-scraper/commit/ad62d695bfc7418c25fcff1428d5cc909f14ceac
e4884e9ced7149146e754bdc,tone,insufficient,0.4212,0.1845,0.8,insufficient,https://github.com/amd/node-scraper/commit/ad62d695bfc7418c25fcff1428d5cc909f14ceac
e4884e9ced7149146e754bdc,importance,routine,0.359,0.1135,0.8,needs_review,https://github.com/amd/node-scraper/commit/ad62d695bfc7418c25fcff1428d5cc909f14ceac
e4884e9ced7149146e754bdc,urgency,none,0.6346,0.2576,0.8,needs_review,https://github.com/amd/node-scraper/commit/ad62d695bfc7418c25fcff1428d5cc909f14ceac
e4884e9ced7149146e754bdc,promotion,insufficient,0.5574,0.1903,0.8,insufficient,https://github.com/amd/node-scraper/commit/ad62d695bfc7418c25fcff1428d5cc909f14ceac
e4884e9ced7149146e754bdc,token_reference,absent,0.8442,0.5101,0.8,accepted,https://github.com/amd/node-scraper/commit/ad62d695bfc7418c25fcff1428d5cc909f14ceac
e4884e9ced7149146e754bdc,narrative_object,absent,0.6176,0.301,0.8,needs_review,https://github.com/amd/node-scraper/commit/ad62d695bfc7418c25fcff1428d5cc909f14ceac
e4884e9ced7149146e754bdc,context_dependence,insufficient,0.4533,0.0468,0.8,insufficient,https://github.com/amd/node-scraper/commit/ad62d695bfc7418c25fcff1428d5cc909f14ceac
773a36cc0c00673854321b02,relevance,insufficient,0.4858,0.0456,0.8,insufficient,https://github.com/microsoft/winget-pkgs/commit/ed52b0aef95a1b5d5ce92c834a6fd1b2716fc4d9
773a36cc0c00673854321b02,event,technical,0.6937,0.6404,0.8,needs_review,https://github.com/microsoft/winget-pkgs/commit/ed52b0aef95a1b5d5ce92c834a6fd1b2716fc4d9
773a36cc0c00673854321b02,claim,announcement,0.8486,0.734,0.8,accepted,https://github.com/microsoft/winget-pkgs/commit/ed52b0aef95a1b5d5ce92c834a6fd1b2716fc4d9
773a36cc0c00673854321b02,tone,insufficient,0.3557,0.0693,0.8,insufficient,https://github.com/microsoft/winget-pkgs/commit/ed52b0aef95a1b5d5ce92c834a6fd1b2716fc4d9
773a36cc0c00673854321b02,importance,routine,0.694,0.3384,0.8,needs_review,https://github.com/microsoft/winget-pkgs/commit/ed52b0aef95a1b5d5ce92c834a6fd1b2716fc4d9
773a36cc0c00673854321b02,urgency,none,0.6088,0.2379,0.8,needs_review,https://github.com/microsoft/winget-pkgs/commit/ed52b0aef95a1b5d5ce92c834a6fd1b2716fc4d9
773a36cc0c00673854321b02,promotion,insufficient,0.3722,0.0416,0.8,insufficient,https://github.com/microsoft/winget-pkgs/commit/ed52b0aef95a1b5d5ce92c834a6fd1b2716fc4d9
773a36cc0c00673854321b02,token_reference,absent,0.5874,0.1323,0.8,needs_review,https://github.com/microsoft/winget-pkgs/commit/ed52b0aef95a1b5d5ce92c834a6fd1b2716fc4d9
773a36cc0c00673854321b02,narrative_object,product,0.9311,0.7908,0.8,accepted,https://github.com/microsoft/winget-pkgs/commit/ed52b0aef95a1b5d5ce92c834a6fd1b2716fc4d9
773a36cc0c00673854321b02,context_dependence,standalone,0.4164,0.0281,0.8,needs_review,https://github.com/microsoft/winget-pkgs/commit/ed52b0aef95a1b5d5ce92c834a6fd1b2716fc4d9
046ed0d7b584e4ae96526611,relevance,noise,0.8905,0.6169,0.8,accepted,https://x.com/i/status/2104673075862372770
046ed0d7b584e4ae96526611,event,technical,0.8028,0.6048,0.8,accepted,https://x.com/i/status/2104673075862372770
046ed0d7b584e4ae96526611,claim,allegation,0.4434,0.1343,0.8,needs_review,https://x.com/i/status/2104673075862372770
046ed0d7b584e4ae96526611,tone,negative,0.9539,0.8574,0.8,accepted,https://x.com/i/status/2104673075862372770
046ed0d7b584e4ae96526611,importance,sector,0.706,0.3508,0.8,needs_review,https://x.com/i/status/2104673075862372770
046ed0d7b584e4ae96526611,urgency,none,0.8781,0.6513,0.8,accepted,https://x.com/i/status/2104673075862372770
046ed0d7b584e4ae96526611,promotion,insufficient,0.6858,0.3696,0.8,insufficient,https://x.com/i/status/2104673075862372770
046ed0d7b584e4ae96526611,token_reference,possible,0.5188,0.197,0.8,needs_review,https://x.com/i/status/2104673075862372770
046ed0d7b584e4ae96526611,narrative_object,product,0.9745,0.9083,0.8,accepted,https://x.com/i/status/2104673075862372770
046ed0d7b584e4ae96526611,context_dependence,standalone,0.5844,0.2059,0.8,needs_review,https://x.com/i/status/2104673075862372770
13fd7059e2c8e02f428462c8,relevance,insufficient,0.3948,0.0302,0.8,insufficient,https://github.com/intel/llvm/commit/385d0745697eb9ec81617eeaebe62bc5280cf3a0
13fd7059e2c8e02f428462c8,event,technical,0.9788,0.9389,0.8,accepted,https://github.com/intel/llvm/commit/385d0745697eb9ec81617eeaebe62bc5280cf3a0
13fd7059e2c8e02f428462c8,claim,announcement,0.9257,0.8071,0.8,accepted,https://github.com/intel/llvm/commit/385d0745697eb9ec81617eeaebe62bc5280cf3a0
13fd7059e2c8e02f428462c8,tone,insufficient,0.4592,0.1918,0.8,insufficient,https://github.com/intel/llvm/commit/385d0745697eb9ec81617eeaebe62bc5280cf3a0
13fd7059e2c8e02f428462c8,importance,project,0.408,0.1063,0.8,needs_review,https://github.com/intel/llvm/commit/385d0745697eb9ec81617eeaebe62bc5280cf3a0
13fd7059e2c8e02f428462c8,urgency,none,0.3603,0.0704,0.8,needs_review,https://github.com/intel/llvm/commit/385d0745697eb9ec81617eeaebe62bc5280cf3a0
13fd7059e2c8e02f428462c8,promotion,insufficient,0.4684,0.0903,0.8,insufficient,https://github.com/intel/llvm/commit/385d0745697eb9ec81617eeaebe62bc5280cf3a0
13fd7059e2c8e02f428462c8,token_reference,absent,0.6908,0.2425,0.8,needs_review,https://github.com/intel/llvm/commit/385d0745697eb9ec81617eeaebe62bc5280cf3a0
13fd7059e2c8e02f428462c8,narrative_object,product,0.5765,0.3248,0.8,needs_review,https://github.com/intel/llvm/commit/385d0745697eb9ec81617eeaebe62bc5280cf3a0
13fd7059e2c8e02f428462c8,context_dependence,standalone,0.5029,0.0592,0.8,needs_review,https://github.com/intel/llvm/commit/385d0745697eb9ec81617eeaebe62bc5280cf3a0
453119a981bb3aafaa9b7749,relevance,insufficient,0.547,0.0941,0.8,insufficient,https://github.com/microsoft/winget-pkgs/commit/24ebeb552a7e6ad50d77d99b32531548941d1292
453119a981bb3aafaa9b7749,event,technical,0.8326,0.7009,0.8,accepted,https://github.com/microsoft/winget-pkgs/commit/24ebeb552a7e6ad50d77d99b32531548941d1292
453119a981bb3aafaa9b7749,claim,announcement,0.8021,0.5906,0.8,accepted,https://github.com/microsoft/winget-pkgs/commit/24ebeb552a7e6ad50d77d99b32531548941d1292
453119a981bb3aafaa9b7749,tone,insufficient,0.372,0.0856,0.8,insufficient,https://github.com/microsoft/winget-pkgs/commit/24ebeb552a7e6ad50d77d99b32531548941d1292
453119a981bb3aafaa9b7749,importance,routine,0.4796,0.1663,0.8,needs_review,https://github.com/microsoft/winget-pkgs/commit/24ebeb552a7e6ad50d77d99b32531548941d1292
453119a981bb3aafaa9b7749,urgency,none,0.65,0.2892,0.8,needs_review,https://github.com/microsoft/winget-pkgs/commit/24ebeb552a7e6ad50d77d99b32531548941d1292
453119a981bb3aafaa9b7749,promotion,promotional,0.3727,0.0887,0.8,needs_review,https://github.com/microsoft/winget-pkgs/commit/24ebeb552a7e6ad50d77d99b32531548941d1292
453119a981bb3aafaa9b7749,token_reference,absent,0.6688,0.2166,0.8,needs_review,https://github.com/microsoft/winget-pkgs/commit/24ebeb552a7e6ad50d77d99b32531548941d1292
453119a981bb3aafaa9b7749,narrative_object,product,0.8978,0.717,0.8,accepted,https://github.com/microsoft/winget-pkgs/commit/24ebeb552a7e6ad50d77d99b32531548941d1292
453119a981bb3aafaa9b7749,context_dependence,standalone,0.4612,0.062,0.8,needs_review,https://github.com/microsoft/winget-pkgs/commit/24ebeb552a7e6ad50d77d99b32531548941d1292
627f1957ed1fc73827dda707,relevance,insufficient,0.5991,0.1387,0.8,insufficient,https://github.com/google/gvisor/commit/436719de35b371c1932c43ea72f380ff7f15b73d
627f1957ed1fc73827dda707,event,technical,0.86,0.7114,0.8,accepted,https://github.com/google/gvisor/commit/436719de35b371c1932c43ea72f380ff7f15b73d
627f1957ed1fc73827dda707,claim,announcement,0.7942,0.5911,0.8,needs_review,https://github.com/google/gvisor/commit/436719de35b371c1932c43ea72f380ff7f15b73d
627f1957ed1fc73827dda707,tone,insufficient,0.3527,0.0997,0.8,insufficient,https://github.com/google/gvisor/commit/436719de35b371c1932c43ea72f380ff7f15b73d
627f1957ed1fc73827dda707,importance,insufficient,0.4978,0.1399,0.8,insufficient,https://github.com/google/gvisor/commit/436719de35b371c1932c43ea72f380ff7f15b73d
627f1957ed1fc73827dda707,urgency,none,0.6534,0.2914,0.8,needs_review,https://github.com/google/gvisor/commit/436719de35b371c1932c43ea72f380ff7f15b73d
627f1957ed1fc73827dda707,promotion,insufficient,0.4751,0.0858,0.8,insufficient,https://github.com/google/gvisor/commit/436719de35b371c1932c43ea72f380ff7f15b73d
627f1957ed1fc73827dda707,token_reference,absent,0.8301,0.4803,0.8,accepted,https://github.com/google/gvisor/commit/436719de35b371c1932c43ea72f380ff7f15b73d
627f1957ed1fc73827dda707,narrative_object,absent,0.7508,0.4798,0.8,needs_review,https://github.com/google/gvisor/commit/436719de35b371c1932c43ea72f380ff7f15b73d
627f1957ed1fc73827dda707,context_dependence,insufficient,0.395,0.0248,0.8,insufficient,https://github.com/google/gvisor/commit/436719de35b371c1932c43ea72f380ff7f15b73d
3df4307f227715e222755ed0,relevance,insufficient,0.5534,0.1218,0.8,insufficient,https://github.com/google/tpu-sync/commit/2104fc4a3076a8a6fc2483cb6e9715cd77ceba9d
3df4307f227715e222755ed0,event,technical,0.6805,0.5825,0.8,needs_review,https://github.com/google/tpu-sync/commit/2104fc4a3076a8a6fc2483cb6e9715cd77ceba9d
3df4307f227715e222755ed0,claim,announcement,0.4258,0.2587,0.8,needs_review,https://github.com/google/tpu-sync/commit/2104fc4a3076a8a6fc2483cb6e9715cd77ceba9d
3df4307f227715e222755ed0,tone,insufficient,0.3171,0.0761,0.8,insufficient,https://github.com/google/tpu-sync/commit/2104fc4a3076a8a6fc2483cb6e9715cd77ceba9d
3df4307f227715e222755ed0,importance,project,0.3676,0.0403,0.8,needs_review,https://github.com/google/tpu-sync/commit/2104fc4a3076a8a6fc2483cb6e9715cd77ceba9d
3df4307f227715e222755ed0,urgency,none,0.7347,0.4081,0.8,needs_review,https://github.com/google/tpu-sync/commit/2104fc4a3076a8a6fc2483cb6e9715cd77ceba9d
3df4307f227715e222755ed0,promotion,promotional,0.4791,0.0934,0.8,needs_review,https://github.com/google/tpu-sync/commit/2104fc4a3076a8a6fc2483cb6e9715cd77ceba9d
3df4307f227715e222755ed0,token_reference,absent,0.8413,0.5039,0.8,accepted,https://github.com/google/tpu-sync/commit/2104fc4a3076a8a6fc2483cb6e9715cd77ceba9d
3df4307f227715e222755ed0,narrative_object,absent,0.5758,0.2856,0.8,needs_review,https://github.com/google/tpu-sync/commit/2104fc4a3076a8a6fc2483cb6e9715cd77ceba9d
3df4307f227715e222755ed0,context_dependence,standalone,0.4068,0.0334,0.8,needs_review,https://github.com/google/tpu-sync/commit/2104fc4a3076a8a6fc2483cb6e9715cd77ceba9d
9c0c07c0e24d564a7c3410b9,relevance,informative,0.5492,0.0974,0.8,needs_review,https://x.com/i/status/2104673000511713642
9c0c07c0e24d564a7c3410b9,event,technical,0.6727,0.4578,0.8,needs_review,https://x.com/i/status/2104673000511713642
9c0c07c0e24d564a7c3410b9,claim,allegation,0.3825,0.1208,0.8,needs_review,https://x.com/i/status/2104673000511713642
9c0c07c0e24d564a7c3410b9,tone,neutral,0.2633,0.0287,0.8,needs_review,https://x.com/i/status/2104673000511713642
9c0c07c0e24d564a7c3410b9,importance,insufficient,0.3933,0.0386,0.8,insufficient,https://x.com/i/status/2104673000511713642
9c0c07c0e24d564a7c3410b9,urgency,none,0.5658,0.1777,0.8,needs_review,https://x.com/i/status/2104673000511713642
9c0c07c0e24d564a7c3410b9,promotion,informational,0.3129,0.0148,0.8,needs_review,https://x.com/i/status/2104673000511713642
9c0c07c0e24d564a7c3410b9,token_reference,explicit,0.6666,0.2561,0.8,needs_review,https://x.com/i/status/2104673000511713642
9c0c07c0e24d564a7c3410b9,narrative_object,absent,0.4952,0.1523,0.8,needs_review,https://x.com/i/status/2104673000511713642
9c0c07c0e24d564a7c3410b9,context_dependence,dependent,0.4795,0.0567,0.8,needs_review,https://x.com/i/status/2104673000511713642
653c5984d96228b59bfb64f0,relevance,informative,0.4189,0.0569,0.8,needs_review,https://github.com/microsoft/mxc/commit/8e8a68c3e61f0ee4060aceef3c55f687647dbb52
653c5984d96228b59bfb64f0,event,technical,0.9967,0.9858,0.8,accepted,https://github.com/microsoft/mxc/commit/8e8a68c3e61f0ee4060aceef3c55f687647dbb52
653c5984d96228b59bfb64f0,claim,correction,0.3781,0.1963,0.8,needs_review,https://github.com/microsoft/mxc/commit/8e8a68c3e61f0ee4060aceef3c55f687647dbb52
653c5984d96228b59bfb64f0,tone,neutral,0.3633,0.0946,0.8,needs_review,https://github.com/microsoft/mxc/commit/8e8a68c3e61f0ee4060aceef3c55f687647dbb52
653c5984d96228b59bfb64f0,importance,project,0.3958,0.0725,0.8,needs_review,https://github.com/microsoft/mxc/commit/8e8a68c3e61f0ee4060aceef3c55f687647dbb52
653c5984d96228b59bfb64f0,urgency,none,0.7232,0.3758,0.8,needs_review,https://github.com/microsoft/mxc/commit/8e8a68c3e61f0ee4060aceef3c55f687647dbb52
653c5984d96228b59bfb64f0,promotion,informational,0.3806,0.0986,0.8,needs_review,https://github.com/microsoft/mxc/commit/8e8a68c3e61f0ee4060aceef3c55f687647dbb52
653c5984d96228b59bfb64f0,token_reference,absent,0.839,0.4976,0.8,accepted,https://github.com/microsoft/mxc/commit/8e8a68c3e61f0ee4060aceef3c55f687647dbb52
653c5984d96228b59bfb64f0,narrative_object,product,0.5294,0.2179,0.8,needs_review,https://github.com/microsoft/mxc/commit/8e8a68c3e61f0ee4060aceef3c55f687647dbb52
653c5984d96228b59bfb64f0,context_dependence,standalone,0.6186,0.1544,0.8,needs_review,https://github.com/microsoft/mxc/commit/8e8a68c3e61f0ee4060aceef3c55f687647dbb52
86ee0c6a88d304f3485fef83,relevance,insufficient,0.3899,0.0186,0.8,insufficient,https://github.com/google/boringssl/commit/697ee71a13f6c2f6a9626337131a6bb78f31e68b
86ee0c6a88d304f3485fef83,event,technical,0.9945,0.9787,0.8,accepted,https://github.com/google/boringssl/commit/697ee71a13f6c2f6a9626337131a6bb78f31e68b
86ee0c6a88d304f3485fef83,claim,correction,0.9505,0.8596,0.8,accepted,https://github.com/google/boringssl/commit/697ee71a13f6c2f6a9626337131a6bb78f31e68b
86ee0c6a88d304f3485fef83,tone,insufficient,0.341,0.0882,0.8,insufficient,https://github.com/google/boringssl/commit/697ee71a13f6c2f6a9626337131a6bb78f31e68b
86ee0c6a88d304f3485fef83,importance,routine,0.4684,0.1356,0.8,needs_review,https://github.com/google/boringssl/commit/697ee71a13f6c2f6a9626337131a6bb78f31e68b
86ee0c6a88d304f3485fef83,urgency,none,0.6779,0.3537,0.8,needs_review,https://github.com/google/boringssl/commit/697ee71a13f6c2f6a9626337131a6bb78f31e68b
86ee0c6a88d304f3485fef83,promotion,insufficient,0.4323,0.1456,0.8,insufficient,https://github.com/google/boringssl/commit/697ee71a13f6c2f6a9626337131a6bb78f31e68b
86ee0c6a88d304f3485fef83,token_reference,absent,0.8252,0.4689,0.8,accepted,https://github.com/google/boringssl/commit/697ee71a13f6c2f6a9626337131a6bb78f31e68b
86ee0c6a88d304f3485fef83,narrative_object,absent,0.5019,0.2533,0.8,needs_review,https://github.com/google/boringssl/commit/697ee71a13f6c2f6a9626337131a6bb78f31e68b
86ee0c6a88d304f3485fef83,context_dependence,standalone,0.4749,0.0398,0.8,needs_review,https://github.com/google/boringssl/commit/697ee71a13f6c2f6a9626337131a6bb78f31e68b
144f7fcf59f3d01d44ec695d,relevance,informative,0.3966,0.0091,0.8,needs_review,https://x.com/i/status/2104672968840187934
144f7fcf59f3d01d44ec695d,event,launch,0.5351,0.4082,0.8,needs_review,https://x.com/i/status/2104672968840187934
144f7fcf59f3d01d44ec695d,claim,announcement,0.9404,0.8342,0.8,accepted,https://x.com/i/status/2104672968840187934
144f7fcf59f3d01d44ec695d,tone,positive,0.6905,0.3619,0.8,needs_review,https://x.com/i/status/2104672968840187934
144f7fcf59f3d01d44ec695d,importance,project,0.359,0.0377,0.8,needs_review,https://x.com/i/status/2104672968840187934
144f7fcf59f3d01d44ec695d,urgency,none,0.5932,0.1931,0.8,needs_review,https://x.com/i/status/2104672968840187934
144f7fcf59f3d01d44ec695d,promotion,promotional,0.5997,0.1987,0.8,needs_review,https://x.com/i/status/2104672968840187934
144f7fcf59f3d01d44ec695d,token_reference,absent,0.4368,0.0212,0.8,needs_review,https://x.com/i/status/2104672968840187934
144f7fcf59f3d01d44ec695d,narrative_object,product,0.4925,0.1987,0.8,needs_review,https://x.com/i/status/2104672968840187934
144f7fcf59f3d01d44ec695d,context_dependence,standalone,0.3825,0.0168,0.8,needs_review,https://x.com/i/status/2104672968840187934
954ad555178cc817b00c6f67,relevance,,,,0.8,needs_review,https://github.com/ROCm/rocm-libraries/commit/c137d612cca78cf51de875c21cb2d653ff7245df
954ad555178cc817b00c6f67,event,,,,0.8,needs_review,https://github.com/ROCm/rocm-libraries/commit/c137d612cca78cf51de875c21cb2d653ff7245df
954ad555178cc817b00c6f67,claim,,,,0.8,needs_review,https://github.com/ROCm/rocm-libraries/commit/c137d612cca78cf51de875c21cb2d653ff7245df
954ad555178cc817b00c6f67,tone,,,,0.8,needs_review,https://github.com/ROCm/rocm-libraries/commit/c137d612cca78cf51de875c21cb2d653ff7245df
954ad555178cc817b00c6f67,importance,,,,0.8,needs_review,https://github.com/ROCm/rocm-libraries/commit/c137d612cca78cf51de875c21cb2d653ff7245df
954ad555178cc817b00c6f67,urgency,,,,0.8,needs_review,https://github.com/ROCm/rocm-libraries/commit/c137d612cca78cf51de875c21cb2d653ff7245df
954ad555178cc817b00c6f67,promotion,,,,0.8,needs_review,https://github.com/ROCm/rocm-libraries/commit/c137d612cca78cf51de875c21cb2d653ff7245df
954ad555178cc817b00c6f67,token_reference,,,,0.8,needs_review,https://github.com/ROCm/rocm-libraries/commit/c137d612cca78cf51de875c21cb2d653ff7245df
954ad555178cc817b00c6f67,narrative_object,,,,0.8,needs_review,https://github.com/ROCm/rocm-libraries/commit/c137d612cca78cf51de875c21cb2d653ff7245df
954ad555178cc817b00c6f67,context_dependence,,,,0.8,needs_review,https://github.com/ROCm/rocm-libraries/commit/c137d612cca78cf51de875c21cb2d653ff7245df
a72d5962a4830d2964801fa7,relevance,insufficient,0.4086,0.0193,0.8,needs_review,https://finance.yahoo.com/markets/stocks/articles/nvidia-just-put-record-150-204137056.html
a72d5962a4830d2964801fa7,event,technical,0.4783,0.2576,0.8,needs_review,https://finance.yahoo.com/markets/stocks/articles/nvidia-just-put-record-150-204137056.html
a72d5962a4830d2964801fa7,claim,announcement,0.9662,0.9027,0.8,needs_review,https://finance.yahoo.com/markets/stocks/articles/nvidia-just-put-record-150-204137056.html
a72d5962a4830d2964801fa7,tone,negative,0.6648,0.322,0.8,needs_review,https://finance.yahoo.com/markets/stocks/articles/nvidia-just-put-record-150-204137056.html
a72d5962a4830d2964801fa7,importance,project,0.4052,0.071,0.8,needs_review,https://finance.yahoo.com/markets/stocks/articles/nvidia-just-put-record-150-204137056.html
a72d5962a4830d2964801fa7,urgency,none,0.4117,0.0524,0.8,needs_review,https://finance.yahoo.com/markets/stocks/articles/nvidia-just-put-record-150-204137056.html
a72d5962a4830d2964801fa7,promotion,promotional,0.3468,0.0298,0.8,needs_review,https://finance.yahoo.com/markets/stocks/articles/nvidia-just-put-record-150-204137056.html
a72d5962a4830d2964801fa7,token_reference,explicit,0.4923,0.0617,0.8,needs_review,https://finance.yahoo.com/markets/stocks/articles/nvidia-just-put-record-150-204137056.html
a72d5962a4830d2964801fa7,narrative_object,product,0.7378,0.4589,0.8,needs_review,https://finance.yahoo.com/markets/stocks/articles/nvidia-just-put-record-150-204137056.html
a72d5962a4830d2964801fa7,context_dependence,insufficient,0.5062,0.0646,0.8,needs_review,https://finance.yahoo.com/markets/stocks/articles/nvidia-just-put-record-150-204137056.html
6aa017355627627a11c88e57,relevance,insufficient,0.5256,0.0736,0.8,insufficient,https://github.com/microsoft/winget-pkgs/commit/db492a5e32b6357d4c65fd85179d246e813cffef
6aa017355627627a11c88e57,event,launch,0.4972,0.5853,0.8,needs_review,https://github.com/microsoft/winget-pkgs/commit/db492a5e32b6357d4c65fd85179d246e813cffef
6aa017355627627a11c88e57,claim,announcement,0.8162,0.6676,0.8,accepted,https://github.com/microsoft/winget-pkgs/commit/db492a5e32b6357d4c65fd85179d246e813cffef
6aa017355627627a11c88e57,tone,insufficient,0.3661,0.071,0.8,insufficient,https://github.com/microsoft/winget-pkgs/commit/db492a5e32b6357d4c65fd85179d246e813cffef
6aa017355627627a11c88e57,importance,routine,0.4847,0.1408,0.8,needs_review,https://github.com/microsoft/winget-pkgs/commit/db492a5e32b6357d4c65fd85179d246e813cffef
6aa017355627627a11c88e57,urgency,none,0.5913,0.2822,0.8,needs_review,https://github.com/microsoft/winget-pkgs/commit/db492a5e32b6357d4c65fd85179d246e813cffef
6aa017355627627a11c88e57,promotion,insufficient,0.3811,0.0791,0.8,insufficient,https://github.com/microsoft/winget-pkgs/commit/db492a5e32b6357d4c65fd85179d246e813cffef
6aa017355627627a11c88e57,token_reference,explicit,0.4812,0.0535,0.8,needs_review,https://github.com/microsoft/winget-pkgs/commit/db492a5e32b6357d4c65fd85179d246e813cffef
6aa017355627627a11c88e57,narrative_object,product,0.8455,0.6066,0.8,accepted,https://github.com/microsoft/winget-pkgs/commit/db492a5e32b6357d4c65fd85179d246e813cffef
6aa017355627627a11c88e57,context_dependence,insufficient,0.4003,0.0376,0.8,insufficient,https://github.com/microsoft/winget-pkgs/commit/db492a5e32b6357d4c65fd85179d246e813cffef
5f726aab5a22eeac15842195,relevance,insufficient,0.3982,0.0085,0.8,needs_review,https://x.com/i/status/2104672888796459062
5f726aab5a22eeac15842195,event,listing,0.5705,0.3254,0.8,needs_review,https://x.com/i/status/2104672888796459062
5f726aab5a22eeac15842195,claim,allegation,0.5497,0.2777,0.8,needs_review,https://x.com/i/status/2104672888796459062
5f726aab5a22eeac15842195,tone,insufficient,0.3133,0.0829,0.8,needs_review,https://x.com/i/status/2104672888796459062
5f726aab5a22eeac15842195,importance,insufficient,0.5832,0.1833,0.8,needs_review,https://x.com/i/status/2104672888796459062
5f726aab5a22eeac15842195,urgency,none,0.6715,0.2941,0.8,needs_review,https://x.com/i/status/2104672888796459062
5f726aab5a22eeac15842195,promotion,promotional,0.3573,0.0419,0.8,needs_review,https://x.com/i/status/2104672888796459062
5f726aab5a22eeac15842195,token_reference,absent,0.5756,0.1567,0.8,needs_review,https://x.com/i/status/2104672888796459062
5f726aab5a22eeac15842195,narrative_object,absent,0.741,0.4312,0.8,needs_review,https://x.com/i/status/2104672888796459062
5f726aab5a22eeac15842195,context_dependence,dependent,0.5199,0.0816,0.8,needs_review,https://x.com/i/status/2104672888796459062
391302d071764fefbfcf53f6,relevance,,,,0.8,needs_review,https://x.com/i/status/2104672861809987589
391302d071764fefbfcf53f6,event,,,,0.8,needs_review,https://x.com/i/status/2104672861809987589
391302d071764fefbfcf53f6,claim,,,,0.8,needs_review,https://x.com/i/status/2104672861809987589
391302d071764fefbfcf53f6,tone,,,,0.8,needs_review,https://x.com/i/status/2104672861809987589
391302d071764fefbfcf53f6,importance,,,,0.8,needs_review,https://x.com/i/status/2104672861809987589
391302d071764fefbfcf53f6,urgency,,,,0.8,needs_review,https://x.com/i/status/2104672861809987589
391302d071764fefbfcf53f6,promotion,,,,0.8,needs_review,https://x.com/i/status/2104672861809987589
391302d071764fefbfcf53f6,token_reference,,,,0.8,needs_review,https://x.com/i/status/2104672861809987589
391302d071764fefbfcf53f6,narrative_object,,,,0.8,needs_review,https://x.com/i/status/2104672861809987589
391302d071764fefbfcf53f6,context_dependence,,,,0.8,needs_review,https://x.com/i/status/2104672861809987589
859094d2718c9b89ed011866,relevance,informative,0.463,0.0329,0.8,needs_review,https://github.com/Shopify/ruby/commit/a68e42cfad16857e146d27044c9116cd4bae950b
859094d2718c9b89ed011866,event,technical,0.9965,0.9849,0.8,accepted,https://github.com/Shopify/ruby/commit/a68e42cfad16857e146d27044c9116cd4bae950b
859094d2718c9b89ed011866,claim,opinion,0.4511,0.1945,0.8,needs_review,https://github.com/Shopify/ruby/commit/a68e42cfad16857e146d27044c9116cd4bae950b
859094d2718c9b89ed011866,tone,insufficient,0.2483,0.023,0.8,insufficient,https://github.com/Shopify/ruby/commit/a68e42cfad16857e146d27044c9116cd4bae950b
859094d2718c9b89ed011866,importance,routine,0.4622,0.0835,0.8,needs_review,https://github.com/Shopify/ruby/commit/a68e42cfad16857e146d27044c9116cd4bae950b
859094d2718c9b89ed011866,urgency,none,0.3977,0.0957,0.8,needs_review,https://github.com/Shopify/ruby/commit/a68e42cfad16857e146d27044c9116cd4bae950b
859094d2718c9b89ed011866,promotion,informational,0.3337,0.0166,0.8,needs_review,https://github.com/Shopify/ruby/commit/a68e42cfad16857e146d27044c9116cd4bae950b
859094d2718c9b89ed011866,token_reference,absent,0.848,0.5187,0.8,accepted,https://github.com/Shopify/ruby/commit/a68e42cfad16857e146d27044c9116cd4bae950b
859094d2718c9b89ed011866,narrative_object,absent,0.3388,0.0781,0.8,needs_review,https://github.com/Shopify/ruby/commit/a68e42cfad16857e146d27044c9116cd4bae950b
859094d2718c9b89ed011866,context_dependence,standalone,0.4056,0.0452,0.8,needs_review,https://github.com/Shopify/ruby/commit/a68e42cfad16857e146d27044c9116cd4bae950b
baad8bb615eacd9223069b1f,relevance,insufficient,0.5535,0.1177,0.8,insufficient,https://github.com/NVIDIA/NemoClaw/commit/a36e41287ea9e93988d4b588693fefa05b01730c
baad8bb615eacd9223069b1f,event,technical,0.9795,0.9337,0.8,accepted,https://github.com/NVIDIA/NemoClaw/commit/a36e41287ea9e93988d4b588693fefa05b01730c
baad8bb615eacd9223069b1f,claim,announcement,0.6134,0.4176,0.8,needs_review,https://github.com/NVIDIA/NemoClaw/commit/a36e41287ea9e93988d4b588693fefa05b01730c
baad8bb615eacd9223069b1f,tone,insufficient,0.3819,0.1148,0.8,insufficient,https://github.com/NVIDIA/NemoClaw/commit/a36e41287ea9e93988d4b588693fefa05b01730c
baad8bb615eacd9223069b1f,importance,project,0.3587,0.072,0.8,needs_review,https://github.com/NVIDIA/NemoClaw/commit/a36e41287ea9e93988d4b588693fefa05b01730c
baad8bb615eacd9223069b1f,urgency,none,0.6625,0.3341,0.8,needs_review,https://github.com/NVIDIA/NemoClaw/commit/a36e41287ea9e93988d4b588693fefa05b01730c
baad8bb615eacd9223069b1f,promotion,insufficient,0.4456,0.0867,0.8,insufficient,https://github.com/NVIDIA/NemoClaw/commit/a36e41287ea9e93988d4b588693fefa05b01730c
baad8bb615eacd9223069b1f,token_reference,absent,0.8419,0.5046,0.8,accepted,https://github.com/NVIDIA/NemoClaw/commit/a36e41287ea9e93988d4b588693fefa05b01730c
baad8bb615eacd9223069b1f,narrative_object,absent,0.4647,0.1953,0.8,needs_review,https://github.com/NVIDIA/NemoClaw/commit/a36e41287ea9e93988d4b588693fefa05b01730c
baad8bb615eacd9223069b1f,context_dependence,standalone,0.4484,0.0636,0.8,needs_review,https://github.com/NVIDIA/NemoClaw/commit/a36e41287ea9e93988d4b588693fefa05b01730c
04c0ac383cc9c82d7e00d9df,relevance,informative,0.6496,0.2006,0.8,needs_review,https://x.com/i/status/2104672811646378425
04c0ac383cc9c82d7e00d9df,event,technical,0.8422,0.6528,0.8,needs_review,https://x.com/i/status/2104672811646378425
04c0ac383cc9c82d7e00d9df,claim,announcement,0.8761,0.7323,0.8,needs_review,https://x.com/i/status/2104672811646378425
04c0ac383cc9c82d7e00d9df,tone,insufficient,0.27,0.0379,0.8,needs_review,https://x.com/i/status/2104672811646378425
04c0ac383cc9c82d7e00d9df,importance,project,0.5818,0.2168,0.8,needs_review,https://x.com/i/status/2104672811646378425
04c0ac383cc9c82d7e00d9df,urgency,none,0.4836,0.1184,0.8,needs_review,https://x.com/i/status/2104672811646378425
04c0ac383cc9c82d7e00d9df,promotion,informational,0.3925,0.0443,0.8,needs_review,https://x.com/i/status/2104672811646378425
04c0ac383cc9c82d7e00d9df,token_reference,absent,0.633,0.2513,0.8,needs_review,https://x.com/i/status/2104672811646378425
04c0ac383cc9c82d7e00d9df,narrative_object,absent,0.5728,0.213,0.8,needs_review,https://x.com/i/status/2104672811646378425
04c0ac383cc9c82d7e00d9df,context_dependence,standalone,0.558,0.1474,0.8,needs_review,https://x.com/i/status/2104672811646378425
9273ee32cb178375b121bcac,relevance,insufficient,0.4437,0.0886,0.8,insufficient,https://x.com/i/status/2104672801839821012
9273ee32cb178375b121bcac,event,other,0.6746,0.494,0.8,needs_review,https://x.com/i/status/2104672801839821012
9273ee32cb178375b121bcac,claim,insufficient,0.5143,0.2186,0.8,insufficient,https://x.com/i/status/2104672801839821012
9273ee32cb178375b121bcac,tone,insufficient,0.289,0.0712,0.8,insufficient,https://x.com/i/status/2104672801839821012
9273ee32cb178375b121bcac,importance,insufficient,0.7282,0.3653,0.8,insufficient,https://x.com/i/status/2104672801839821012
9273ee32cb178375b121bcac,urgency,none,0.7299,0.4135,0.8,needs_review,https://x.com/i/status/2104672801839821012
9273ee32cb178375b121bcac,promotion,promotional,0.5877,0.2016,0.8,needs_review,https://x.com/i/status/2104672801839821012
9273ee32cb178375b121bcac,token_reference,absent,0.81,0.4377,0.8,accepted,https://x.com/i/status/2104672801839821012
9273ee32cb178375b121bcac,narrative_object,absent,0.9186,0.7633,0.8,accepted,https://x.com/i/status/2104672801839821012
9273ee32cb178375b121bcac,context_dependence,insufficient,0.3591,0.003,0.8,insufficient,https://x.com/i/status/2104672801839821012
9f1345b0a10fbe67a26226dc,relevance,insufficient,0.4902,0.0706,0.8,insufficient,https://x.com/i/status/2104672792725897568
9f1345b0a10fbe67a26226dc,event,launch,0.4327,0.2983,0.8,needs_review,https://x.com/i/status/2104672792725897568
9f1345b0a10fbe67a26226dc,claim,insufficient,0.3785,0.0869,0.8,insufficient,https://x.com/i/status/2104672792725897568
9f1345b0a10fbe67a26226dc,tone,neutral,0.3936,0.1031,0.8,needs_review,https://x.com/i/status/2104672792725897568
9f1345b0a10fbe67a26226dc,importance,sector,0.5073,0.1522,0.8,needs_review,https://x.com/i/status/2104672792725897568
9f1345b0a10fbe67a26226dc,urgency,none,0.5911,0.2786,0.8,needs_review,https://x.com/i/status/2104672792725897568
9f1345b0a10fbe67a26226dc,promotion,insufficient,0.3829,0.0397,0.8,insufficient,https://x.com/i/status/2104672792725897568
9f1345b0a10fbe67a26226dc,token_reference,absent,0.528,0.0839,0.8,needs_review,https://x.com/i/status/2104672792725897568
9f1345b0a10fbe67a26226dc,narrative_object,cultural,0.4085,0.1502,0.8,needs_review,https://x.com/i/status/2104672792725897568
9f1345b0a10fbe67a26226dc,context_dependence,dependent,0.4203,0.0161,0.8,needs_review,https://x.com/i/status/2104672792725897568
5fba45e69d5b3b249f1c3a3c,relevance,noise,0.4299,0.0745,0.8,needs_review,https://x.com/i/status/2104672791908004060
5fba45e69d5b3b249f1c3a3c,event,other,0.7593,0.5075,0.8,needs_review,https://x.com/i/status/2104672791908004060
5fba45e69d5b3b249f1c3a3c,claim,insufficient,0.3531,0.144,0.8,needs_review,https://x.com/i/status/2104672791908004060
5fba45e69d5b3b249f1c3a3c,tone,negative,0.3331,0.1179,0.8,needs_review,https://x.com/i/status/2104672791908004060
5fba45e69d5b3b249f1c3a3c,importance,insufficient,0.7216,0.3532,0.8,needs_review,https://x.com/i/status/2104672791908004060
5fba45e69d5b3b249f1c3a3c,urgency,none,0.7836,0.4729,0.8,needs_review,https://x.com/i/status/2104672791908004060
5fba45e69d5b3b249f1c3a3c,promotion,insufficient,0.4644,0.0815,0.8,needs_review,https://x.com/i/status/2104672791908004060
5fba45e69d5b3b249f1c3a3c,token_reference,absent,0.5294,0.1038,0.8,needs_review,https://x.com/i/status/2104672791908004060
5fba45e69d5b3b249f1c3a3c,narrative_object,absent,0.6755,0.3814,0.8,needs_review,https://x.com/i/status/2104672791908004060
5fba45e69d5b3b249f1c3a3c,context_dependence,standalone,0.4721,0.0462,0.8,needs_review,https://x.com/i/status/2104672791908004060
2a5e240296cf859032a6df2d,relevance,informative,0.4609,0.0567,0.8,needs_review,https://x.com/i/status/2104672790020608015
2a5e240296cf859032a6df2d,event,other,0.4594,0.2395,0.8,needs_review,https://x.com/i/status/2104672790020608015
2a5e240296cf859032a6df2d,claim,insufficient,0.4809,0.1838,0.8,needs_review,https://x.com/i/status/2104672790020608015
2a5e240296cf859032a6df2d,tone,positive,0.5986,0.259,0.8,needs_review,https://x.com/i/status/2104672790020608015
2a5e240296cf859032a6df2d,importance,insufficient,0.5958,0.1986,0.8,needs_review,https://x.com/i/status/2104672790020608015
2a5e240296cf859032a6df2d,urgency,none,0.7728,0.4405,0.8,needs_review,https://x.com/i/status/2104672790020608015
2a5e240296cf859032a6df2d,promotion,promotional,0.4044,0.0477,0.8,needs_review,https://x.com/i/status/2104672790020608015
2a5e240296cf859032a6df2d,token_reference,absent,0.5415,0.1088,0.8,needs_review,https://x.com/i/status/2104672790020608015
2a5e240296cf859032a6df2d,narrative_object,absent,0.4567,0.187,0.8,needs_review,https://x.com/i/status/2104672790020608015
2a5e240296cf859032a6df2d,context_dependence,standalone,0.5054,0.0704,0.8,needs_review,https://x.com/i/status/2104672790020608015
fc60f3c29302bf135a743527,relevance,insufficient,0.563,0.1378,0.8,insufficient,https://github.com/NVIDIA/k8s-nim-operator/commit/c3b1c2f6f3d28d0d0bbdeb55121468f4b87105d2
fc60f3c29302bf135a743527,event,technical,0.9747,0.9234,0.8,accepted,https://github.com/NVIDIA/k8s-nim-operator/commit/c3b1c2f6f3d28d0d0bbdeb55121468f4b87105d2
fc60f3c29302bf135a743527,claim,announcement,0.4254,0.3473,0.8,needs_review,https://github.com/NVIDIA/k8s-nim-operator/commit/c3b1c2f6f3d28d0d0bbdeb55121468f4b87105d2
fc60f3c29302bf135a743527,tone,insufficient,0.4211,0.1589,0.8,insufficient,https://github.com/NVIDIA/k8s-nim-operator/commit/c3b1c2f6f3d28d0d0bbdeb55121468f4b87105d2
fc60f3c29302bf135a743527,importance,project,0.462,0.1284,0.8,needs_review,https://github.com/NVIDIA/k8s-nim-operator/commit/c3b1c2f6f3d28d0d0bbdeb55121468f4b87105d2
fc60f3c29302bf135a743527,urgency,none,0.6083,0.2785,0.8,needs_review,https://github.com/NVIDIA/k8s-nim-operator/commit/c3b1c2f6f3d28d0d0bbdeb55121468f4b87105d2
fc60f3c29302bf135a743527,promotion,insufficient,0.4174,0.0831,0.8,insufficient,https://github.com/NVIDIA/k8s-nim-operator/commit/c3b1c2f6f3d28d0d0bbdeb55121468f4b87105d2
fc60f3c29302bf135a743527,token_reference,absent,0.8311,0.4829,0.8,accepted,https://github.com/NVIDIA/k8s-nim-operator/commit/c3b1c2f6f3d28d0d0bbdeb55121468f4b87105d2
fc60f3c29302bf135a743527,narrative_object,absent,0.5684,0.2611,0.8,needs_review,https://github.com/NVIDIA/k8s-nim-operator/commit/c3b1c2f6f3d28d0d0bbdeb55121468f4b87105d2
fc60f3c29302bf135a743527,context_dependence,standalone,0.405,0.0215,0.8,needs_review,https://github.com/NVIDIA/k8s-nim-operator/commit/c3b1c2f6f3d28d0d0bbdeb55121468f4b87105d2
f35b6e36049af3b26ad784b3,relevance,insufficient,0.576,0.1219,0.8,insufficient,https://x.com/i/status/2104672772924285148
f35b6e36049af3b26ad784b3,event,partnership,0.4818,0.3879,0.8,needs_review,https://x.com/i/status/2104672772924285148
f35b6e36049af3b26ad784b3,claim,announcement,0.9766,0.9189,0.8,accepted,https://x.com/i/status/2104672772924285148
f35b6e36049af3b26ad784b3,tone,insufficient,0.343,0.0904,0.8,insufficient,https://x.com/i/status/2104672772924285148
f35b6e36049af3b26ad784b3,importance,project,0.4252,0.0668,0.8,needs_review,https://x.com/i/status/2104672772924285148
f35b6e36049af3b26ad784b3,urgency,none,0.5325,0.188,0.8,needs_review,https://x.com/i/status/2104672772924285148
f35b6e36049af3b26ad784b3,promotion,promotional,0.5598,0.1622,0.8,needs_review,https://x.com/i/status/2104672772924285148
f35b6e36049af3b26ad784b3,token_reference,absent,0.7303,0.3078,0.8,needs_review,https://x.com/i/status/2104672772924285148
f35b6e36049af3b26ad784b3,narrative_object,absent,0.4627,0.2569,0.8,needs_review,https://x.com/i/status/2104672772924285148
f35b6e36049af3b26ad784b3,context_dependence,insufficient,0.5421,0.0939,0.8,insufficient,https://x.com/i/status/2104672772924285148
69d4a0e6bf2a753791728434,relevance,insufficient,0.5182,0.093,0.8,insufficient,https://github.com/microsoft/mu_crypto_release/commit/d3d7ac7fa8f6e1812b63cbd87cbf2f2300b8eb0f
69d4a0e6bf2a753791728434,event,technical,0.9886,0.9609,0.8,accepted,https://github.com/microsoft/mu_crypto_release/commit/d3d7ac7fa8f6e1812b63cbd87cbf2f2300b8eb0f
69d4a0e6bf2a753791728434,claim,correction,0.7116,0.495,0.8,needs_review,https://github.com/microsoft/mu_crypto_release/commit/d3d7ac7fa8f6e1812b63cbd87cbf2f2300b8eb0f
69d4a0e6bf2a753791728434,tone,neutral,0.3511,0.1336,0.8,needs_review,https://github.com/microsoft/mu_crypto_release/commit/d3d7ac7fa8f6e1812b63cbd87cbf2f2300b8eb0f
69d4a0e6bf2a753791728434,importance,routine,0.3639,0.0582,0.8,needs_review,https://github.com/microsoft/mu_crypto_release/commit/d3d7ac7fa8f6e1812b63cbd87cbf2f2300b8eb0f
69d4a0e6bf2a753791728434,urgency,none,0.6635,0.3181,0.8,needs_review,https://github.com/microsoft/mu_crypto_release/commit/d3d7ac7fa8f6e1812b63cbd87cbf2f2300b8eb0f
69d4a0e6bf2a753791728434,promotion,insufficient,0.4887,0.1421,0.8,insufficient,https://github.com/microsoft/mu_crypto_release/commit/d3d7ac7fa8f6e1812b63cbd87cbf2f2300b8eb0f
69d4a0e6bf2a753791728434,token_reference,absent,0.8662,0.5604,0.8,accepted,https://github.com/microsoft/mu_crypto_release/commit/d3d7ac7fa8f6e1812b63cbd87cbf2f2300b8eb0f
69d4a0e6bf2a753791728434,narrative_object,product,0.45,0.2162,0.8,needs_review,https://github.com/microsoft/mu_crypto_release/commit/d3d7ac7fa8f6e1812b63cbd87cbf2f2300b8eb0f
69d4a0e6bf2a753791728434,context_dependence,standalone,0.4157,0.0196,0.8,needs_review,https://github.com/microsoft/mu_crypto_release/commit/d3d7ac7fa8f6e1812b63cbd87cbf2f2300b8eb0f
86683a0b0c6b1d8ff586a57f,relevance,informative,0.4906,0.0666,0.8,needs_review,https://github.com/microsoft/vscode/commit/f6829cd9175329a52b69b9348db6ca8f2f8ddfd1
86683a0b0c6b1d8ff586a57f,event,technical,0.9754,0.9212,0.8,accepted,https://github.com/microsoft/vscode/commit/f6829cd9175329a52b69b9348db6ca8f2f8ddfd1
86683a0b0c6b1d8ff586a57f,claim,announcement,0.3766,0.1996,0.8,needs_review,https://github.com/microsoft/vscode/commit/f6829cd9175329a52b69b9348db6ca8f2f8ddfd1
86683a0b0c6b1d8ff586a57f,tone,neutral,0.3383,0.0483,0.8,needs_review,https://github.com/microsoft/vscode/commit/f6829cd9175329a52b69b9348db6ca8f2f8ddfd1
86683a0b0c6b1d8ff586a57f,importance,routine,0.4015,0.0511,0.8,needs_review,https://github.com/microsoft/vscode/commit/f6829cd9175329a52b69b9348db6ca8f2f8ddfd1
86683a0b0c6b1d8ff586a57f,urgency,none,0.5291,0.1773,0.8,needs_review,https://github.com/microsoft/vscode/commit/f6829cd9175329a52b69b9348db6ca8f2f8ddfd1
86683a0b0c6b1d8ff586a57f,promotion,insufficient,0.3847,0.0608,0.8,insufficient,https://github.com/microsoft/vscode/commit/f6829cd9175329a52b69b9348db6ca8f2f8ddfd1
86683a0b0c6b1d8ff586a57f,token_reference,absent,0.7981,0.4167,0.8,needs_review,https://github.com/microsoft/vscode/commit/f6829cd9175329a52b69b9348db6ca8f2f8ddfd1
86683a0b0c6b1d8ff586a57f,narrative_object,product,0.4074,0.1446,0.8,needs_review,https://github.com/microsoft/vscode/commit/f6829cd9175329a52b69b9348db6ca8f2f8ddfd1
86683a0b0c6b1d8ff586a57f,context_dependence,standalone,0.4456,0.025,0.8,needs_review,https://github.com/microsoft/vscode/commit/f6829cd9175329a52b69b9348db6ca8f2f8ddfd1
3a8f5ab55ac4c2dc2557c68f,relevance,insufficient,0.5116,0.1069,0.8,insufficient,https://github.com/aws/agentcore-cli/commit/bb2fa429725058f6b5a42fc8c5d6c4bc9f8deff4
3a8f5ab55ac4c2dc2557c68f,event,technical,0.9792,0.9345,0.8,accepted,https://github.com/aws/agentcore-cli/commit/bb2fa429725058f6b5a42fc8c5d6c4bc9f8deff4
3a8f5ab55ac4c2dc2557c68f,claim,insufficient,0.7169,0.4492,0.8,insufficient,https://github.com/aws/agentcore-cli/commit/bb2fa429725058f6b5a42fc8c5d6c4bc9f8deff4
3a8f5ab55ac4c2dc2557c68f,tone,insufficient,0.4064,0.1554,0.8,insufficient,https://github.com/aws/agentcore-cli/commit/bb2fa429725058f6b5a42fc8c5d6c4bc9f8deff4
3a8f5ab55ac4c2dc2557c68f,importance,project,0.5176,0.1655,0.8,needs_review,https://github.com/aws/agentcore-cli/commit/bb2fa429725058f6b5a42fc8c5d6c4bc9f8deff4
3a8f5ab55ac4c2dc2557c68f,urgency,none,0.6028,0.3419,0.8,needs_review,https://github.com/aws/agentcore-cli/commit/bb2fa429725058f6b5a42fc8c5d6c4bc9f8deff4
3a8f5ab55ac4c2dc2557c68f,promotion,insufficient,0.5428,0.1586,0.8,insufficient,https://github.com/aws/agentcore-cli/commit/bb2fa429725058f6b5a42fc8c5d6c4bc9f8deff4
3a8f5ab55ac4c2dc2557c68f,token_reference,absent,0.8384,0.4974,0.8,accepted,https://github.com/aws/agentcore-cli/commit/bb2fa429725058f6b5a42fc8c5d6c4bc9f8deff4
3a8f5ab55ac4c2dc2557c68f,narrative_object,absent,0.4843,0.2645,0.8,needs_review,https://github.com/aws/agentcore-cli/commit/bb2fa429725058f6b5a42fc8c5d6c4bc9f8deff4
3a8f5ab55ac4c2dc2557c68f,context_dependence,standalone,0.4406,0.0679,0.8,needs_review,https://github.com/aws/agentcore-cli/commit/bb2fa429725058f6b5a42fc8c5d6c4bc9f8deff4
87ae520abd67c440e2bc37e6,relevance,insufficient,0.4182,0.0416,0.8,needs_review,https://x.com/i/status/2104672722974544365
87ae520abd67c440e2bc37e6,event,launch,0.8393,0.7032,0.8,needs_review,https://x.com/i/status/2104672722974544365
87ae520abd67c440e2bc37e6,claim,announcement,0.9805,0.9353,0.8,needs_review,https://x.com/i/status/2104672722974544365
87ae520abd67c440e2bc37e6,tone,insufficient,0.2876,0.0708,0.8,needs_review,https://x.com/i/status/2104672722974544365
87ae520abd67c440e2bc37e6,importance,project,0.4293,0.0868,0.8,needs_review,https://x.com/i/status/2104672722974544365
87ae520abd67c440e2bc37e6,urgency,none,0.5069,0.1243,0.8,needs_review,https://x.com/i/status/2104672722974544365
87ae520abd67c440e2bc37e6,promotion,promotional,0.8489,0.5752,0.8,needs_review,https://x.com/i/status/2104672722974544365
87ae520abd67c440e2bc37e6,token_reference,absent,0.5285,0.0739,0.8,needs_review,https://x.com/i/status/2104672722974544365
87ae520abd67c440e2bc37e6,narrative_object,cultural,0.5231,0.2511,0.8,needs_review,https://x.com/i/status/2104672722974544365
87ae520abd67c440e2bc37e6,context_dependence,dependent,0.3603,0.0039,0.8,needs_review,https://x.com/i/status/2104672722974544365
923c3fca48faadcd41a6d03a,relevance,insufficient,0.543,0.0857,0.8,insufficient,https://x.com/i/status/2104670539256381830
923c3fca48faadcd41a6d03a,event,technical,0.6572,0.4911,0.8,needs_review,https://x.com/i/status/2104670539256381830
923c3fca48faadcd41a6d03a,claim,announcement,0.7978,0.5828,0.8,needs_review,https://x.com/i/status/2104670539256381830
923c3fca48faadcd41a6d03a,tone,positive,0.4953,0.2003,0.8,needs_review,https://x.com/i/status/2104670539256381830
923c3fca48faadcd41a6d03a,importance,project,0.5578,0.1933,0.8,needs_review,https://x.com/i/status/2104670539256381830
923c3fca48faadcd41a6d03a,urgency,none,0.4963,0.1147,0.8,needs_review,https://x.com/i/status/2104670539256381830
923c3fca48faadcd41a6d03a,promotion,insufficient,0.3824,0.0472,0.8,insufficient,https://x.com/i/status/2104670539256381830
923c3fca48faadcd41a6d03a,token_reference,absent,0.8063,0.4348,0.8,accepted,https://x.com/i/status/2104670539256381830
923c3fca48faadcd41a6d03a,narrative_object,absent,0.3779,0.092,0.8,needs_review,https://x.com/i/status/2104670539256381830
923c3fca48faadcd41a6d03a,context_dependence,standalone,0.3924,0.014,0.8,needs_review,https://x.com/i/status/2104670539256381830
59bc4da42db6df55c328131b,relevance,insufficient,0.5871,0.1266,0.8,insufficient,https://x.com/i/status/2104672717270036816
59bc4da42db6df55c328131b,event,launch,0.6774,0.5889,0.8,needs_review,https://x.com/i/status/2104672717270036816
59bc4da42db6df55c328131b,claim,announcement,0.8664,0.7007,0.8,accepted,https://x.com/i/status/2104672717270036816
59bc4da42db6df55c328131b,tone,insufficient,0.3123,0.0576,0.8,insufficient,https://x.com/i/status/2104672717270036816
59bc4da42db6df55c328131b,importance,insufficient,0.3741,0.0572,0.8,insufficient,https://x.com/i/status/2104672717270036816
59bc4da42db6df55c328131b,urgency,none,0.5675,0.2337,0.8,needs_review,https://x.com/i/status/2104672717270036816
59bc4da42db6df55c328131b,promotion,insufficient,0.4416,0.0756,0.8,insufficient,https://x.com/i/status/2104672717270036816
59bc4da42db6df55c328131b,token_reference,absent,0.7882,0.4003,0.8,needs_review,https://x.com/i/status/2104672717270036816
59bc4da42db6df55c328131b,narrative_object,absent,0.5389,0.2613,0.8,needs_review,https://x.com/i/status/2104672717270036816
59bc4da42db6df55c328131b,context_dependence,insufficient,0.3895,0.0088,0.8,insufficient,https://x.com/i/status/2104672717270036816
eac8f632c261566eb10c450b,relevance,insufficient,0.4267,0.0795,0.8,insufficient,https://x.com/i/status/2104672704695620008
eac8f632c261566eb10c450b,event,technical,0.5055,0.3633,0.8,needs_review,https://x.com/i/status/2104672704695620008
eac8f632c261566eb10c450b,claim,announcement,0.7397,0.4878,0.8,needs_review,https://x.com/i/status/2104672704695620008
eac8f632c261566eb10c450b,tone,positive,0.5087,0.1488,0.8,needs_review,https://x.com/i/status/2104672704695620008
eac8f632c261566eb10c450b,importance,insufficient,0.4779,0.0974,0.8,insufficient,https://x.com/i/status/2104672704695620008
eac8f632c261566eb10c450b,urgency,none,0.6592,0.3414,0.8,needs_review,https://x.com/i/status/2104672704695620008
eac8f632c261566eb10c450b,promotion,promotional,0.4627,0.0795,0.8,needs_review,https://x.com/i/status/2104672704695620008
eac8f632c261566eb10c450b,token_reference,absent,0.793,0.4054,0.8,needs_review,https://x.com/i/status/2104672704695620008
eac8f632c261566eb10c450b,narrative_object,product,0.4197,0.1247,0.8,needs_review,https://x.com/i/status/2104672704695620008
eac8f632c261566eb10c450b,context_dependence,standalone,0.4187,0.0147,0.8,needs_review,https://x.com/i/status/2104672704695620008
0a04215ef35a27dc46247525,relevance,insufficient,0.4685,0.0568,0.8,insufficient,https://github.com/NVIDIA/cccl/commit/d9eb6b45ea5252425e6f9effb01800bbdc16afbf
0a04215ef35a27dc46247525,event,technical,0.9901,0.9652,0.8,accepted,https://github.com/NVIDIA/cccl/commit/d9eb6b45ea5252425e6f9effb01800bbdc16afbf
0a04215ef35a27dc46247525,claim,announcement,0.8167,0.6237,0.8,accepted,https://github.com/NVIDIA/cccl/commit/d9eb6b45ea5252425e6f9effb01800bbdc16afbf
0a04215ef35a27dc46247525,tone,insufficient,0.4465,0.1746,0.8,insufficient,https://github.com/NVIDIA/cccl/commit/d9eb6b45ea5252425e6f9effb01800bbdc16afbf
0a04215ef35a27dc46247525,importance,routine,0.4342,0.2235,0.8,needs_review,https://github.com/NVIDIA/cccl/commit/d9eb6b45ea5252425e6f9effb01800bbdc16afbf
0a04215ef35a27dc46247525,urgency,none,0.5308,0.1495,0.8,needs_review,https://github.com/NVIDIA/cccl/commit/d9eb6b45ea5252425e6f9effb01800bbdc16afbf
0a04215ef35a27dc46247525,promotion,insufficient,0.6374,0.2434,0.8,insufficient,https://github.com/NVIDIA/cccl/commit/d9eb6b45ea5252425e6f9effb01800bbdc16afbf
0a04215ef35a27dc46247525,token_reference,absent,0.8188,0.4551,0.8,accepted,https://github.com/NVIDIA/cccl/commit/d9eb6b45ea5252425e6f9effb01800bbdc16afbf
0a04215ef35a27dc46247525,narrative_object,absent,0.763,0.5165,0.8,needs_review,https://github.com/NVIDIA/cccl/commit/d9eb6b45ea5252425e6f9effb01800bbdc16afbf
0a04215ef35a27dc46247525,context_dependence,standalone,0.4401,0.0993,0.8,needs_review,https://github.com/NVIDIA/cccl/commit/d9eb6b45ea5252425e6f9effb01800bbdc16afbf
89fc62bebefdf073c75b3d2e,relevance,insufficient,0.5738,0.1224,0.8,insufficient,https://github.com/microsoft/sarif-website/commit/3bed62815b8c8fc53f0d6bd59e90aced1ce9014e
89fc62bebefdf073c75b3d2e,event,technical,0.9868,0.9547,0.8,accepted,https://github.com/microsoft/sarif-website/commit/3bed62815b8c8fc53f0d6bd59e90aced1ce9014e
89fc62bebefdf073c75b3d2e,claim,correction,0.6136,0.3858,0.8,needs_review,https://github.com/microsoft/sarif-website/commit/3bed62815b8c8fc53f0d6bd59e90aced1ce9014e
89fc62bebefdf073c75b3d2e,tone,insufficient,0.3256,0.0868,0.8,insufficient,https://github.com/microsoft/sarif-website/commit/3bed62815b8c8fc53f0d6bd59e90aced1ce9014e
89fc62bebefdf073c75b3d2e,importance,routine,0.3738,0.0769,0.8,needs_review,https://github.com/microsoft/sarif-website/commit/3bed62815b8c8fc53f0d6bd59e90aced1ce9014e
89fc62bebefdf073c75b3d2e,urgency,none,0.682,0.3337,0.8,needs_review,https://github.com/microsoft/sarif-website/commit/3bed62815b8c8fc53f0d6bd59e90aced1ce9014e
89fc62bebefdf073c75b3d2e,promotion,insufficient,0.423,0.0833,0.8,insufficient,https://github.com/microsoft/sarif-website/commit/3bed62815b8c8fc53f0d6bd59e90aced1ce9014e
89fc62bebefdf073c75b3d2e,token_reference,absent,0.8207,0.4597,0.8,accepted,https://github.com/microsoft/sarif-website/commit/3bed62815b8c8fc53f0d6bd59e90aced1ce9014e
89fc62bebefdf073c75b3d2e,narrative_object,person,0.6236,0.3198,0.8,needs_review,https://github.com/microsoft/sarif-website/commit/3bed62815b8c8fc53f0d6bd59e90aced1ce9014e
89fc62bebefdf073c75b3d2e,context_dependence,standalone,0.4908,0.0539,0.8,needs_review,https://github.com/microsoft/sarif-website/commit/3bed62815b8c8fc53f0d6bd59e90aced1ce9014e
805eabb84cee22cc10643cb8,relevance,insufficient,0.4945,0.0762,0.8,insufficient,https://x.com/i/status/2104672674228453830
805eabb84cee22cc10643cb8,event,launch,0.9837,0.9518,0.8,accepted,https://x.com/i/status/2104672674228453830
805eabb84cee22cc10643cb8,claim,announcement,0.9946,0.978,0.8,accepted,https://x.com/i/status/2104672674228453830
805eabb84cee22cc10643cb8,tone,insufficient,0.4436,0.1328,0.8,insufficient,https://x.com/i/status/2104672674228453830
805eabb84cee22cc10643cb8,importance,routine,0.4854,0.1277,0.8,needs_review,https://x.com/i/status/2104672674228453830
805eabb84cee22cc10643cb8,urgency,none,0.6056,0.2502,0.8,needs_review,https://x.com/i/status/2104672674228453830
805eabb84cee22cc10643cb8,promotion,promotional,0.6012,0.2339,0.8,needs_review,https://x.com/i/status/2104672674228453830
805eabb84cee22cc10643cb8,token_reference,absent,0.6613,0.2055,0.8,needs_review,https://x.com/i/status/2104672674228453830
805eabb84cee22cc10643cb8,narrative_object,product,0.5698,0.2842,0.8,needs_review,https://x.com/i/status/2104672674228453830
805eabb84cee22cc10643cb8,context_dependence,standalone,0.49,0.0475,0.8,needs_review,https://x.com/i/status/2104672674228453830
dd194f81a07f8ab694e52abc,relevance,insufficient,0.4756,0.0623,0.8,insufficient,https://x.com/i/status/2104672672785588346
dd194f81a07f8ab694e52abc,event,technical,0.7019,0.4961,0.8,needs_review,https://x.com/i/status/2104672672785588346
dd194f81a07f8ab694e52abc,claim,announcement,0.703,0.4674,0.8,needs_review,https://x.com/i/status/2104672672785588346
dd194f81a07f8ab694e52abc,tone,positive,0.4771,0.1603,0.8,needs_review,https://x.com/i/status/2104672672785588346
dd194f81a07f8ab694e52abc,importance,project,0.4137,0.068,0.8,needs_review,https://x.com/i/status/2104672672785588346
dd194f81a07f8ab694e52abc,urgency,none,0.4615,0.0933,0.8,needs_review,https://x.com/i/status/2104672672785588346
dd194f81a07f8ab694e52abc,promotion,promotional,0.3734,0.0277,0.8,needs_review,https://x.com/i/status/2104672672785588346
dd194f81a07f8ab694e52abc,token_reference,absent,0.5166,0.0653,0.8,needs_review,https://x.com/i/status/2104672672785588346
dd194f81a07f8ab694e52abc,narrative_object,absent,0.5286,0.2317,0.8,needs_review,https://x.com/i/status/2104672672785588346
dd194f81a07f8ab694e52abc,context_dependence,insufficient,0.4116,0.0271,0.8,insufficient,https://x.com/i/status/2104672672785588346
ea4e760ebab5bad70121690c,relevance,insufficient,0.4337,0.0533,0.8,insufficient,https://github.com/NVIDIA/cudf-spark-jni/commit/6fd5a20650a183918e73f3bbb3834e42ffeba7ec
ea4e760ebab5bad70121690c,event,technical,0.9524,0.8761,0.8,accepted,https://github.com/NVIDIA/cudf-spark-jni/commit/6fd5a20650a183918e73f3bbb3834e42ffeba7ec
ea4e760ebab5bad70121690c,claim,announcement,0.3481,0.2296,0.8,needs_review,https://github.com/NVIDIA/cudf-spark-jni/commit/6fd5a20650a183918e73f3bbb3834e42ffeba7ec
ea4e760ebab5bad70121690c,tone,insufficient,0.3245,0.0759,0.8,insufficient,https://github.com/NVIDIA/cudf-spark-jni/commit/6fd5a20650a183918e73f3bbb3834e42ffeba7ec
ea4e760ebab5bad70121690c,importance,project,0.387,0.0673,0.8,needs_review,https://github.com/NVIDIA/cudf-spark-jni/commit/6fd5a20650a183918e73f3bbb3834e42ffeba7ec
ea4e760ebab5bad70121690c,urgency,none,0.5179,0.1828,0.8,needs_review,https://github.com/NVIDIA/cudf-spark-jni/commit/6fd5a20650a183918e73f3bbb3834e42ffeba7ec
ea4e760ebab5bad70121690c,promotion,insufficient,0.5331,0.1364,0.8,insufficient,https://github.com/NVIDIA/cudf-spark-jni/commit/6fd5a20650a183918e73f3bbb3834e42ffeba7ec
ea4e760ebab5bad70121690c,token_reference,absent,0.7938,0.4099,0.8,needs_review,https://github.com/NVIDIA/cudf-spark-jni/commit/6fd5a20650a183918e73f3bbb3834e42ffeba7ec
ea4e760ebab5bad70121690c,narrative_object,product,0.5286,0.2527,0.8,needs_review,https://github.com/NVIDIA/cudf-spark-jni/commit/6fd5a20650a183918e73f3bbb3834e42ffeba7ec
ea4e760ebab5bad70121690c,context_dependence,dependent,0.4291,0.0181,0.8,needs_review,https://github.com/NVIDIA/cudf-spark-jni/commit/6fd5a20650a183918e73f3bbb3834e42ffeba7ec
3edd88329a25e63128451809,relevance,noise,0.5122,0.0778,0.8,needs_review,https://x.com/i/status/2104662434585661949
3edd88329a25e63128451809,event,launch,0.7855,0.6135,0.8,needs_review,https://x.com/i/status/2104662434585661949
3edd88329a25e63128451809,claim,announcement,0.9825,0.9387,0.8,accepted,https://x.com/i/status/2104662434585661949
3edd88329a25e63128451809,tone,neutral,0.2573,0.0479,0.8,needs_review,https://x.com/i/status/2104662434585661949
3edd88329a25e63128451809,importance,insufficient,0.5041,0.1225,0.8,insufficient,https://x.com/i/status/2104662434585661949
3edd88329a25e63128451809,urgency,none,0.7268,0.3704,0.8,needs_review,https://x.com/i/status/2104662434585661949
3edd88329a25e63128451809,promotion,promotional,0.8764,0.6326,0.8,accepted,https://x.com/i/status/2104662434585661949
3edd88329a25e63128451809,token_reference,absent,0.7429,0.3199,0.8,needs_review,https://x.com/i/status/2104662434585661949
3edd88329a25e63128451809,narrative_object,absent,0.4477,0.1918,0.8,needs_review,https://x.com/i/status/2104662434585661949
3edd88329a25e63128451809,context_dependence,standalone,0.4566,0.0509,0.8,needs_review,https://x.com/i/status/2104662434585661949
c7f29b12906ad782333ba793,relevance,noise,0.7227,0.2982,0.8,needs_review,https://x.com/i/status/2104672667131429016
c7f29b12906ad782333ba793,event,launch,0.5871,0.3622,0.8,needs_review,https://x.com/i/status/2104672667131429016
c7f29b12906ad782333ba793,claim,announcement,0.7467,0.4951,0.8,needs_review,https://x.com/i/status/2104672667131429016
c7f29b12906ad782333ba793,tone,insufficient,0.2896,0.0378,0.8,insufficient,https://x.com/i/status/2104672667131429016
c7f29b12906ad782333ba793,importance,insufficient,0.4672,0.0825,0.8,insufficient,https://x.com/i/status/2104672667131429016
c7f29b12906ad782333ba793,urgency,none,0.5264,0.1516,0.8,needs_review,https://x.com/i/status/2104672667131429016
c7f29b12906ad782333ba793,promotion,promotional,0.5331,0.1346,0.8,needs_review,https://x.com/i/status/2104672667131429016
c7f29b12906ad782333ba793,token_reference,absent,0.6857,0.2355,0.8,needs_review,https://x.com/i/status/2104672667131429016
c7f29b12906ad782333ba793,narrative_object,absent,0.4364,0.1609,0.8,needs_review,https://x.com/i/status/2104672667131429016
c7f29b12906ad782333ba793,context_dependence,dependent,0.444,0.0393,0.8,needs_review,https://x.com/i/status/2104672667131429016
5136ca6ca1d2309a5fb033cf,relevance,informative,0.4362,0.0682,0.8,needs_review,https://x.com/i/status/2104672663901966748
5136ca6ca1d2309a5fb033cf,event,launch,0.5076,0.495,0.8,needs_review,https://x.com/i/status/2104672663901966748
5136ca6ca1d2309a5fb033cf,claim,announcement,0.9782,0.9264,0.8,accepted,https://x.com/i/status/2104672663901966748
5136ca6ca1d2309a5fb033cf,tone,positive,0.6095,0.2673,0.8,needs_review,https://x.com/i/status/2104672663901966748
5136ca6ca1d2309a5fb033cf,importance,project,0.5773,0.1848,0.8,needs_review,https://x.com/i/status/2104672663901966748
5136ca6ca1d2309a5fb033cf,urgency,none,0.3453,0.0501,0.8,needs_review,https://x.com/i/status/2104672663901966748
5136ca6ca1d2309a5fb033cf,promotion,promotional,0.6097,0.2125,0.8,needs_review,https://x.com/i/status/2104672663901966748
5136ca6ca1d2309a5fb033cf,token_reference,absent,0.5293,0.0768,0.8,needs_review,https://x.com/i/status/2104672663901966748
5136ca6ca1d2309a5fb033cf,narrative_object,product,0.5446,0.2458,0.8,needs_review,https://x.com/i/status/2104672663901966748
5136ca6ca1d2309a5fb033cf,context_dependence,dependent,0.4772,0.0407,0.8,needs_review,https://x.com/i/status/2104672663901966748
9cd32e2daeae10a2a87d9cbd,relevance,informative,0.5721,0.109,0.8,needs_review,https://github.com/NVIDIA/OpenShell-Research/commit/6a7e1cbd62014aab5046f2c72aace782b2fe9ef6
9cd32e2daeae10a2a87d9cbd,event,launch,0.6898,0.5708,0.8,needs_review,https://github.com/NVIDIA/OpenShell-Research/commit/6a7e1cbd62014aab5046f2c72aace782b2fe9ef6
9cd32e2daeae10a2a87d9cbd,claim,announcement,0.9389,0.8285,0.8,accepted,https://github.com/NVIDIA/OpenShell-Research/commit/6a7e1cbd62014aab5046f2c72aace782b2fe9ef6
9cd32e2daeae10a2a87d9cbd,tone,insufficient,0.2787,0.0697,0.8,insufficient,https://github.com/NVIDIA/OpenShell-Research/commit/6a7e1cbd62014aab5046f2c72aace782b2fe9ef6
9cd32e2daeae10a2a87d9cbd,importance,project,0.4365,0.0723,0.8,needs_review,https://github.com/NVIDIA/OpenShell-Research/commit/6a7e1cbd62014aab5046f2c72aace782b2fe9ef6
9cd32e2daeae10a2a87d9cbd,urgency,none,0.6116,0.2147,0.8,needs_review,https://github.com/NVIDIA/OpenShell-Research/commit/6a7e1cbd62014aab5046f2c72aace782b2fe9ef6
9cd32e2daeae10a2a87d9cbd,promotion,promotional,0.5328,0.1318,0.8,needs_review,https://github.com/NVIDIA/OpenShell-Research/commit/6a7e1cbd62014aab5046f2c72aace782b2fe9ef6
9cd32e2daeae10a2a87d9cbd,token_reference,explicit,0.7021,0.263,0.8,needs_review,https://github.com/NVIDIA/OpenShell-Research/commit/6a7e1cbd62014aab5046f2c72aace782b2fe9ef6
9cd32e2daeae10a2a87d9cbd,narrative_object,product,0.4132,0.1212,0.8,needs_review,https://github.com/NVIDIA/OpenShell-Research/commit/6a7e1cbd62014aab5046f2c72aace782b2fe9ef6
9cd32e2daeae10a2a87d9cbd,context_dependence,standalone,0.7228,0.289,0.8,needs_review,https://github.com/NVIDIA/OpenShell-Research/commit/6a7e1cbd62014aab5046f2c72aace782b2fe9ef6
dd67c6605aeb4c49c7d01252,relevance,insufficient,0.5007,0.054,0.8,insufficient,https://github.com/alibaba/rtp-llm/commit/ecc27de3f10ac2f9f58213d41d9e6bb3cbfe49b8
dd67c6605aeb4c49c7d01252,event,technical,0.9134,0.8053,0.8,accepted,https://github.com/alibaba/rtp-llm/commit/ecc27de3f10ac2f9f58213d41d9e6bb3cbfe49b8
dd67c6605aeb4c49c7d01252,claim,insufficient,0.5499,0.2792,0.8,insufficient,https://github.com/alibaba/rtp-llm/commit/ecc27de3f10ac2f9f58213d41d9e6bb3cbfe49b8
dd67c6605aeb4c49c7d01252,tone,insufficient,0.3851,0.111,0.8,insufficient,https://github.com/alibaba/rtp-llm/commit/ecc27de3f10ac2f9f58213d41d9e6bb3cbfe49b8
dd67c6605aeb4c49c7d01252,importance,insufficient,0.4626,0.1054,0.8,insufficient,https://github.com/alibaba/rtp-llm/commit/ecc27de3f10ac2f9f58213d41d9e6bb3cbfe49b8
dd67c6605aeb4c49c7d01252,urgency,none,0.6814,0.3425,0.8,needs_review,https://github.com/alibaba/rtp-llm/commit/ecc27de3f10ac2f9f58213d41d9e6bb3cbfe49b8
dd67c6605aeb4c49c7d01252,promotion,promotional,0.3771,0.0837,0.8,needs_review,https://github.com/alibaba/rtp-llm/commit/ecc27de3f10ac2f9f58213d41d9e6bb3cbfe49b8
dd67c6605aeb4c49c7d01252,token_reference,absent,0.806,0.4317,0.8,accepted,https://github.com/alibaba/rtp-llm/commit/ecc27de3f10ac2f9f58213d41d9e6bb3cbfe49b8
dd67c6605aeb4c49c7d01252,narrative_object,absent,0.6223,0.3861,0.8,needs_review,https://github.com/alibaba/rtp-llm/commit/ecc27de3f10ac2f9f58213d41d9e6bb3cbfe49b8
dd67c6605aeb4c49c7d01252,context_dependence,standalone,0.4588,0.0315,0.8,needs_review,https://github.com/alibaba/rtp-llm/commit/ecc27de3f10ac2f9f58213d41d9e6bb3cbfe49b8
52d4a1f4f7615779f685bd9d,relevance,insufficient,0.4116,0.0343,0.8,insufficient,https://x.com/i/status/2104672567294562534
52d4a1f4f7615779f685bd9d,event,technical,0.7696,0.5744,0.8,needs_review,https://x.com/i/status/2104672567294562534
52d4a1f4f7615779f685bd9d,claim,announcement,0.6145,0.3261,0.8,needs_review,https://x.com/i/status/2104672567294562534
52d4a1f4f7615779f685bd9d,tone,positive,0.3251,0.0525,0.8,needs_review,https://x.com/i/status/2104672567294562534
52d4a1f4f7615779f685bd9d,importance,project,0.3697,0.0289,0.8,needs_review,https://x.com/i/status/2104672567294562534
52d4a1f4f7615779f685bd9d,urgency,none,0.5261,0.1547,0.8,needs_review,https://x.com/i/status/2104672567294562534
52d4a1f4f7615779f685bd9d,promotion,promotional,0.4387,0.0677,0.8,needs_review,https://x.com/i/status/2104672567294562534
52d4a1f4f7615779f685bd9d,token_reference,absent,0.5642,0.1018,0.8,needs_review,https://x.com/i/status/2104672567294562534
52d4a1f4f7615779f685bd9d,narrative_object,absent,0.4555,0.1853,0.8,needs_review,https://x.com/i/status/2104672567294562534
52d4a1f4f7615779f685bd9d,context_dependence,dependent,0.3827,0.0093,0.8,needs_review,https://x.com/i/status/2104672567294562534
3918115aa3b0624461637a2f,relevance,insufficient,0.5162,0.0643,0.8,insufficient,https://github.com/ROCm/cvs/commit/46eec0d130433c52714482f1a40ebdc2f3dd86f4
3918115aa3b0624461637a2f,event,technical,0.9839,0.9458,0.8,accepted,https://github.com/ROCm/cvs/commit/46eec0d130433c52714482f1a40ebdc2f3dd86f4
3918115aa3b0624461637a2f,claim,insufficient,0.4405,0.2743,0.8,insufficient,https://github.com/ROCm/cvs/commit/46eec0d130433c52714482f1a40ebdc2f3dd86f4
3918115aa3b0624461637a2f,tone,insufficient,0.3721,0.1226,0.8,insufficient,https://github.com/ROCm/cvs/commit/46eec0d130433c52714482f1a40ebdc2f3dd86f4
3918115aa3b0624461637a2f,importance,routine,0.5476,0.2245,0.8,needs_review,https://github.com/ROCm/cvs/commit/46eec0d130433c52714482f1a40ebdc2f3dd86f4
3918115aa3b0624461637a2f,urgency,none,0.6641,0.2914,0.8,needs_review,https://github.com/ROCm/cvs/commit/46eec0d130433c52714482f1a40ebdc2f3dd86f4
3918115aa3b0624461637a2f,promotion,insufficient,0.4838,0.1301,0.8,insufficient,https://github.com/ROCm/cvs/commit/46eec0d130433c52714482f1a40ebdc2f3dd86f4
3918115aa3b0624461637a2f,token_reference,absent,0.8733,0.5757,0.8,accepted,https://github.com/ROCm/cvs/commit/46eec0d130433c52714482f1a40ebdc2f3dd86f4
3918115aa3b0624461637a2f,narrative_object,absent,0.5264,0.2174,0.8,needs_review,https://github.com/ROCm/cvs/commit/46eec0d130433c52714482f1a40ebdc2f3dd86f4
3918115aa3b0624461637a2f,context_dependence,standalone,0.4647,0.0662,0.8,needs_review,https://github.com/ROCm/cvs/commit/46eec0d130433c52714482f1a40ebdc2f3dd86f4
877aba1c1f4878cda32df371,relevance,insufficient,0.4661,0.0468,0.8,insufficient,https://github.com/microsoft/mrc-nccl-plugin/commit/dd260565314e244f1308391934b25db7ca875ff0
877aba1c1f4878cda32df371,event,technical,0.8119,0.7191,0.8,accepted,https://github.com/microsoft/mrc-nccl-plugin/commit/dd260565314e244f1308391934b25db7ca875ff0
877aba1c1f4878cda32df371,claim,announcement,0.7425,0.5616,0.8,needs_review,https://github.com/microsoft/mrc-nccl-plugin/commit/dd260565314e244f1308391934b25db7ca875ff0
877aba1c1f4878cda32df371,tone,neutral,0.3292,0.0834,0.8,needs_review,https://github.com/microsoft/mrc-nccl-plugin/commit/dd260565314e244f1308391934b25db7ca875ff0
877aba1c1f4878cda32df371,importance,routine,0.5411,0.1747,0.8,needs_review,https://github.com/microsoft/mrc-nccl-plugin/commit/dd260565314e244f1308391934b25db7ca875ff0
877aba1c1f4878cda32df371,urgency,none,0.7235,0.3887,0.8,needs_review,https://github.com/microsoft/mrc-nccl-plugin/commit/dd260565314e244f1308391934b25db7ca875ff0
877aba1c1f4878cda32df371,promotion,insufficient,0.3316,0.0365,0.8,insufficient,https://github.com/microsoft/mrc-nccl-plugin/commit/dd260565314e244f1308391934b25db7ca875ff0
877aba1c1f4878cda32df371,token_reference,absent,0.8978,0.6362,0.8,accepted,https://github.com/microsoft/mrc-nccl-plugin/commit/dd260565314e244f1308391934b25db7ca875ff0
877aba1c1f4878cda32df371,narrative_object,product,0.3911,0.202,0.8,needs_review,https://github.com/microsoft/mrc-nccl-plugin/commit/dd260565314e244f1308391934b25db7ca875ff0
877aba1c1f4878cda32df371,context_dependence,standalone,0.5473,0.1003,0.8,needs_review,https://github.com/microsoft/mrc-nccl-plugin/commit/dd260565314e244f1308391934b25db7ca875ff0
3ce8c311e17bd04a4922979a,relevance,insufficient,0.485,0.0519,0.8,needs_review,https://x.com/i/status/2104653717341655525
3ce8c311e17bd04a4922979a,event,incident,0.7496,0.5627,0.8,needs_review,https://x.com/i/status/2104653717341655525
3ce8c311e17bd04a4922979a,claim,insufficient,0.3951,0.2189,0.8,needs_review,https://x.com/i/status/2104653717341655525
3ce8c311e17bd04a4922979a,tone,negative,0.4111,0.136,0.8,needs_review,https://x.com/i/status/2104653717341655525
3ce8c311e17bd04a4922979a,importance,insufficient,0.6407,0.252,0.8,needs_review,https://x.com/i/status/2104653717341655525
3ce8c311e17bd04a4922979a,urgency,none,0.6082,0.2353,0.8,needs_review,https://x.com/i/status/2104653717341655525
3ce8c311e17bd04a4922979a,promotion,insufficient,0.4981,0.1095,0.8,needs_review,https://x.com/i/status/2104653717341655525
3ce8c311e17bd04a4922979a,token_reference,absent,0.7704,0.3661,0.8,needs_review,https://x.com/i/status/2104653717341655525
3ce8c311e17bd04a4922979a,narrative_object,absent,0.7886,0.5357,0.8,needs_review,https://x.com/i/status/2104653717341655525
3ce8c311e17bd04a4922979a,context_dependence,standalone,0.5427,0.0931,0.8,needs_review,https://x.com/i/status/2104653717341655525
4be122bd4323b055db5da4d0,relevance,informative,0.4972,0.0535,0.8,needs_review,https://x.com/i/status/2104672544225939718
4be122bd4323b055db5da4d0,event,technical,0.9706,0.9142,0.8,accepted,https://x.com/i/status/2104672544225939718
4be122bd4323b055db5da4d0,claim,opinion,0.4205,0.1577,0.8,needs_review,https://x.com/i/status/2104672544225939718
4be122bd4323b055db5da4d0,tone,positive,0.6235,0.324,0.8,needs_review,https://x.com/i/status/2104672544225939718
4be122bd4323b055db5da4d0,importance,insufficient,0.5502,0.1969,0.8,insufficient,https://x.com/i/status/2104672544225939718
4be122bd4323b055db5da4d0,urgency,immediate,0.392,0.0354,0.8,needs_review,https://x.com/i/status/2104672544225939718
4be122bd4323b055db5da4d0,promotion,insufficient,0.5546,0.1544,0.8,insufficient,https://x.com/i/status/2104672544225939718
4be122bd4323b055db5da4d0,token_reference,absent,0.4357,0.0551,0.8,needs_review,https://x.com/i/status/2104672544225939718
4be122bd4323b055db5da4d0,narrative_object,absent,0.5823,0.4042,0.8,needs_review,https://x.com/i/status/2104672544225939718
4be122bd4323b055db5da4d0,context_dependence,standalone,0.4032,0.0114,0.8,needs_review,https://x.com/i/status/2104672544225939718
29e61f22d988a7d690afccc4,relevance,insufficient,0.4605,0.0657,0.8,insufficient,https://github.com/google/gvisor/commit/8dc6dbe24f770ff70273a8fb803acbcb3aa715a6
29e61f22d988a7d690afccc4,event,technical,0.9037,0.8169,0.8,accepted,https://github.com/google/gvisor/commit/8dc6dbe24f770ff70273a8fb803acbcb3aa715a6
29e61f22d988a7d690afccc4,claim,insufficient,0.3348,0.2032,0.8,insufficient,https://github.com/google/gvisor/commit/8dc6dbe24f770ff70273a8fb803acbcb3aa715a6
29e61f22d988a7d690afccc4,tone,insufficient,0.2949,0.0415,0.8,insufficient,https://github.com/google/gvisor/commit/8dc6dbe24f770ff70273a8fb803acbcb3aa715a6
29e61f22d988a7d690afccc4,importance,project,0.5411,0.1437,0.8,needs_review,https://github.com/google/gvisor/commit/8dc6dbe24f770ff70273a8fb803acbcb3aa715a6
29e61f22d988a7d690afccc4,urgency,none,0.6607,0.2968,0.8,needs_review,https://github.com/google/gvisor/commit/8dc6dbe24f770ff70273a8fb803acbcb3aa715a6
29e61f22d988a7d690afccc4,promotion,insufficient,0.3653,0.0262,0.8,insufficient,https://github.com/google/gvisor/commit/8dc6dbe24f770ff70273a8fb803acbcb3aa715a6
29e61f22d988a7d690afccc4,token_reference,absent,0.748,0.3312,0.8,needs_review,https://github.com/google/gvisor/commit/8dc6dbe24f770ff70273a8fb803acbcb3aa715a6
29e61f22d988a7d690afccc4,narrative_object,product,0.7678,0.5139,0.8,needs_review,https://github.com/google/gvisor/commit/8dc6dbe24f770ff70273a8fb803acbcb3aa715a6
29e61f22d988a7d690afccc4,context_dependence,standalone,0.3835,0.0053,0.8,needs_review,https://github.com/google/gvisor/commit/8dc6dbe24f770ff70273a8fb803acbcb3aa715a6
2d5358105cef4ca30f2e5a09,relevance,insufficient,0.4036,0.0124,0.8,insufficient,https://github.com/NVIDIA/cuda-quantum/commit/ab4d797037240f2ed7e782a29dc45a08cdebc277
2d5358105cef4ca30f2e5a09,event,technical,0.9104,0.7951,0.8,accepted,https://github.com/NVIDIA/cuda-quantum/commit/ab4d797037240f2ed7e782a29dc45a08cdebc277
2d5358105cef4ca30f2e5a09,claim,correction,0.829,0.6876,0.8,accepted,https://github.com/NVIDIA/cuda-quantum/commit/ab4d797037240f2ed7e782a29dc45a08cdebc277
2d5358105cef4ca30f2e5a09,tone,insufficient,0.4861,0.2021,0.8,insufficient,https://github.com/NVIDIA/cuda-quantum/commit/ab4d797037240f2ed7e782a29dc45a08cdebc277
2d5358105cef4ca30f2e5a09,importance,routine,0.4388,0.0974,0.8,needs_review,https://github.com/NVIDIA/cuda-quantum/commit/ab4d797037240f2ed7e782a29dc45a08cdebc277
2d5358105cef4ca30f2e5a09,urgency,none,0.5906,0.2181,0.8,needs_review,https://github.com/NVIDIA/cuda-quantum/commit/ab4d797037240f2ed7e782a29dc45a08cdebc277
2d5358105cef4ca30f2e5a09,promotion,insufficient,0.4788,0.1105,0.8,insufficient,https://github.com/NVIDIA/cuda-quantum/commit/ab4d797037240f2ed7e782a29dc45a08cdebc277
2d5358105cef4ca30f2e5a09,token_reference,absent,0.7464,0.329,0.8,needs_review,https://github.com/NVIDIA/cuda-quantum/commit/ab4d797037240f2ed7e782a29dc45a08cdebc277
2d5358105cef4ca30f2e5a09,narrative_object,absent,0.4325,0.1457,0.8,needs_review,https://github.com/NVIDIA/cuda-quantum/commit/ab4d797037240f2ed7e782a29dc45a08cdebc277
2d5358105cef4ca30f2e5a09,context_dependence,insufficient,0.4328,0.066,0.8,insufficient,https://github.com/NVIDIA/cuda-quantum/commit/ab4d797037240f2ed7e782a29dc45a08cdebc277
12cd291209129d4d195b3db2,relevance,informative,0.4619,0.035,0.8,needs_review,https://github.com/ROCm/hrx-system/commit/a10d23710218a5d9913f6b959792bd883761a498
12cd291209129d4d195b3db2,event,technical,0.9857,0.9538,0.8,accepted,https://github.com/ROCm/hrx-system/commit/a10d23710218a5d9913f6b959792bd883761a498
12cd291209129d4d195b3db2,claim,announcement,0.7926,0.5499,0.8,needs_review,https://github.com/ROCm/hrx-system/commit/a10d23710218a5d9913f6b959792bd883761a498
12cd291209129d4d195b3db2,tone,neutral,0.3067,0.0466,0.8,needs_review,https://github.com/ROCm/hrx-system/commit/a10d23710218a5d9913f6b959792bd883761a498
12cd291209129d4d195b3db2,importance,project,0.3048,0.0146,0.8,needs_review,https://github.com/ROCm/hrx-system/commit/a10d23710218a5d9913f6b959792bd883761a498
12cd291209129d4d195b3db2,urgency,scheduled,0.5093,0.2193,0.8,needs_review,https://github.com/ROCm/hrx-system/commit/a10d23710218a5d9913f6b959792bd883761a498
12cd291209129d4d195b3db2,promotion,insufficient,0.3964,0.038,0.8,insufficient,https://github.com/ROCm/hrx-system/commit/a10d23710218a5d9913f6b959792bd883761a498
12cd291209129d4d195b3db2,token_reference,absent,0.8513,0.525,0.8,accepted,https://github.com/ROCm/hrx-system/commit/a10d23710218a5d9913f6b959792bd883761a498
12cd291209129d4d195b3db2,narrative_object,product,0.5872,0.2914,0.8,needs_review,https://github.com/ROCm/hrx-system/commit/a10d23710218a5d9913f6b959792bd883761a498
12cd291209129d4d195b3db2,context_dependence,standalone,0.4416,0.031,0.8,needs_review,https://github.com/ROCm/hrx-system/commit/a10d23710218a5d9913f6b959792bd883761a498
bfe7a65ca3f588d11b42d7eb,relevance,insufficient,0.6314,0.2292,0.8,insufficient,https://github.com/microsoft/garnet/commit/b7676c5470bc5ba4cc21fdaeba1cba8a880b2b9e
bfe7a65ca3f588d11b42d7eb,event,technical,0.9627,0.9077,0.8,accepted,https://github.com/microsoft/garnet/commit/b7676c5470bc5ba4cc21fdaeba1cba8a880b2b9e
bfe7a65ca3f588d11b42d7eb,claim,insufficient,0.7278,0.5035,0.8,insufficient,https://github.com/microsoft/garnet/commit/b7676c5470bc5ba4cc21fdaeba1cba8a880b2b9e
bfe7a65ca3f588d11b42d7eb,tone,insufficient,0.7684,0.5109,0.8,insufficient,https://github.com/microsoft/garnet/commit/b7676c5470bc5ba4cc21fdaeba1cba8a880b2b9e
bfe7a65ca3f588d11b42d7eb,importance,routine,0.3946,0.1503,0.8,needs_review,https://github.com/microsoft/garnet/commit/b7676c5470bc5ba4cc21fdaeba1cba8a880b2b9e
bfe7a65ca3f588d11b42d7eb,urgency,none,0.7448,0.5033,0.8,needs_review,https://github.com/microsoft/garnet/commit/b7676c5470bc5ba4cc21fdaeba1cba8a880b2b9e
bfe7a65ca3f588d11b42d7eb,promotion,insufficient,0.8466,0.6485,0.8,insufficient,https://github.com/microsoft/garnet/commit/b7676c5470bc5ba4cc21fdaeba1cba8a880b2b9e
bfe7a65ca3f588d11b42d7eb,token_reference,absent,0.7904,0.4006,0.8,needs_review,https://github.com/microsoft/garnet/commit/b7676c5470bc5ba4cc21fdaeba1cba8a880b2b9e
bfe7a65ca3f588d11b42d7eb,narrative_object,product,0.7333,0.5263,0.8,needs_review,https://github.com/microsoft/garnet/commit/b7676c5470bc5ba4cc21fdaeba1cba8a880b2b9e
bfe7a65ca3f588d11b42d7eb,context_dependence,insufficient,0.6898,0.2535,0.8,insufficient,https://github.com/microsoft/garnet/commit/b7676c5470bc5ba4cc21fdaeba1cba8a880b2b9e
9e347fe2d434d9846ad31237,relevance,noise,0.4014,0.0164,0.8,needs_review,https://x.com/i/status/2104672445680517250
9e347fe2d434d9846ad31237,event,technical,0.6127,0.5098,0.8,needs_review,https://x.com/i/status/2104672445680517250
9e347fe2d434d9846ad31237,claim,announcement,0.8027,0.6172,0.8,accepted,https://x.com/i/status/2104672445680517250
9e347fe2d434d9846ad31237,tone,negative,0.3147,0.0243,0.8,needs_review,https://x.com/i/status/2104672445680517250
9e347fe2d434d9846ad31237,importance,project,0.805,0.4963,0.8,accepted,https://x.com/i/status/2104672445680517250
9e347fe2d434d9846ad31237,urgency,none,0.3831,0.0711,0.8,needs_review,https://x.com/i/status/2104672445680517250
9e347fe2d434d9846ad31237,promotion,promotional,0.6638,0.2787,0.8,needs_review,https://x.com/i/status/2104672445680517250
9e347fe2d434d9846ad31237,token_reference,absent,0.5282,0.0771,0.8,needs_review,https://x.com/i/status/2104672445680517250
9e347fe2d434d9846ad31237,narrative_object,product,0.481,0.2001,0.8,needs_review,https://x.com/i/status/2104672445680517250
9e347fe2d434d9846ad31237,context_dependence,dependent,0.4682,0.036,0.8,needs_review,https://x.com/i/status/2104672445680517250
fc7759fdeed68bfc9ce7bf14,relevance,insufficient,0.3817,0.0142,0.8,insufficient,https://x.com/i/status/2104672433563455628
fc7759fdeed68bfc9ce7bf14,event,technical,0.3929,0.3511,0.8,needs_review,https://x.com/i/status/2104672433563455628
fc7759fdeed68bfc9ce7bf14,claim,announcement,0.4745,0.189,0.8,needs_review,https://x.com/i/status/2104672433563455628
fc7759fdeed68bfc9ce7bf14,tone,positive,0.2988,0.0461,0.8,needs_review,https://x.com/i/status/2104672433563455628
fc7759fdeed68bfc9ce7bf14,importance,project,0.4819,0.0953,0.8,needs_review,https://x.com/i/status/2104672433563455628
fc7759fdeed68bfc9ce7bf14,urgency,none,0.4451,0.0844,0.8,needs_review,https://x.com/i/status/2104672433563455628
fc7759fdeed68bfc9ce7bf14,promotion,promotional,0.4765,0.086,0.8,needs_review,https://x.com/i/status/2104672433563455628
fc7759fdeed68bfc9ce7bf14,token_reference,absent,0.4562,0.0338,0.8,needs_review,https://x.com/i/status/2104672433563455628
fc7759fdeed68bfc9ce7bf14,narrative_object,product,0.6546,0.3406,0.8,needs_review,https://x.com/i/status/2104672433563455628
fc7759fdeed68bfc9ce7bf14,context_dependence,dependent,0.4135,0.022,0.8,needs_review,https://x.com/i/status/2104672433563455628
f1e1d570698207351f4b6b11,relevance,insufficient,0.4327,0.0476,0.8,insufficient,https://github.com/google/dart_cli_pkg/commit/8fe84b4c56a75eb413b44a198b43e59982f6943c
f1e1d570698207351f4b6b11,event,technical,0.9801,0.9353,0.8,accepted,https://github.com/google/dart_cli_pkg/commit/8fe84b4c56a75eb413b44a198b43e59982f6943c
f1e1d570698207351f4b6b11,claim,correction,0.4605,0.2761,0.8,needs_review,https://github.com/google/dart_cli_pkg/commit/8fe84b4c56a75eb413b44a198b43e59982f6943c
f1e1d570698207351f4b6b11,tone,insufficient,0.31,0.0859,0.8,insufficient,https://github.com/google/dart_cli_pkg/commit/8fe84b4c56a75eb413b44a198b43e59982f6943c
f1e1d570698207351f4b6b11,importance,routine,0.4924,0.1514,0.8,needs_review,https://github.com/google/dart_cli_pkg/commit/8fe84b4c56a75eb413b44a198b43e59982f6943c
f1e1d570698207351f4b6b11,urgency,none,0.6181,0.234,0.8,needs_review,https://github.com/google/dart_cli_pkg/commit/8fe84b4c56a75eb413b44a198b43e59982f6943c
f1e1d570698207351f4b6b11,promotion,insufficient,0.4565,0.1067,0.8,insufficient,https://github.com/google/dart_cli_pkg/commit/8fe84b4c56a75eb413b44a198b43e59982f6943c
f1e1d570698207351f4b6b11,token_reference,absent,0.7578,0.3443,0.8,needs_review,https://github.com/google/dart_cli_pkg/commit/8fe84b4c56a75eb413b44a198b43e59982f6943c
f1e1d570698207351f4b6b11,narrative_object,product,0.6245,0.3303,0.8,needs_review,https://github.com/google/dart_cli_pkg/commit/8fe84b4c56a75eb413b44a198b43e59982f6943c
f1e1d570698207351f4b6b11,context_dependence,standalone,0.4156,0.016,0.8,needs_review,https://github.com/google/dart_cli_pkg/commit/8fe84b4c56a75eb413b44a198b43e59982f6943c
6ab2ace7d9b67c2371b53cf6,relevance,noise,0.5274,0.2148,0.8,needs_review,https://github.com/microsoft/garnet/commit/1cb945f0841c66c51069c14826726fe818557fb9
6ab2ace7d9b67c2371b53cf6,event,technical,0.9177,0.8377,0.8,accepted,https://github.com/microsoft/garnet/commit/1cb945f0841c66c51069c14826726fe818557fb9
6ab2ace7d9b67c2371b53cf6,claim,insufficient,0.7224,0.4797,0.8,insufficient,https://github.com/microsoft/garnet/commit/1cb945f0841c66c51069c14826726fe818557fb9
6ab2ace7d9b67c2371b53cf6,tone,insufficient,0.6841,0.386,0.8,insufficient,https://github.com/microsoft/garnet/commit/1cb945f0841c66c51069c14826726fe818557fb9
6ab2ace7d9b67c2371b53cf6,importance,insufficient,0.5076,0.183,0.8,insufficient,https://github.com/microsoft/garnet/commit/1cb945f0841c66c51069c14826726fe818557fb9
6ab2ace7d9b67c2371b53cf6,urgency,none,0.7134,0.474,0.8,needs_review,https://github.com/microsoft/garnet/commit/1cb945f0841c66c51069c14826726fe818557fb9
6ab2ace7d9b67c2371b53cf6,promotion,insufficient,0.8063,0.58,0.8,insufficient,https://github.com/microsoft/garnet/commit/1cb945f0841c66c51069c14826726fe818557fb9
6ab2ace7d9b67c2371b53cf6,token_reference,absent,0.7871,0.3987,0.8,needs_review,https://github.com/microsoft/garnet/commit/1cb945f0841c66c51069c14826726fe818557fb9
6ab2ace7d9b67c2371b53cf6,narrative_object,product,0.7814,0.5712,0.8,needs_review,https://github.com/microsoft/garnet/commit/1cb945f0841c66c51069c14826726fe818557fb9
6ab2ace7d9b67c2371b53cf6,context_dependence,insufficient,0.5826,0.1315,0.8,insufficient,https://github.com/microsoft/garnet/commit/1cb945f0841c66c51069c14826726fe818557fb9
f5a0ea4c6d2b29eccb98cde5,relevance,insufficient,0.6399,0.179,0.8,insufficient,https://x.com/i/status/2104672402752024703
f5a0ea4c6d2b29eccb98cde5,event,technical,0.8756,0.7275,0.8,accepted,https://x.com/i/status/2104672402752024703
f5a0ea4c6d2b29eccb98cde5,claim,announcement,0.4539,0.3083,0.8,needs_review,https://x.com/i/status/2104672402752024703
f5a0ea4c6d2b29eccb98cde5,tone,insufficient,0.3955,0.0845,0.8,insufficient,https://x.com/i/status/2104672402752024703
f5a0ea4c6d2b29eccb98cde5,importance,insufficient,0.3265,0.0475,0.8,insufficient,https://x.com/i/status/2104672402752024703
f5a0ea4c6d2b29eccb98cde5,urgency,none,0.5506,0.1851,0.8,needs_review,https://x.com/i/status/2104672402752024703
f5a0ea4c6d2b29eccb98cde5,promotion,insufficient,0.3141,0.0259,0.8,insufficient,https://x.com/i/status/2104672402752024703
f5a0ea4c6d2b29eccb98cde5,token_reference,absent,0.6217,0.1576,0.8,needs_review,https://x.com/i/status/2104672402752024703
f5a0ea4c6d2b29eccb98cde5,narrative_object,product,0.6809,0.4099,0.8,needs_review,https://x.com/i/status/2104672402752024703
f5a0ea4c6d2b29eccb98cde5,context_dependence,insufficient,0.4944,0.0663,0.8,insufficient,https://x.com/i/status/2104672402752024703
44b80440ce1365095f59b2a8,relevance,,,,0.8,needs_review,https://x.com/i/status/2104672366823420198
44b80440ce1365095f59b2a8,event,,,,0.8,needs_review,https://x.com/i/status/2104672366823420198
44b80440ce1365095f59b2a8,claim,,,,0.8,needs_review,https://x.com/i/status/2104672366823420198
44b80440ce1365095f59b2a8,tone,,,,0.8,needs_review,https://x.com/i/status/2104672366823420198
44b80440ce1365095f59b2a8,importance,,,,0.8,needs_review,https://x.com/i/status/2104672366823420198
44b80440ce1365095f59b2a8,urgency,,,,0.8,needs_review,https://x.com/i/status/2104672366823420198
44b80440ce1365095f59b2a8,promotion,,,,0.8,needs_review,https://x.com/i/status/2104672366823420198
44b80440ce1365095f59b2a8,token_reference,,,,0.8,needs_review,https://x.com/i/status/2104672366823420198
44b80440ce1365095f59b2a8,narrative_object,,,,0.8,needs_review,https://x.com/i/status/2104672366823420198
44b80440ce1365095f59b2a8,context_dependence,,,,0.8,needs_review,https://x.com/i/status/2104672366823420198
581cd536ed746443e4e8915e,relevance,noise,0.479,0.0569,0.8,needs_review,https://x.com/i/status/2104672331687940478
581cd536ed746443e4e8915e,event,incident,0.9016,0.7966,0.8,accepted,https://x.com/i/status/2104672331687940478
581cd536ed746443e4e8915e,claim,correction,0.4228,0.2748,0.8,needs_review,https://x.com/i/status/2104672331687940478
581cd536ed746443e4e8915e,tone,negative,0.7161,0.405,0.8,needs_review,https://x.com/i/status/2104672331687940478
581cd536ed746443e4e8915e,importance,project,0.5334,0.164,0.8,needs_review,https://x.com/i/status/2104672331687940478
581cd536ed746443e4e8915e,urgency,none,0.5534,0.1846,0.8,needs_review,https://x.com/i/status/2104672331687940478
581cd536ed746443e4e8915e,promotion,informational,0.3489,0.0422,0.8,needs_review,https://x.com/i/status/2104672331687940478
581cd536ed746443e4e8915e,token_reference,absent,0.8046,0.4324,0.8,accepted,https://x.com/i/status/2104672331687940478
581cd536ed746443e4e8915e,narrative_object,product,0.8586,0.6564,0.8,accepted,https://x.com/i/status/2104672331687940478
581cd536ed746443e4e8915e,context_dependence,standalone,0.3631,0.0034,0.8,needs_review,https://x.com/i/status/2104672331687940478
94076b638d70c7cc7e00bf1c,relevance,insufficient,0.4654,0.0413,0.8,insufficient,https://x.com/i/status/2104664260077081046
94076b638d70c7cc7e00bf1c,event,technical,0.314,0.1169,0.8,needs_review,https://x.com/i/status/2104664260077081046
94076b638d70c7cc7e00bf1c,claim,allegation,0.4034,0.2186,0.8,needs_review,https://x.com/i/status/2104664260077081046
94076b638d70c7cc7e00bf1c,tone,insufficient,0.2788,0.026,0.8,insufficient,https://x.com/i/status/2104664260077081046
94076b638d70c7cc7e00bf1c,importance,insufficient,0.5218,0.1268,0.8,insufficient,https://x.com/i/status/2104664260077081046
94076b638d70c7cc7e00bf1c,urgency,none,0.5694,0.2099,0.8,needs_review,https://x.com/i/status/2104664260077081046
94076b638d70c7cc7e00bf1c,promotion,insufficient,0.3898,0.0359,0.8,insufficient,https://x.com/i/status/2104664260077081046
94076b638d70c7cc7e00bf1c,token_reference,absent,0.5875,0.1228,0.8,needs_review,https://x.com/i/status/2104664260077081046
94076b638d70c7cc7e00bf1c,narrative_object,absent,0.6688,0.4046,0.8,needs_review,https://x.com/i/status/2104664260077081046
94076b638d70c7cc7e00bf1c,context_dependence,insufficient,0.3608,0.0015,0.8,insufficient,https://x.com/i/status/2104664260077081046
1121778ca000afe89171cda4,relevance,insufficient,0.4309,0.0473,0.8,insufficient,https://x.com/i/status/2104672322212741307
1121778ca000afe89171cda4,event,other,0.4102,0.1631,0.8,needs_review,https://x.com/i/status/2104672322212741307
1121778ca000afe89171cda4,claim,allegation,0.4247,0.14,0.8,needs_review,https://x.com/i/status/2104672322212741307
1121778ca000afe89171cda4,tone,positive,0.4431,0.1455,0.8,needs_review,https://x.com/i/status/2104672322212741307
1121778ca000afe89171cda4,importance,insufficient,0.5726,0.178,0.8,insufficient,https://x.com/i/status/2104672322212741307
1121778ca000afe89171cda4,urgency,none,0.6431,0.2754,0.8,needs_review,https://x.com/i/status/2104672322212741307
1121778ca000afe89171cda4,promotion,insufficient,0.4398,0.0666,0.8,insufficient,https://x.com/i/status/2104672322212741307
1121778ca000afe89171cda4,token_reference,absent,0.6667,0.2103,0.8,needs_review,https://x.com/i/status/2104672322212741307
1121778ca000afe89171cda4,narrative_object,product,0.4832,0.3161,0.8,needs_review,https://x.com/i/status/2104672322212741307
1121778ca000afe89171cda4,context_dependence,standalone,0.355,0.0039,0.8,needs_review,https://x.com/i/status/2104672322212741307
1808ea59a29bdec49a5daac8,relevance,,,,0.8,needs_review,https://github.com/google/postcss-rename/commit/f36dc236b5024a42210294e1ba6ffa8673702b1f
1808ea59a29bdec49a5daac8,event,,,,0.8,needs_review,https://github.com/google/postcss-rename/commit/f36dc236b5024a42210294e1ba6ffa8673702b1f
1808ea59a29bdec49a5daac8,claim,,,,0.8,needs_review,https://github.com/google/postcss-rename/commit/f36dc236b5024a42210294e1ba6ffa8673702b1f
1808ea59a29bdec49a5daac8,tone,,,,0.8,needs_review,https://github.com/google/postcss-rename/commit/f36dc236b5024a42210294e1ba6ffa8673702b1f
1808ea59a29bdec49a5daac8,importance,,,,0.8,needs_review,https://github.com/google/postcss-rename/commit/f36dc236b5024a42210294e1ba6ffa8673702b1f
1808ea59a29bdec49a5daac8,urgency,,,,0.8,needs_review,https://github.com/google/postcss-rename/commit/f36dc236b5024a42210294e1ba6ffa8673702b1f
1808ea59a29bdec49a5daac8,promotion,,,,0.8,needs_review,https://github.com/google/postcss-rename/commit/f36dc236b5024a42210294e1ba6ffa8673702b1f
1808ea59a29bdec49a5daac8,token_reference,,,,0.8,needs_review,https://github.com/google/postcss-rename/commit/f36dc236b5024a42210294e1ba6ffa8673702b1f
1808ea59a29bdec49a5daac8,narrative_object,,,,0.8,needs_review,https://github.com/google/postcss-rename/commit/f36dc236b5024a42210294e1ba6ffa8673702b1f
1808ea59a29bdec49a5daac8,context_dependence,,,,0.8,needs_review,https://github.com/google/postcss-rename/commit/f36dc236b5024a42210294e1ba6ffa8673702b1f
33dbb1a1e6e4927b0632975e,relevance,informative,0.5411,0.1113,0.8,needs_review,https://x.com/i/status/2104672310838141371
33dbb1a1e6e4927b0632975e,event,incident,0.36,0.316,0.8,needs_review,https://x.com/i/status/2104672310838141371
33dbb1a1e6e4927b0632975e,claim,announcement,0.8602,0.7569,0.8,accepted,https://x.com/i/status/2104672310838141371
33dbb1a1e6e4927b0632975e,tone,negative,0.3498,0.099,0.8,needs_review,https://x.com/i/status/2104672310838141371
33dbb1a1e6e4927b0632975e,importance,routine,0.4384,0.1044,0.8,needs_review,https://x.com/i/status/2104672310838141371
33dbb1a1e6e4927b0632975e,urgency,scheduled,0.392,0.1167,0.8,needs_review,https://x.com/i/status/2104672310838141371
33dbb1a1e6e4927b0632975e,promotion,informational,0.4071,0.0546,0.8,needs_review,https://x.com/i/status/2104672310838141371
33dbb1a1e6e4927b0632975e,token_reference,absent,0.8251,0.4682,0.8,accepted,https://x.com/i/status/2104672310838141371
33dbb1a1e6e4927b0632975e,narrative_object,product,0.5327,0.3074,0.8,needs_review,https://x.com/i/status/2104672310838141371
33dbb1a1e6e4927b0632975e,context_dependence,standalone,0.5197,0.0677,0.8,needs_review,https://x.com/i/status/2104672310838141371
f720f5fb69c3137a91fa1ddb,relevance,informative,0.5248,0.0764,0.8,needs_review,https://x.com/i/status/2104672299349922047
f720f5fb69c3137a91fa1ddb,event,launch,0.2741,0.0727,0.8,needs_review,https://x.com/i/status/2104672299349922047
f720f5fb69c3137a91fa1ddb,claim,announcement,0.9794,0.9344,0.8,needs_review,https://x.com/i/status/2104672299349922047
f720f5fb69c3137a91fa1ddb,tone,insufficient,0.3368,0.0748,0.8,needs_review,https://x.com/i/status/2104672299349922047
f720f5fb69c3137a91fa1ddb,importance,insufficient,0.3909,0.0591,0.8,needs_review,https://x.com/i/status/2104672299349922047
f720f5fb69c3137a91fa1ddb,urgency,none,0.4973,0.1225,0.8,needs_review,https://x.com/i/status/2104672299349922047
f720f5fb69c3137a91fa1ddb,promotion,insufficient,0.3022,0.0153,0.8,needs_review,https://x.com/i/status/2104672299349922047
f720f5fb69c3137a91fa1ddb,token_reference,absent,0.6173,0.171,0.8,needs_review,https://x.com/i/status/2104672299349922047
f720f5fb69c3137a91fa1ddb,narrative_object,absent,0.4752,0.1484,0.8,needs_review,https://x.com/i/status/2104672299349922047
f720f5fb69c3137a91fa1ddb,context_dependence,standalone,0.4439,0.0623,0.8,needs_review,https://x.com/i/status/2104672299349922047
1398a42b91689e6413a0187a,relevance,insufficient,0.5959,0.2164,0.8,insufficient,https://github.com/microsoft/garnet/commit/e3c4aa97f7c8833c0ba590b815b8737f1c931271
1398a42b91689e6413a0187a,event,technical,0.9468,0.8821,0.8,accepted,https://github.com/microsoft/garnet/commit/e3c4aa97f7c8833c0ba590b815b8737f1c931271
1398a42b91689e6413a0187a,claim,insufficient,0.6671,0.4215,0.8,insufficient,https://github.com/microsoft/garnet/commit/e3c4aa97f7c8833c0ba590b815b8737f1c931271
1398a42b91689e6413a0187a,tone,insufficient,0.7126,0.4438,0.8,insufficient,https://github.com/microsoft/garnet/commit/e3c4aa97f7c8833c0ba590b815b8737f1c931271
1398a42b91689e6413a0187a,importance,routine,0.4527,0.1645,0.8,needs_review,https://github.com/microsoft/garnet/commit/e3c4aa97f7c8833c0ba590b815b8737f1c931271
1398a42b91689e6413a0187a,urgency,none,0.6127,0.367,0.8,needs_review,https://github.com/microsoft/garnet/commit/e3c4aa97f7c8833c0ba590b815b8737f1c931271
1398a42b91689e6413a0187a,promotion,insufficient,0.8195,0.6169,0.8,insufficient,https://github.com/microsoft/garnet/commit/e3c4aa97f7c8833c0ba590b815b8737f1c931271
1398a42b91689e6413a0187a,token_reference,absent,0.8199,0.4595,0.8,accepted,https://github.com/microsoft/garnet/commit/e3c4aa97f7c8833c0ba590b815b8737f1c931271
1398a42b91689e6413a0187a,narrative_object,product,0.7288,0.5055,0.8,needs_review,https://github.com/microsoft/garnet/commit/e3c4aa97f7c8833c0ba590b815b8737f1c931271
1398a42b91689e6413a0187a,context_dependence,insufficient,0.6373,0.1885,0.8,insufficient,https://github.com/microsoft/garnet/commit/e3c4aa97f7c8833c0ba590b815b8737f1c931271
31cea7fb6c123a5c7fb9bcf8,relevance,insufficient,0.493,0.078,0.8,insufficient,https://github.com/microsoft/vscode/commit/e381f74ffaab6c20d069283eb8b8c03aec6ded44
31cea7fb6c123a5c7fb9bcf8,event,technical,0.9723,0.9226,0.8,accepted,https://github.com/microsoft/vscode/commit/e381f74ffaab6c20d069283eb8b8c03aec6ded44
31cea7fb6c123a5c7fb9bcf8,claim,announcement,0.9046,0.7731,0.8,accepted,https://github.com/microsoft/vscode/commit/e381f74ffaab6c20d069283eb8b8c03aec6ded44
31cea7fb6c123a5c7fb9bcf8,tone,negative,0.3128,0.095,0.8,needs_review,https://github.com/microsoft/vscode/commit/e381f74ffaab6c20d069283eb8b8c03aec6ded44
31cea7fb6c123a5c7fb9bcf8,importance,routine,0.3298,0.0529,0.8,needs_review,https://github.com/microsoft/vscode/commit/e381f74ffaab6c20d069283eb8b8c03aec6ded44
31cea7fb6c123a5c7fb9bcf8,urgency,none,0.5849,0.1968,0.8,needs_review,https://github.com/microsoft/vscode/commit/e381f74ffaab6c20d069283eb8b8c03aec6ded44
31cea7fb6c123a5c7fb9bcf8,promotion,insufficient,0.4046,0.1217,0.8,insufficient,https://github.com/microsoft/vscode/commit/e381f74ffaab6c20d069283eb8b8c03aec6ded44
31cea7fb6c123a5c7fb9bcf8,token_reference,absent,0.8931,0.6246,0.8,accepted,https://github.com/microsoft/vscode/commit/e381f74ffaab6c20d069283eb8b8c03aec6ded44
31cea7fb6c123a5c7fb9bcf8,narrative_object,product,0.6957,0.4421,0.8,needs_review,https://github.com/microsoft/vscode/commit/e381f74ffaab6c20d069283eb8b8c03aec6ded44
31cea7fb6c123a5c7fb9bcf8,context_dependence,standalone,0.5165,0.0685,0.8,needs_review,https://github.com/microsoft/vscode/commit/e381f74ffaab6c20d069283eb8b8c03aec6ded44
3d98f17e4912dc66fab43428,relevance,insufficient,0.5707,0.1262,0.8,insufficient,https://x.com/i/status/2104672257968893963
3d98f17e4912dc66fab43428,event,launch,0.8918,0.7653,0.8,accepted,https://x.com/i/status/2104672257968893963
3d98f17e4912dc66fab43428,claim,announcement,0.7451,0.4902,0.8,needs_review,https://x.com/i/status/2104672257968893963
3d98f17e4912dc66fab43428,tone,positive,0.3366,0.0628,0.8,needs_review,https://x.com/i/status/2104672257968893963
3d98f17e4912dc66fab43428,importance,insufficient,0.4464,0.1362,0.8,insufficient,https://x.com/i/status/2104672257968893963
3d98f17e4912dc66fab43428,urgency,none,0.566,0.2024,0.8,needs_review,https://x.com/i/status/2104672257968893963
3d98f17e4912dc66fab43428,promotion,insufficient,0.4618,0.0813,0.8,insufficient,https://x.com/i/status/2104672257968893963
3d98f17e4912dc66fab43428,token_reference,absent,0.7404,0.3152,0.8,needs_review,https://x.com/i/status/2104672257968893963
3d98f17e4912dc66fab43428,narrative_object,absent,0.6492,0.398,0.8,needs_review,https://x.com/i/status/2104672257968893963
3d98f17e4912dc66fab43428,context_dependence,insufficient,0.6078,0.1434,0.8,insufficient,https://x.com/i/status/2104672257968893963
37987eda986421a1ef3ea996,relevance,insufficient,0.5187,0.0799,0.8,insufficient,https://github.com/apple/app-store-server-library-swift/commit/aced70913c51f5e055a00998e91fd688d5c50b57
37987eda986421a1ef3ea996,event,technical,0.9815,0.9373,0.8,accepted,https://github.com/apple/app-store-server-library-swift/commit/aced70913c51f5e055a00998e91fd688d5c50b57
37987eda986421a1ef3ea996,claim,correction,0.5047,0.3764,0.8,needs_review,https://github.com/apple/app-store-server-library-swift/commit/aced70913c51f5e055a00998e91fd688d5c50b57
37987eda986421a1ef3ea996,tone,insufficient,0.5304,0.2474,0.8,insufficient,https://github.com/apple/app-store-server-library-swift/commit/aced70913c51f5e055a00998e91fd688d5c50b57
37987eda986421a1ef3ea996,importance,project,0.3758,0.0622,0.8,needs_review,https://github.com/apple/app-store-server-library-swift/commit/aced70913c51f5e055a00998e91fd688d5c50b57
37987eda986421a1ef3ea996,urgency,none,0.5866,0.226,0.8,needs_review,https://github.com/apple/app-store-server-library-swift/commit/aced70913c51f5e055a00998e91fd688d5c50b57
37987eda986421a1ef3ea996,promotion,insufficient,0.6208,0.2234,0.8,insufficient,https://github.com/apple/app-store-server-library-swift/commit/aced70913c51f5e055a00998e91fd688d5c50b57
37987eda986421a1ef3ea996,token_reference,absent,0.8269,0.4752,0.8,accepted,https://github.com/apple/app-store-server-library-swift/commit/aced70913c51f5e055a00998e91fd688d5c50b57
37987eda986421a1ef3ea996,narrative_object,absent,0.6195,0.3555,0.8,needs_review,https://github.com/apple/app-store-server-library-swift/commit/aced70913c51f5e055a00998e91fd688d5c50b57
37987eda986421a1ef3ea996,context_dependence,insufficient,0.5748,0.1267,0.8,insufficient,https://github.com/apple/app-store-server-library-swift/commit/aced70913c51f5e055a00998e91fd688d5c50b57
677f0827eb921010b4561d2a,relevance,,,,0.8,needs_review,https://github.com/NVIDIA/Model-Optimizer/commit/e948fc5108214a2f9a0aa0d1939b47f7f26a90db
677f0827eb921010b4561d2a,event,,,,0.8,needs_review,https://github.com/NVIDIA/Model-Optimizer/commit/e948fc5108214a2f9a0aa0d1939b47f7f26a90db
677f0827eb921010b4561d2a,claim,,,,0.8,needs_review,https://github.com/NVIDIA/Model-Optimizer/commit/e948fc5108214a2f9a0aa0d1939b47f7f26a90db
677f0827eb921010b4561d2a,tone,,,,0.8,needs_review,https://github.com/NVIDIA/Model-Optimizer/commit/e948fc5108214a2f9a0aa0d1939b47f7f26a90db
677f0827eb921010b4561d2a,importance,,,,0.8,needs_review,https://github.com/NVIDIA/Model-Optimizer/commit/e948fc5108214a2f9a0aa0d1939b47f7f26a90db
677f0827eb921010b4561d2a,urgency,,,,0.8,needs_review,https://github.com/NVIDIA/Model-Optimizer/commit/e948fc5108214a2f9a0aa0d1939b47f7f26a90db
677f0827eb921010b4561d2a,promotion,,,,0.8,needs_review,https://github.com/NVIDIA/Model-Optimizer/commit/e948fc5108214a2f9a0aa0d1939b47f7f26a90db
677f0827eb921010b4561d2a,token_reference,,,,0.8,needs_review,https://github.com/NVIDIA/Model-Optimizer/commit/e948fc5108214a2f9a0aa0d1939b47f7f26a90db
677f0827eb921010b4561d2a,narrative_object,,,,0.8,needs_review,https://github.com/NVIDIA/Model-Optimizer/commit/e948fc5108214a2f9a0aa0d1939b47f7f26a90db
677f0827eb921010b4561d2a,context_dependence,,,,0.8,needs_review,https://github.com/NVIDIA/Model-Optimizer/commit/e948fc5108214a2f9a0aa0d1939b47f7f26a90db
4807ebf030b3acd04c78e3d4,relevance,insufficient,0.4722,0.0562,0.8,insufficient,https://github.com/microsoft/bbs-node-reference/commit/07705686840ae0cea8cbf310092482ceac8432b6
4807ebf030b3acd04c78e3d4,event,technical,0.8561,0.7026,0.8,accepted,https://github.com/microsoft/bbs-node-reference/commit/07705686840ae0cea8cbf310092482ceac8432b6
4807ebf030b3acd04c78e3d4,claim,correction,0.5582,0.5017,0.8,needs_review,https://github.com/microsoft/bbs-node-reference/commit/07705686840ae0cea8cbf310092482ceac8432b6
4807ebf030b3acd04c78e3d4,tone,insufficient,0.3532,0.1393,0.8,insufficient,https://github.com/microsoft/bbs-node-reference/commit/07705686840ae0cea8cbf310092482ceac8432b6
4807ebf030b3acd04c78e3d4,importance,routine,0.3811,0.0878,0.8,needs_review,https://github.com/microsoft/bbs-node-reference/commit/07705686840ae0cea8cbf310092482ceac8432b6
4807ebf030b3acd04c78e3d4,urgency,none,0.5933,0.2373,0.8,needs_review,https://github.com/microsoft/bbs-node-reference/commit/07705686840ae0cea8cbf310092482ceac8432b6
4807ebf030b3acd04c78e3d4,promotion,insufficient,0.4421,0.0642,0.8,insufficient,https://github.com/microsoft/bbs-node-reference/commit/07705686840ae0cea8cbf310092482ceac8432b6
4807ebf030b3acd04c78e3d4,token_reference,absent,0.8414,0.5051,0.8,accepted,https://github.com/microsoft/bbs-node-reference/commit/07705686840ae0cea8cbf310092482ceac8432b6
4807ebf030b3acd04c78e3d4,narrative_object,product,0.4222,0.264,0.8,needs_review,https://github.com/microsoft/bbs-node-reference/commit/07705686840ae0cea8cbf310092482ceac8432b6
4807ebf030b3acd04c78e3d4,context_dependence,standalone,0.4088,0.0177,0.8,needs_review,https://github.com/microsoft/bbs-node-reference/commit/07705686840ae0cea8cbf310092482ceac8432b6
b01422384e3cfd3b6cd7144f,relevance,informative,0.5028,0.0893,0.8,needs_review,https://x.com/i/status/2104672203241648190
b01422384e3cfd3b6cd7144f,event,other,0.4697,0.2886,0.8,needs_review,https://x.com/i/status/2104672203241648190
b01422384e3cfd3b6cd7144f,claim,announcement,0.6885,0.4259,0.8,needs_review,https://x.com/i/status/2104672203241648190
b01422384e3cfd3b6cd7144f,tone,positive,0.8051,0.5383,0.8,accepted,https://x.com/i/status/2104672203241648190
b01422384e3cfd3b6cd7144f,importance,routine,0.2635,0.0011,0.8,needs_review,https://x.com/i/status/2104672203241648190
b01422384e3cfd3b6cd7144f,urgency,none,0.734,0.3841,0.8,needs_review,https://x.com/i/status/2104672203241648190
b01422384e3cfd3b6cd7144f,promotion,promotional,0.4513,0.0757,0.8,needs_review,https://x.com/i/status/2104672203241648190
b01422384e3cfd3b6cd7144f,token_reference,absent,0.4746,0.0482,0.8,needs_review,https://x.com/i/status/2104672203241648190
b01422384e3cfd3b6cd7144f,narrative_object,absent,0.5292,0.1896,0.8,needs_review,https://x.com/i/status/2104672203241648190
b01422384e3cfd3b6cd7144f,context_dependence,dependent,0.4149,0.0421,0.8,needs_review,https://x.com/i/status/2104672203241648190
2f6afef25e6dd7aac34cc510,relevance,insufficient,0.6543,0.1989,0.8,insufficient,https://github.com/apple/app-store-server-library-node/commit/395500fa69d2f3bb3c5bb5edefff34dd35ebc6cd
2f6afef25e6dd7aac34cc510,event,technical,0.9669,0.9091,0.8,accepted,https://github.com/apple/app-store-server-library-node/commit/395500fa69d2f3bb3c5bb5edefff34dd35ebc6cd
2f6afef25e6dd7aac34cc510,claim,insufficient,0.5859,0.4007,0.8,insufficient,https://github.com/apple/app-store-server-library-node/commit/395500fa69d2f3bb3c5bb5edefff34dd35ebc6cd
2f6afef25e6dd7aac34cc510,tone,insufficient,0.5145,0.2363,0.8,insufficient,https://github.com/apple/app-store-server-library-node/commit/395500fa69d2f3bb3c5bb5edefff34dd35ebc6cd
2f6afef25e6dd7aac34cc510,importance,project,0.4744,0.1198,0.8,needs_review,https://github.com/apple/app-store-server-library-node/commit/395500fa69d2f3bb3c5bb5edefff34dd35ebc6cd
2f6afef25e6dd7aac34cc510,urgency,none,0.5979,0.2442,0.8,needs_review,https://github.com/apple/app-store-server-library-node/commit/395500fa69d2f3bb3c5bb5edefff34dd35ebc6cd
2f6afef25e6dd7aac34cc510,promotion,insufficient,0.6222,0.2235,0.8,insufficient,https://github.com/apple/app-store-server-library-node/commit/395500fa69d2f3bb3c5bb5edefff34dd35ebc6cd
2f6afef25e6dd7aac34cc510,token_reference,absent,0.8856,0.6058,0.8,accepted,https://github.com/apple/app-store-server-library-node/commit/395500fa69d2f3bb3c5bb5edefff34dd35ebc6cd
2f6afef25e6dd7aac34cc510,narrative_object,absent,0.7084,0.4438,0.8,needs_review,https://github.com/apple/app-store-server-library-node/commit/395500fa69d2f3bb3c5bb5edefff34dd35ebc6cd
2f6afef25e6dd7aac34cc510,context_dependence,insufficient,0.5795,0.1279,0.8,insufficient,https://github.com/apple/app-store-server-library-node/commit/395500fa69d2f3bb3c5bb5edefff34dd35ebc6cd
ec23a636e3e6e9716ca11eda,relevance,noise,0.5526,0.1165,0.8,needs_review,https://x.com/i/status/2104672071787926010
ec23a636e3e6e9716ca11eda,event,other,0.6573,0.4754,0.8,needs_review,https://x.com/i/status/2104672071787926010
ec23a636e3e6e9716ca11eda,claim,insufficient,0.5161,0.2207,0.8,insufficient,https://x.com/i/status/2104672071787926010
ec23a636e3e6e9716ca11eda,tone,neutral,0.2783,0.0683,0.8,needs_review,https://x.com/i/status/2104672071787926010
ec23a636e3e6e9716ca11eda,importance,insufficient,0.7171,0.347,0.8,insufficient,https://x.com/i/status/2104672071787926010
ec23a636e3e6e9716ca11eda,urgency,none,0.7718,0.4581,0.8,needs_review,https://x.com/i/status/2104672071787926010
ec23a636e3e6e9716ca11eda,promotion,promotional,0.598,0.2036,0.8,needs_review,https://x.com/i/status/2104672071787926010
ec23a636e3e6e9716ca11eda,token_reference,absent,0.8061,0.43,0.8,accepted,https://x.com/i/status/2104672071787926010
ec23a636e3e6e9716ca11eda,narrative_object,absent,0.9229,0.7773,0.8,accepted,https://x.com/i/status/2104672071787926010
ec23a636e3e6e9716ca11eda,context_dependence,standalone,0.3488,0.0005,0.8,needs_review,https://x.com/i/status/2104672071787926010
e341626430634e7c9d1f5f0f,relevance,insufficient,0.5455,0.091,0.8,insufficient,https://github.com/NVIDIA/aicr/commit/2810c76bae17b4c86b3c50a9dcc25de386a8098b
e341626430634e7c9d1f5f0f,event,technical,0.9627,0.8975,0.8,accepted,https://github.com/NVIDIA/aicr/commit/2810c76bae17b4c86b3c50a9dcc25de386a8098b
e341626430634e7c9d1f5f0f,claim,insufficient,0.5823,0.3797,0.8,insufficient,https://github.com/NVIDIA/aicr/commit/2810c76bae17b4c86b3c50a9dcc25de386a8098b
e341626430634e7c9d1f5f0f,tone,insufficient,0.3846,0.1582,0.8,insufficient,https://github.com/NVIDIA/aicr/commit/2810c76bae17b4c86b3c50a9dcc25de386a8098b
e341626430634e7c9d1f5f0f,importance,routine,0.5089,0.1678,0.8,needs_review,https://github.com/NVIDIA/aicr/commit/2810c76bae17b4c86b3c50a9dcc25de386a8098b
e341626430634e7c9d1f5f0f,urgency,none,0.6606,0.3167,0.8,needs_review,https://github.com/NVIDIA/aicr/commit/2810c76bae17b4c86b3c50a9dcc25de386a8098b
e341626430634e7c9d1f5f0f,promotion,insufficient,0.5744,0.1821,0.8,insufficient,https://github.com/NVIDIA/aicr/commit/2810c76bae17b4c86b3c50a9dcc25de386a8098b
e341626430634e7c9d1f5f0f,token_reference,absent,0.796,0.4151,0.8,needs_review,https://github.com/NVIDIA/aicr/commit/2810c76bae17b4c86b3c50a9dcc25de386a8098b
e341626430634e7c9d1f5f0f,narrative_object,absent,0.5254,0.2116,0.8,needs_review,https://github.com/NVIDIA/aicr/commit/2810c76bae17b4c86b3c50a9dcc25de386a8098b
e341626430634e7c9d1f5f0f,context_dependence,standalone,0.4363,0.0466,0.8,needs_review,https://github.com/NVIDIA/aicr/commit/2810c76bae17b4c86b3c50a9dcc25de386a8098b
dc7aacd79f46fb560f99c73b,relevance,informative,0.5439,0.095,0.8,needs_review,https://x.com/i/status/2104672042301976790
dc7aacd79f46fb560f99c73b,event,other,0.4129,0.2156,0.8,needs_review,https://x.com/i/status/2104672042301976790
dc7aacd79f46fb560f99c73b,claim,announcement,0.8991,0.7466,0.8,accepted,https://x.com/i/status/2104672042301976790
dc7aacd79f46fb560f99c73b,tone,positive,0.5594,0.2175,0.8,needs_review,https://x.com/i/status/2104672042301976790
dc7aacd79f46fb560f99c73b,importance,routine,0.3685,0.0678,0.8,needs_review,https://x.com/i/status/2104672042301976790
dc7aacd79f46fb560f99c73b,urgency,none,0.5973,0.1969,0.8,needs_review,https://x.com/i/status/2104672042301976790
dc7aacd79f46fb560f99c73b,promotion,promotional,0.5177,0.1187,0.8,needs_review,https://x.com/i/status/2104672042301976790
dc7aacd79f46fb560f99c73b,token_reference,explicit,0.3694,0.0041,0.8,needs_review,https://x.com/i/status/2104672042301976790
dc7aacd79f46fb560f99c73b,narrative_object,product,0.3033,0.0767,0.8,needs_review,https://x.com/i/status/2104672042301976790
dc7aacd79f46fb560f99c73b,context_dependence,standalone,0.4016,0.0153,0.8,needs_review,https://x.com/i/status/2104672042301976790
b5f8599741ddb7c2c29e2217,relevance,insufficient,0.4678,0.0445,0.8,insufficient,https://x.com/i/status/2104672042033246625
b5f8599741ddb7c2c29e2217,event,launch,0.8152,0.6909,0.8,accepted,https://x.com/i/status/2104672042033246625
b5f8599741ddb7c2c29e2217,claim,announcement,0.861,0.6746,0.8,accepted,https://x.com/i/status/2104672042033246625
b5f8599741ddb7c2c29e2217,tone,positive,0.3142,0.0444,0.8,needs_review,https://x.com/i/status/2104672042033246625
b5f8599741ddb7c2c29e2217,importance,project,0.306,0.0175,0.8,needs_review,https://x.com/i/status/2104672042033246625
b5f8599741ddb7c2c29e2217,urgency,none,0.5067,0.1568,0.8,needs_review,https://x.com/i/status/2104672042033246625
b5f8599741ddb7c2c29e2217,promotion,promotional,0.3654,0.0263,0.8,needs_review,https://x.com/i/status/2104672042033246625
b5f8599741ddb7c2c29e2217,token_reference,absent,0.5383,0.0891,0.8,needs_review,https://x.com/i/status/2104672042033246625
b5f8599741ddb7c2c29e2217,narrative_object,product,0.5783,0.2655,0.8,needs_review,https://x.com/i/status/2104672042033246625
b5f8599741ddb7c2c29e2217,context_dependence,dependent,0.3739,0.0048,0.8,needs_review,https://x.com/i/status/2104672042033246625
d8a4b35b583af59ed759a1db,relevance,insufficient,0.5529,0.1225,0.8,insufficient,https://github.com/NVIDIA/nodewright/commit/bf61cfb9833721242066f8a9ac2c4b0537e09b6f
d8a4b35b583af59ed759a1db,event,technical,0.814,0.7275,0.8,accepted,https://github.com/NVIDIA/nodewright/commit/bf61cfb9833721242066f8a9ac2c4b0537e09b6f
d8a4b35b583af59ed759a1db,claim,insufficient,0.6339,0.3501,0.8,insufficient,https://github.com/NVIDIA/nodewright/commit/bf61cfb9833721242066f8a9ac2c4b0537e09b6f
d8a4b35b583af59ed759a1db,tone,neutral,0.3714,0.1128,0.8,needs_review,https://github.com/NVIDIA/nodewright/commit/bf61cfb9833721242066f8a9ac2c4b0537e09b6f
d8a4b35b583af59ed759a1db,importance,routine,0.4034,0.057,0.8,needs_review,https://github.com/NVIDIA/nodewright/commit/bf61cfb9833721242066f8a9ac2c4b0537e09b6f
d8a4b35b583af59ed759a1db,urgency,none,0.6483,0.3395,0.8,needs_review,https://github.com/NVIDIA/nodewright/commit/bf61cfb9833721242066f8a9ac2c4b0537e09b6f
d8a4b35b583af59ed759a1db,promotion,insufficient,0.562,0.1696,0.8,insufficient,https://github.com/NVIDIA/nodewright/commit/bf61cfb9833721242066f8a9ac2c4b0537e09b6f
d8a4b35b583af59ed759a1db,token_reference,absent,0.8274,0.4728,0.8,accepted,https://github.com/NVIDIA/nodewright/commit/bf61cfb9833721242066f8a9ac2c4b0537e09b6f
d8a4b35b583af59ed759a1db,narrative_object,absent,0.3913,0.1709,0.8,needs_review,https://github.com/NVIDIA/nodewright/commit/bf61cfb9833721242066f8a9ac2c4b0537e09b6f
d8a4b35b583af59ed759a1db,context_dependence,standalone,0.4654,0.0448,0.8,needs_review,https://github.com/NVIDIA/nodewright/commit/bf61cfb9833721242066f8a9ac2c4b0537e09b6f
7cbe4575a3579b3e49ca9cdd,relevance,informative,0.3642,0.0028,0.8,needs_review,https://x.com/i/status/2104648557315973468
7cbe4575a3579b3e49ca9cdd,event,incident,0.95,0.8584,0.8,accepted,https://x.com/i/status/2104648557315973468
7cbe4575a3579b3e49ca9cdd,claim,allegation,0.8326,0.6215,0.8,accepted,https://x.com/i/status/2104648557315973468
7cbe4575a3579b3e49ca9cdd,tone,negative,0.8621,0.6405,0.8,accepted,https://x.com/i/status/2104648557315973468
7cbe4575a3579b3e49ca9cdd,importance,sector,0.6633,0.3018,0.8,needs_review,https://x.com/i/status/2104648557315973468
7cbe4575a3579b3e49ca9cdd,urgency,immediate,0.6098,0.2434,0.8,needs_review,https://x.com/i/status/2104648557315973468
7cbe4575a3579b3e49ca9cdd,promotion,insufficient,0.3749,0.0291,0.8,insufficient,https://x.com/i/status/2104648557315973468
7cbe4575a3579b3e49ca9cdd,token_reference,explicit,0.425,0.0181,0.8,needs_review,https://x.com/i/status/2104648557315973468
7cbe4575a3579b3e49ca9cdd,narrative_object,product,0.9343,0.7986,0.8,accepted,https://x.com/i/status/2104648557315973468
7cbe4575a3579b3e49ca9cdd,context_dependence,dependent,0.4447,0.0243,0.8,needs_review,https://x.com/i/status/2104648557315973468
fcfe2fa470a22340f0e04a75,relevance,insufficient,0.4737,0.0396,0.8,insufficient,https://x.com/i/status/2104672029706453091
fcfe2fa470a22340f0e04a75,event,incident,0.9793,0.9371,0.8,accepted,https://x.com/i/status/2104672029706453091
fcfe2fa470a22340f0e04a75,claim,correction,0.2443,0.0959,0.8,needs_review,https://x.com/i/status/2104672029706453091
fcfe2fa470a22340f0e04a75,tone,negative,0.3092,0.0594,0.8,needs_review,https://x.com/i/status/2104672029706453091
fcfe2fa470a22340f0e04a75,importance,insufficient,0.4156,0.0511,0.8,insufficient,https://x.com/i/status/2104672029706453091
fcfe2fa470a22340f0e04a75,urgency,immediate,0.4791,0.1963,0.8,needs_review,https://x.com/i/status/2104672029706453091
fcfe2fa470a22340f0e04a75,promotion,insufficient,0.3846,0.0773,0.8,insufficient,https://x.com/i/status/2104672029706453091
fcfe2fa470a22340f0e04a75,token_reference,absent,0.681,0.2374,0.8,needs_review,https://x.com/i/status/2104672029706453091
fcfe2fa470a22340f0e04a75,narrative_object,absent,0.7985,0.5471,0.8,needs_review,https://x.com/i/status/2104672029706453091
fcfe2fa470a22340f0e04a75,context_dependence,standalone,0.4676,0.0356,0.8,needs_review,https://x.com/i/status/2104672029706453091
b7a8272ded1cb12169955abe,relevance,insufficient,0.5809,0.1211,0.8,insufficient,https://github.com/ROCm/vllm/commit/382de053f49584aaf5309936c53a6c28ff02c890
b7a8272ded1cb12169955abe,event,technical,0.9463,0.8616,0.8,accepted,https://github.com/ROCm/vllm/commit/382de053f49584aaf5309936c53a6c28ff02c890
b7a8272ded1cb12169955abe,claim,insufficient,0.5267,0.2787,0.8,insufficient,https://github.com/ROCm/vllm/commit/382de053f49584aaf5309936c53a6c28ff02c890
b7a8272ded1cb12169955abe,tone,insufficient,0.4952,0.2088,0.8,insufficient,https://github.com/ROCm/vllm/commit/382de053f49584aaf5309936c53a6c28ff02c890
b7a8272ded1cb12169955abe,importance,routine,0.3712,0.0935,0.8,needs_review,https://github.com/ROCm/vllm/commit/382de053f49584aaf5309936c53a6c28ff02c890
b7a8272ded1cb12169955abe,urgency,none,0.6439,0.279,0.8,needs_review,https://github.com/ROCm/vllm/commit/382de053f49584aaf5309936c53a6c28ff02c890
b7a8272ded1cb12169955abe,promotion,insufficient,0.5925,0.1955,0.8,insufficient,https://github.com/ROCm/vllm/commit/382de053f49584aaf5309936c53a6c28ff02c890
b7a8272ded1cb12169955abe,token_reference,absent,0.8161,0.4528,0.8,accepted,https://github.com/ROCm/vllm/commit/382de053f49584aaf5309936c53a6c28ff02c890
b7a8272ded1cb12169955abe,narrative_object,absent,0.8521,0.6257,0.8,accepted,https://github.com/ROCm/vllm/commit/382de053f49584aaf5309936c53a6c28ff02c890
b7a8272ded1cb12169955abe,context_dependence,insufficient,0.426,0.0398,0.8,insufficient,https://github.com/ROCm/vllm/commit/382de053f49584aaf5309936c53a6c28ff02c890
2d6ffa1b6afa015ad7c44f1d,relevance,insufficient,0.4541,0.0798,0.8,insufficient,https://x.com/i/status/2104672010773156058
2d6ffa1b6afa015ad7c44f1d,event,technical,0.5755,0.3723,0.8,needs_review,https://x.com/i/status/2104672010773156058
2d6ffa1b6afa015ad7c44f1d,claim,announcement,0.7966,0.5784,0.8,needs_review,https://x.com/i/status/2104672010773156058
2d6ffa1b6afa015ad7c44f1d,tone,positive,0.5334,0.2008,0.8,needs_review,https://x.com/i/status/2104672010773156058
2d6ffa1b6afa015ad7c44f1d,importance,project,0.4984,0.1193,0.8,needs_review,https://x.com/i/status/2104672010773156058
2d6ffa1b6afa015ad7c44f1d,urgency,none,0.4753,0.1146,0.8,needs_review,https://x.com/i/status/2104672010773156058
2d6ffa1b6afa015ad7c44f1d,promotion,promotional,0.4218,0.051,0.8,needs_review,https://x.com/i/status/2104672010773156058
2d6ffa1b6afa015ad7c44f1d,token_reference,absent,0.6871,0.2383,0.8,needs_review,https://x.com/i/status/2104672010773156058
2d6ffa1b6afa015ad7c44f1d,narrative_object,absent,0.5771,0.2777,0.8,needs_review,https://x.com/i/status/2104672010773156058
2d6ffa1b6afa015ad7c44f1d,context_dependence,dependent,0.445,0.0245,0.8,needs_review,https://x.com/i/status/2104672010773156058
22ac4277e228d6512b57f9e3,relevance,insufficient,0.5966,0.1325,0.8,insufficient,https://x.com/i/status/2104672008474869898
22ac4277e228d6512b57f9e3,event,launch,0.5664,0.4075,0.8,needs_review,https://x.com/i/status/2104672008474869898
22ac4277e228d6512b57f9e3,claim,announcement,0.6927,0.4482,0.8,needs_review,https://x.com/i/status/2104672008474869898
22ac4277e228d6512b57f9e3,tone,positive,0.4635,0.1866,0.8,needs_review,https://x.com/i/status/2104672008474869898
22ac4277e228d6512b57f9e3,importance,project,0.3205,0.0686,0.8,needs_review,https://x.com/i/status/2104672008474869898
22ac4277e228d6512b57f9e3,urgency,none,0.6486,0.3063,0.8,needs_review,https://x.com/i/status/2104672008474869898
22ac4277e228d6512b57f9e3,promotion,promotional,0.8687,0.6199,0.8,accepted,https://x.com/i/status/2104672008474869898
22ac4277e228d6512b57f9e3,token_reference,absent,0.6989,0.2605,0.8,needs_review,https://x.com/i/status/2104672008474869898
22ac4277e228d6512b57f9e3,narrative_object,product,0.8028,0.5424,0.8,accepted,https://x.com/i/status/2104672008474869898
22ac4277e228d6512b57f9e3,context_dependence,standalone,0.4019,0.0206,0.8,needs_review,https://x.com/i/status/2104672008474869898
b6ba98b910f62827ca6c9908,relevance,insufficient,0.4157,0.0551,0.8,insufficient,https://github.com/google/adk-python/commit/fe69c0b94f6c90ee342f87b9eba2663fa2abb3aa
b6ba98b910f62827ca6c9908,event,technical,0.9817,0.9435,0.8,accepted,https://github.com/google/adk-python/commit/fe69c0b94f6c90ee342f87b9eba2663fa2abb3aa
b6ba98b910f62827ca6c9908,claim,correction,0.839,0.6378,0.8,accepted,https://github.com/google/adk-python/commit/fe69c0b94f6c90ee342f87b9eba2663fa2abb3aa
b6ba98b910f62827ca6c9908,tone,insufficient,0.3419,0.1194,0.8,insufficient,https://github.com/google/adk-python/commit/fe69c0b94f6c90ee342f87b9eba2663fa2abb3aa
b6ba98b910f62827ca6c9908,importance,project,0.4525,0.1185,0.8,needs_review,https://github.com/google/adk-python/commit/fe69c0b94f6c90ee342f87b9eba2663fa2abb3aa
b6ba98b910f62827ca6c9908,urgency,none,0.6325,0.3023,0.8,needs_review,https://github.com/google/adk-python/commit/fe69c0b94f6c90ee342f87b9eba2663fa2abb3aa
b6ba98b910f62827ca6c9908,promotion,insufficient,0.4447,0.1018,0.8,insufficient,https://github.com/google/adk-python/commit/fe69c0b94f6c90ee342f87b9eba2663fa2abb3aa
b6ba98b910f62827ca6c9908,token_reference,absent,0.8167,0.4509,0.8,accepted,https://github.com/google/adk-python/commit/fe69c0b94f6c90ee342f87b9eba2663fa2abb3aa
b6ba98b910f62827ca6c9908,narrative_object,product,0.4098,0.174,0.8,needs_review,https://github.com/google/adk-python/commit/fe69c0b94f6c90ee342f87b9eba2663fa2abb3aa
b6ba98b910f62827ca6c9908,context_dependence,standalone,0.5038,0.0571,0.8,needs_review,https://github.com/google/adk-python/commit/fe69c0b94f6c90ee342f87b9eba2663fa2abb3aa
5d5c666f5d5311ada445f4dd,relevance,insufficient,0.4602,0.035,0.8,insufficient,https://github.com/google/dart_cli_pkg/commit/b166ee7cd4d7263ceb897639c62e89c246c909ea
5d5c666f5d5311ada445f4dd,event,technical,0.9841,0.9464,0.8,accepted,https://github.com/google/dart_cli_pkg/commit/b166ee7cd4d7263ceb897639c62e89c246c909ea
5d5c666f5d5311ada445f4dd,claim,announcement,0.3752,0.3023,0.8,needs_review,https://github.com/google/dart_cli_pkg/commit/b166ee7cd4d7263ceb897639c62e89c246c909ea
5d5c666f5d5311ada445f4dd,tone,insufficient,0.4065,0.1343,0.8,insufficient,https://github.com/google/dart_cli_pkg/commit/b166ee7cd4d7263ceb897639c62e89c246c909ea
5d5c666f5d5311ada445f4dd,importance,routine,0.5288,0.1484,0.8,needs_review,https://github.com/google/dart_cli_pkg/commit/b166ee7cd4d7263ceb897639c62e89c246c909ea
5d5c666f5d5311ada445f4dd,urgency,none,0.7097,0.3441,0.8,needs_review,https://github.com/google/dart_cli_pkg/commit/b166ee7cd4d7263ceb897639c62e89c246c909ea
5d5c666f5d5311ada445f4dd,promotion,insufficient,0.454,0.0792,0.8,insufficient,https://github.com/google/dart_cli_pkg/commit/b166ee7cd4d7263ceb897639c62e89c246c909ea
5d5c666f5d5311ada445f4dd,token_reference,absent,0.7699,0.3641,0.8,needs_review,https://github.com/google/dart_cli_pkg/commit/b166ee7cd4d7263ceb897639c62e89c246c909ea
5d5c666f5d5311ada445f4dd,narrative_object,absent,0.4704,0.262,0.8,needs_review,https://github.com/google/dart_cli_pkg/commit/b166ee7cd4d7263ceb897639c62e89c246c909ea
5d5c666f5d5311ada445f4dd,context_dependence,standalone,0.5173,0.0696,0.8,needs_review,https://github.com/google/dart_cli_pkg/commit/b166ee7cd4d7263ceb897639c62e89c246c909ea
5beef60699dd85b24378e26e,relevance,insufficient,0.5075,0.1001,0.8,insufficient,https://github.com/NVIDIA/Model-Optimizer/commit/ea310f8d51a5bf8b8de40b178024d6327ebe7579
5beef60699dd85b24378e26e,event,launch,0.8188,0.7116,0.8,accepted,https://github.com/NVIDIA/Model-Optimizer/commit/ea310f8d51a5bf8b8de40b178024d6327ebe7579
5beef60699dd85b24378e26e,claim,announcement,0.9734,0.9186,0.8,accepted,https://github.com/NVIDIA/Model-Optimizer/commit/ea310f8d51a5bf8b8de40b178024d6327ebe7579
5beef60699dd85b24378e26e,tone,insufficient,0.4306,0.1431,0.8,insufficient,https://github.com/NVIDIA/Model-Optimizer/commit/ea310f8d51a5bf8b8de40b178024d6327ebe7579
5beef60699dd85b24378e26e,importance,insufficient,0.4111,0.1368,0.8,insufficient,https://github.com/NVIDIA/Model-Optimizer/commit/ea310f8d51a5bf8b8de40b178024d6327ebe7579
5beef60699dd85b24378e26e,urgency,none,0.6282,0.285,0.8,needs_review,https://github.com/NVIDIA/Model-Optimizer/commit/ea310f8d51a5bf8b8de40b178024d6327ebe7579
5beef60699dd85b24378e26e,promotion,promotional,0.8114,0.5026,0.8,accepted,https://github.com/NVIDIA/Model-Optimizer/commit/ea310f8d51a5bf8b8de40b178024d6327ebe7579
5beef60699dd85b24378e26e,token_reference,absent,0.7516,0.3354,0.8,needs_review,https://github.com/NVIDIA/Model-Optimizer/commit/ea310f8d51a5bf8b8de40b178024d6327ebe7579
5beef60699dd85b24378e26e,narrative_object,absent,0.4804,0.2612,0.8,needs_review,https://github.com/NVIDIA/Model-Optimizer/commit/ea310f8d51a5bf8b8de40b178024d6327ebe7579
5beef60699dd85b24378e26e,context_dependence,standalone,0.4595,0.0913,0.8,needs_review,https://github.com/NVIDIA/Model-Optimizer/commit/ea310f8d51a5bf8b8de40b178024d6327ebe7579
9a47f169611d59e1b3ef5fce,relevance,insufficient,0.5651,0.1122,0.8,insufficient,https://x.com/i/status/2104671982415659022
9a47f169611d59e1b3ef5fce,event,launch,0.4064,0.3187,0.8,needs_review,https://x.com/i/status/2104671982415659022
9a47f169611d59e1b3ef5fce,claim,announcement,0.7943,0.6018,0.8,needs_review,https://x.com/i/status/2104671982415659022
9a47f169611d59e1b3ef5fce,tone,neutral,0.3514,0.1062,0.8,needs_review,https://x.com/i/status/2104671982415659022
9a47f169611d59e1b3ef5fce,importance,insufficient,0.6295,0.2324,0.8,insufficient,https://x.com/i/status/2104671982415659022
9a47f169611d59e1b3ef5fce,urgency,none,0.5736,0.197,0.8,needs_review,https://x.com/i/status/2104671982415659022
9a47f169611d59e1b3ef5fce,promotion,promotional,0.632,0.2454,0.8,needs_review,https://x.com/i/status/2104671982415659022
9a47f169611d59e1b3ef5fce,token_reference,absent,0.6616,0.2095,0.8,needs_review,https://x.com/i/status/2104671982415659022
9a47f169611d59e1b3ef5fce,narrative_object,product,0.3556,0.1794,0.8,needs_review,https://x.com/i/status/2104671982415659022
9a47f169611d59e1b3ef5fce,context_dependence,dependent,0.3543,0.0009,0.8,needs_review,https://x.com/i/status/2104671982415659022
0c4477adef7c91baee01b6b6,relevance,insufficient,0.5223,0.0958,0.8,insufficient,https://x.com/i/status/2104671979362214318
0c4477adef7c91baee01b6b6,event,other,0.407,0.3339,0.8,needs_review,https://x.com/i/status/2104671979362214318
0c4477adef7c91baee01b6b6,claim,announcement,0.964,0.8931,0.8,accepted,https://x.com/i/status/2104671979362214318
0c4477adef7c91baee01b6b6,tone,insufficient,0.3494,0.113,0.8,insufficient,https://x.com/i/status/2104671979362214318
0c4477adef7c91baee01b6b6,importance,insufficient,0.3838,0.0482,0.8,insufficient,https://x.com/i/status/2104671979362214318
0c4477adef7c91baee01b6b6,urgency,none,0.6604,0.2949,0.8,needs_review,https://x.com/i/status/2104671979362214318
0c4477adef7c91baee01b6b6,promotion,promotional,0.7912,0.4658,0.8,needs_review,https://x.com/i/status/2104671979362214318
0c4477adef7c91baee01b6b6,token_reference,absent,0.8312,0.4828,0.8,accepted,https://x.com/i/status/2104671979362214318
0c4477adef7c91baee01b6b6,narrative_object,absent,0.4962,0.2142,0.8,needs_review,https://x.com/i/status/2104671979362214318
0c4477adef7c91baee01b6b6,context_dependence,insufficient,0.4869,0.0617,0.8,insufficient,https://x.com/i/status/2104671979362214318
dfce6d1059b6b0c3bd52b7f0,relevance,insufficient,0.467,0.0657,0.8,insufficient,https://x.com/i/status/2104671975868453264
dfce6d1059b6b0c3bd52b7f0,event,launch,0.5063,0.3677,0.8,needs_review,https://x.com/i/status/2104671975868453264
dfce6d1059b6b0c3bd52b7f0,claim,announcement,0.9893,0.9602,0.8,accepted,https://x.com/i/status/2104671975868453264
dfce6d1059b6b0c3bd52b7f0,tone,positive,0.4211,0.1277,0.8,needs_review,https://x.com/i/status/2104671975868453264
dfce6d1059b6b0c3bd52b7f0,importance,project,0.6307,0.2328,0.8,needs_review,https://x.com/i/status/2104671975868453264
dfce6d1059b6b0c3bd52b7f0,urgency,none,0.4516,0.1416,0.8,needs_review,https://x.com/i/status/2104671975868453264
dfce6d1059b6b0c3bd52b7f0,promotion,promotional,0.8105,0.5002,0.8,accepted,https://x.com/i/status/2104671975868453264
dfce6d1059b6b0c3bd52b7f0,token_reference,absent,0.6388,0.177,0.8,needs_review,https://x.com/i/status/2104671975868453264
dfce6d1059b6b0c3bd52b7f0,narrative_object,product,0.4368,0.1588,0.8,needs_review,https://x.com/i/status/2104671975868453264
dfce6d1059b6b0c3bd52b7f0,context_dependence,standalone,0.4538,0.0313,0.8,needs_review,https://x.com/i/status/2104671975868453264
53bad4bb7689813482d59bdd,relevance,insufficient,0.5525,0.1057,0.8,insufficient,https://github.com/microsoft/sarif-website/commit/10af6dcc390de5b01e2b01e7b1c612450e1437a3
53bad4bb7689813482d59bdd,event,technical,0.9586,0.8924,0.8,accepted,https://github.com/microsoft/sarif-website/commit/10af6dcc390de5b01e2b01e7b1c612450e1437a3
53bad4bb7689813482d59bdd,claim,announcement,0.8484,0.688,0.8,accepted,https://github.com/microsoft/sarif-website/commit/10af6dcc390de5b01e2b01e7b1c612450e1437a3
53bad4bb7689813482d59bdd,tone,insufficient,0.4006,0.1465,0.8,insufficient,https://github.com/microsoft/sarif-website/commit/10af6dcc390de5b01e2b01e7b1c612450e1437a3
53bad4bb7689813482d59bdd,importance,project,0.4686,0.1582,0.8,needs_review,https://github.com/microsoft/sarif-website/commit/10af6dcc390de5b01e2b01e7b1c612450e1437a3
53bad4bb7689813482d59bdd,urgency,none,0.5644,0.2216,0.8,needs_review,https://github.com/microsoft/sarif-website/commit/10af6dcc390de5b01e2b01e7b1c612450e1437a3
53bad4bb7689813482d59bdd,promotion,insufficient,0.4968,0.104,0.8,insufficient,https://github.com/microsoft/sarif-website/commit/10af6dcc390de5b01e2b01e7b1c612450e1437a3
53bad4bb7689813482d59bdd,token_reference,absent,0.8617,0.5499,0.8,accepted,https://github.com/microsoft/sarif-website/commit/10af6dcc390de5b01e2b01e7b1c612450e1437a3
53bad4bb7689813482d59bdd,narrative_object,absent,0.711,0.4597,0.8,needs_review,https://github.com/microsoft/sarif-website/commit/10af6dcc390de5b01e2b01e7b1c612450e1437a3
53bad4bb7689813482d59bdd,context_dependence,insufficient,0.3959,0.0238,0.8,insufficient,https://github.com/microsoft/sarif-website/commit/10af6dcc390de5b01e2b01e7b1c612450e1437a3
75b34cb9f0a7d4e178a7de14,relevance,insufficient,0.4998,0.0625,0.8,insufficient,https://x.com/i/status/2104671973024428223
75b34cb9f0a7d4e178a7de14,event,technical,0.4594,0.3606,0.8,needs_review,https://x.com/i/status/2104671973024428223
75b34cb9f0a7d4e178a7de14,claim,announcement,0.9792,0.928,0.8,accepted,https://x.com/i/status/2104671973024428223
75b34cb9f0a7d4e178a7de14,tone,positive,0.3241,0.0828,0.8,needs_review,https://x.com/i/status/2104671973024428223
75b34cb9f0a7d4e178a7de14,importance,project,0.5865,0.2054,0.8,needs_review,https://x.com/i/status/2104671973024428223
75b34cb9f0a7d4e178a7de14,urgency,none,0.4816,0.1685,0.8,needs_review,https://x.com/i/status/2104671973024428223
75b34cb9f0a7d4e178a7de14,promotion,promotional,0.8491,0.5746,0.8,accepted,https://x.com/i/status/2104671973024428223
75b34cb9f0a7d4e178a7de14,token_reference,absent,0.7701,0.3681,0.8,needs_review,https://x.com/i/status/2104671973024428223
75b34cb9f0a7d4e178a7de14,narrative_object,product,0.5144,0.2409,0.8,needs_review,https://x.com/i/status/2104671973024428223
75b34cb9f0a7d4e178a7de14,context_dependence,insufficient,0.364,0.002,0.8,insufficient,https://x.com/i/status/2104671973024428223
8facb4999af354bfb4fefe06,relevance,informative,0.4595,0.0663,0.8,needs_review,https://x.com/i/status/2104671970990108971
8facb4999af354bfb4fefe06,event,partnership,0.7377,0.5345,0.8,needs_review,https://x.com/i/status/2104671970990108971
8facb4999af354bfb4fefe06,claim,announcement,0.9355,0.8189,0.8,accepted,https://x.com/i/status/2104671970990108971
8facb4999af354bfb4fefe06,tone,positive,0.3289,0.0719,0.8,needs_review,https://x.com/i/status/2104671970990108971
8facb4999af354bfb4fefe06,importance,insufficient,0.3928,0.0553,0.8,insufficient,https://x.com/i/status/2104671970990108971
8facb4999af354bfb4fefe06,urgency,none,0.6704,0.306,0.8,needs_review,https://x.com/i/status/2104671970990108971
8facb4999af354bfb4fefe06,promotion,promotional,0.7659,0.4233,0.8,needs_review,https://x.com/i/status/2104671970990108971
8facb4999af354bfb4fefe06,token_reference,absent,0.8348,0.4898,0.8,accepted,https://x.com/i/status/2104671970990108971
8facb4999af354bfb4fefe06,narrative_object,absent,0.4359,0.2022,0.8,needs_review,https://x.com/i/status/2104671970990108971
8facb4999af354bfb4fefe06,context_dependence,standalone,0.4856,0.0488,0.8,needs_review,https://x.com/i/status/2104671970990108971
6ea038183704be9e5c4f9588,relevance,informative,0.6121,0.1751,0.8,needs_review,https://x.com/i/status/2104671968511623415
6ea038183704be9e5c4f9588,event,launch,0.9549,0.8839,0.8,accepted,https://x.com/i/status/2104671968511623415
6ea038183704be9e5c4f9588,claim,announcement,0.9963,0.9834,0.8,accepted,https://x.com/i/status/2104671968511623415
6ea038183704be9e5c4f9588,tone,positive,0.3886,0.1138,0.8,needs_review,https://x.com/i/status/2104671968511623415
6ea038183704be9e5c4f9588,importance,project,0.6361,0.2695,0.8,needs_review,https://x.com/i/status/2104671968511623415
6ea038183704be9e5c4f9588,urgency,none,0.4352,0.1439,0.8,needs_review,https://x.com/i/status/2104671968511623415
6ea038183704be9e5c4f9588,promotion,promotional,0.8105,0.5048,0.8,accepted,https://x.com/i/status/2104671968511623415
6ea038183704be9e5c4f9588,token_reference,absent,0.8359,0.4905,0.8,accepted,https://x.com/i/status/2104671968511623415
6ea038183704be9e5c4f9588,narrative_object,product,0.3852,0.1967,0.8,needs_review,https://x.com/i/status/2104671968511623415
6ea038183704be9e5c4f9588,context_dependence,standalone,0.4425,0.06,0.8,needs_review,https://x.com/i/status/2104671968511623415
8e3e91bd01c870034218ed2d,relevance,insufficient,0.4464,0.0987,0.8,insufficient,https://x.com/i/status/2104671964824498642
8e3e91bd01c870034218ed2d,event,launch,0.9064,0.8095,0.8,accepted,https://x.com/i/status/2104671964824498642
8e3e91bd01c870034218ed2d,claim,announcement,0.9293,0.8208,0.8,accepted,https://x.com/i/status/2104671964824498642
8e3e91bd01c870034218ed2d,tone,positive,0.3395,0.0898,0.8,needs_review,https://x.com/i/status/2104671964824498642
8e3e91bd01c870034218ed2d,importance,project,0.6121,0.274,0.8,needs_review,https://x.com/i/status/2104671964824498642
8e3e91bd01c870034218ed2d,urgency,none,0.6613,0.2718,0.8,needs_review,https://x.com/i/status/2104671964824498642
8e3e91bd01c870034218ed2d,promotion,promotional,0.7845,0.4547,0.8,needs_review,https://x.com/i/status/2104671964824498642
8e3e91bd01c870034218ed2d,token_reference,absent,0.7697,0.3655,0.8,needs_review,https://x.com/i/status/2104671964824498642
8e3e91bd01c870034218ed2d,narrative_object,product,0.4357,0.2285,0.8,needs_review,https://x.com/i/status/2104671964824498642
8e3e91bd01c870034218ed2d,context_dependence,standalone,0.417,0.0159,0.8,needs_review,https://x.com/i/status/2104671964824498642
27febff1371fc2e29d2f4c26,relevance,insufficient,0.3831,0.0125,0.8,insufficient,https://github.com/google/dart_cli_pkg/commit/fcfce0d0cae7c30c435fd2ddd8f3620408b8cd0c
27febff1371fc2e29d2f4c26,event,technical,0.9231,0.8319,0.8,accepted,https://github.com/google/dart_cli_pkg/commit/fcfce0d0cae7c30c435fd2ddd8f3620408b8cd0c
27febff1371fc2e29d2f4c26,claim,correction,0.5529,0.3479,0.8,needs_review,https://github.com/google/dart_cli_pkg/commit/fcfce0d0cae7c30c435fd2ddd8f3620408b8cd0c
27febff1371fc2e29d2f4c26,tone,insufficient,0.3544,0.1237,0.8,insufficient,https://github.com/google/dart_cli_pkg/commit/fcfce0d0cae7c30c435fd2ddd8f3620408b8cd0c
27febff1371fc2e29d2f4c26,importance,routine,0.7076,0.3453,0.8,needs_review,https://github.com/google/dart_cli_pkg/commit/fcfce0d0cae7c30c435fd2ddd8f3620408b8cd0c
27febff1371fc2e29d2f4c26,urgency,none,0.5085,0.1189,0.8,needs_review,https://github.com/google/dart_cli_pkg/commit/fcfce0d0cae7c30c435fd2ddd8f3620408b8cd0c
27febff1371fc2e29d2f4c26,promotion,insufficient,0.4057,0.0572,0.8,insufficient,https://github.com/google/dart_cli_pkg/commit/fcfce0d0cae7c30c435fd2ddd8f3620408b8cd0c
27febff1371fc2e29d2f4c26,token_reference,absent,0.7559,0.3416,0.8,needs_review,https://github.com/google/dart_cli_pkg/commit/fcfce0d0cae7c30c435fd2ddd8f3620408b8cd0c
27febff1371fc2e29d2f4c26,narrative_object,absent,0.4476,0.2812,0.8,needs_review,https://github.com/google/dart_cli_pkg/commit/fcfce0d0cae7c30c435fd2ddd8f3620408b8cd0c
27febff1371fc2e29d2f4c26,context_dependence,standalone,0.477,0.0401,0.8,needs_review,https://github.com/google/dart_cli_pkg/commit/fcfce0d0cae7c30c435fd2ddd8f3620408b8cd0c
2d712d199af97025591d33dc,relevance,,,,0.8,needs_review,https://github.com/ROCm/hrx-system/commit/89252d6e54a77444772ea055461bce9770f709c1
2d712d199af97025591d33dc,event,,,,0.8,needs_review,https://github.com/ROCm/hrx-system/commit/89252d6e54a77444772ea055461bce9770f709c1
2d712d199af97025591d33dc,claim,,,,0.8,needs_review,https://github.com/ROCm/hrx-system/commit/89252d6e54a77444772ea055461bce9770f709c1
2d712d199af97025591d33dc,tone,,,,0.8,needs_review,https://github.com/ROCm/hrx-system/commit/89252d6e54a77444772ea055461bce9770f709c1
2d712d199af97025591d33dc,importance,,,,0.8,needs_review,https://github.com/ROCm/hrx-system/commit/89252d6e54a77444772ea055461bce9770f709c1
2d712d199af97025591d33dc,urgency,,,,0.8,needs_review,https://github.com/ROCm/hrx-system/commit/89252d6e54a77444772ea055461bce9770f709c1
2d712d199af97025591d33dc,promotion,,,,0.8,needs_review,https://github.com/ROCm/hrx-system/commit/89252d6e54a77444772ea055461bce9770f709c1
2d712d199af97025591d33dc,token_reference,,,,0.8,needs_review,https://github.com/ROCm/hrx-system/commit/89252d6e54a77444772ea055461bce9770f709c1
2d712d199af97025591d33dc,narrative_object,,,,0.8,needs_review,https://github.com/ROCm/hrx-system/commit/89252d6e54a77444772ea055461bce9770f709c1
2d712d199af97025591d33dc,context_dependence,,,,0.8,needs_review,https://github.com/ROCm/hrx-system/commit/89252d6e54a77444772ea055461bce9770f709c1
9625c103afddc949b7f311cf,relevance,,,,0.8,needs_review,https://github.com/microsoft/fhir-server/commit/2ab352f73fcbab4aec22fb0f950472c2ffa1d54b
9625c103afddc949b7f311cf,event,,,,0.8,needs_review,https://github.com/microsoft/fhir-server/commit/2ab352f73fcbab4aec22fb0f950472c2ffa1d54b
9625c103afddc949b7f311cf,claim,,,,0.8,needs_review,https://github.com/microsoft/fhir-server/commit/2ab352f73fcbab4aec22fb0f950472c2ffa1d54b
9625c103afddc949b7f311cf,tone,,,,0.8,needs_review,https://github.com/microsoft/fhir-server/commit/2ab352f73fcbab4aec22fb0f950472c2ffa1d54b
9625c103afddc949b7f311cf,importance,,,,0.8,needs_review,https://github.com/microsoft/fhir-server/commit/2ab352f73fcbab4aec22fb0f950472c2ffa1d54b
9625c103afddc949b7f311cf,urgency,,,,0.8,needs_review,https://github.com/microsoft/fhir-server/commit/2ab352f73fcbab4aec22fb0f950472c2ffa1d54b
9625c103afddc949b7f311cf,promotion,,,,0.8,needs_review,https://github.com/microsoft/fhir-server/commit/2ab352f73fcbab4aec22fb0f950472c2ffa1d54b
9625c103afddc949b7f311cf,token_reference,,,,0.8,needs_review,https://github.com/microsoft/fhir-server/commit/2ab352f73fcbab4aec22fb0f950472c2ffa1d54b
9625c103afddc949b7f311cf,narrative_object,,,,0.8,needs_review,https://github.com/microsoft/fhir-server/commit/2ab352f73fcbab4aec22fb0f950472c2ffa1d54b
9625c103afddc949b7f311cf,context_dependence,,,,0.8,needs_review,https://github.com/microsoft/fhir-server/commit/2ab352f73fcbab4aec22fb0f950472c2ffa1d54b
a7f7bd91f187d50d6406f712,relevance,insufficient,0.5619,0.121,0.8,insufficient,https://github.com/NVIDIA/SkillEvaluator/commit/e49d003c9e7e2f195a428de1f0cffd01e2a6cb95
a7f7bd91f187d50d6406f712,event,technical,0.9741,0.9245,0.8,accepted,https://github.com/NVIDIA/SkillEvaluator/commit/e49d003c9e7e2f195a428de1f0cffd01e2a6cb95
a7f7bd91f187d50d6406f712,claim,insufficient,0.6983,0.4208,0.8,insufficient,https://github.com/NVIDIA/SkillEvaluator/commit/e49d003c9e7e2f195a428de1f0cffd01e2a6cb95
a7f7bd91f187d50d6406f712,tone,insufficient,0.395,0.1714,0.8,insufficient,https://github.com/NVIDIA/SkillEvaluator/commit/e49d003c9e7e2f195a428de1f0cffd01e2a6cb95
a7f7bd91f187d50d6406f712,importance,project,0.356,0.0613,0.8,needs_review,https://github.com/NVIDIA/SkillEvaluator/commit/e49d003c9e7e2f195a428de1f0cffd01e2a6cb95
a7f7bd91f187d50d6406f712,urgency,none,0.6518,0.2853,0.8,needs_review,https://github.com/NVIDIA/SkillEvaluator/commit/e49d003c9e7e2f195a428de1f0cffd01e2a6cb95
a7f7bd91f187d50d6406f712,promotion,insufficient,0.5462,0.1616,0.8,insufficient,https://github.com/NVIDIA/SkillEvaluator/commit/e49d003c9e7e2f195a428de1f0cffd01e2a6cb95
a7f7bd91f187d50d6406f712,token_reference,absent,0.7231,0.2929,0.8,needs_review,https://github.com/NVIDIA/SkillEvaluator/commit/e49d003c9e7e2f195a428de1f0cffd01e2a6cb95
a7f7bd91f187d50d6406f712,narrative_object,absent,0.6393,0.307,0.8,needs_review,https://github.com/NVIDIA/SkillEvaluator/commit/e49d003c9e7e2f195a428de1f0cffd01e2a6cb95
a7f7bd91f187d50d6406f712,context_dependence,insufficient,0.501,0.0774,0.8,insufficient,https://github.com/NVIDIA/SkillEvaluator/commit/e49d003c9e7e2f195a428de1f0cffd01e2a6cb95
d9450ec15358880b90c18bf1,relevance,insufficient,0.4882,0.0636,0.8,insufficient,https://x.com/i/status/2104671803297652762
d9450ec15358880b90c18bf1,event,launch,0.7289,0.6038,0.8,needs_review,https://x.com/i/status/2104671803297652762
d9450ec15358880b90c18bf1,claim,announcement,0.9871,0.9518,0.8,accepted,https://x.com/i/status/2104671803297652762
d9450ec15358880b90c18bf1,tone,insufficient,0.3315,0.0739,0.8,insufficient,https://x.com/i/status/2104671803297652762
d9450ec15358880b90c18bf1,importance,project,0.3813,0.0485,0.8,needs_review,https://x.com/i/status/2104671803297652762
d9450ec15358880b90c18bf1,urgency,none,0.6428,0.2993,0.8,needs_review,https://x.com/i/status/2104671803297652762
d9450ec15358880b90c18bf1,promotion,promotional,0.5042,0.1325,0.8,needs_review,https://x.com/i/status/2104671803297652762
d9450ec15358880b90c18bf1,token_reference,absent,0.8023,0.4253,0.8,accepted,https://x.com/i/status/2104671803297652762
d9450ec15358880b90c18bf1,narrative_object,absent,0.371,0.1852,0.8,needs_review,https://x.com/i/status/2104671803297652762
d9450ec15358880b90c18bf1,context_dependence,standalone,0.3833,0.0078,0.8,needs_review,https://x.com/i/status/2104671803297652762
83aa48d5bd89da848ba3f08e,relevance,insufficient,0.6623,0.209,0.8,insufficient,https://github.com/google/tpu-sync/commit/9815fb57a21a88be30cbc29e8bb1017bffec9dd5
83aa48d5bd89da848ba3f08e,event,technical,0.9773,0.9287,0.8,accepted,https://github.com/google/tpu-sync/commit/9815fb57a21a88be30cbc29e8bb1017bffec9dd5
83aa48d5bd89da848ba3f08e,claim,insufficient,0.7684,0.515,0.8,insufficient,https://github.com/google/tpu-sync/commit/9815fb57a21a88be30cbc29e8bb1017bffec9dd5
83aa48d5bd89da848ba3f08e,tone,insufficient,0.4515,0.1628,0.8,insufficient,https://github.com/google/tpu-sync/commit/9815fb57a21a88be30cbc29e8bb1017bffec9dd5
83aa48d5bd89da848ba3f08e,importance,routine,0.4195,0.1184,0.8,needs_review,https://github.com/google/tpu-sync/commit/9815fb57a21a88be30cbc29e8bb1017bffec9dd5
83aa48d5bd89da848ba3f08e,urgency,none,0.6933,0.3405,0.8,needs_review,https://github.com/google/tpu-sync/commit/9815fb57a21a88be30cbc29e8bb1017bffec9dd5
83aa48d5bd89da848ba3f08e,promotion,insufficient,0.5921,0.1902,0.8,insufficient,https://github.com/google/tpu-sync/commit/9815fb57a21a88be30cbc29e8bb1017bffec9dd5
83aa48d5bd89da848ba3f08e,token_reference,absent,0.8398,0.5032,0.8,accepted,https://github.com/google/tpu-sync/commit/9815fb57a21a88be30cbc29e8bb1017bffec9dd5
83aa48d5bd89da848ba3f08e,narrative_object,product,0.5115,0.345,0.8,needs_review,https://github.com/google/tpu-sync/commit/9815fb57a21a88be30cbc29e8bb1017bffec9dd5
83aa48d5bd89da848ba3f08e,context_dependence,insufficient,0.588,0.1333,0.8,insufficient,https://github.com/google/tpu-sync/commit/9815fb57a21a88be30cbc29e8bb1017bffec9dd5
b33da98792131d8a7adf9d48,relevance,insufficient,0.6658,0.2092,0.8,insufficient,https://github.com/microsoft/sarif-website/commit/01d7335e6be2f358bd81f449df932ecf3679727b
b33da98792131d8a7adf9d48,event,technical,0.9283,0.8309,0.8,accepted,https://github.com/microsoft/sarif-website/commit/01d7335e6be2f358bd81f449df932ecf3679727b
b33da98792131d8a7adf9d48,claim,insufficient,0.6735,0.3884,0.8,insufficient,https://github.com/microsoft/sarif-website/commit/01d7335e6be2f358bd81f449df932ecf3679727b
b33da98792131d8a7adf9d48,tone,insufficient,0.4397,0.1735,0.8,insufficient,https://github.com/microsoft/sarif-website/commit/01d7335e6be2f358bd81f449df932ecf3679727b
b33da98792131d8a7adf9d48,importance,project,0.464,0.1184,0.8,needs_review,https://github.com/microsoft/sarif-website/commit/01d7335e6be2f358bd81f449df932ecf3679727b
b33da98792131d8a7adf9d48,urgency,none,0.6344,0.2646,0.8,needs_review,https://github.com/microsoft/sarif-website/commit/01d7335e6be2f358bd81f449df932ecf3679727b
b33da98792131d8a7adf9d48,promotion,insufficient,0.5921,0.1916,0.8,insufficient,https://github.com/microsoft/sarif-website/commit/01d7335e6be2f358bd81f449df932ecf3679727b
b33da98792131d8a7adf9d48,token_reference,absent,0.811,0.4457,0.8,accepted,https://github.com/microsoft/sarif-website/commit/01d7335e6be2f358bd81f449df932ecf3679727b
b33da98792131d8a7adf9d48,narrative_object,absent,0.6361,0.3652,0.8,needs_review,https://github.com/microsoft/sarif-website/commit/01d7335e6be2f358bd81f449df932ecf3679727b
b33da98792131d8a7adf9d48,context_dependence,insufficient,0.5225,0.0748,0.8,insufficient,https://github.com/microsoft/sarif-website/commit/01d7335e6be2f358bd81f449df932ecf3679727b
7c38ea3df0e3eebf0c6c1a05,relevance,insufficient,0.6395,0.2022,0.8,insufficient,https://x.com/i/status/2104671778287091895
7c38ea3df0e3eebf0c6c1a05,event,launch,0.4126,0.3124,0.8,needs_review,https://x.com/i/status/2104671778287091895
7c38ea3df0e3eebf0c6c1a05,claim,insufficient,0.6656,0.3806,0.8,insufficient,https://x.com/i/status/2104671778287091895
7c38ea3df0e3eebf0c6c1a05,tone,insufficient,0.4218,0.159,0.8,insufficient,https://x.com/i/status/2104671778287091895
7c38ea3df0e3eebf0c6c1a05,importance,insufficient,0.6943,0.3264,0.8,insufficient,https://x.com/i/status/2104671778287091895
7c38ea3df0e3eebf0c6c1a05,urgency,none,0.708,0.4245,0.8,needs_review,https://x.com/i/status/2104671778287091895
7c38ea3df0e3eebf0c6c1a05,promotion,insufficient,0.4288,0.0714,0.8,insufficient,https://x.com/i/status/2104671778287091895
7c38ea3df0e3eebf0c6c1a05,token_reference,absent,0.7121,0.2786,0.8,needs_review,https://x.com/i/status/2104671778287091895
7c38ea3df0e3eebf0c6c1a05,narrative_object,absent,0.6722,0.3327,0.8,needs_review,https://x.com/i/status/2104671778287091895
7c38ea3df0e3eebf0c6c1a05,context_dependence,insufficient,0.5664,0.1041,0.8,insufficient,https://x.com/i/status/2104671778287091895
180b99185521d6403f92e0bb,relevance,insufficient,0.3495,0.001,0.8,insufficient,https://github.com/microsoft/fhir-server/commit/b350354803ed45d630e135002977942a683009f4
180b99185521d6403f92e0bb,event,technical,0.9779,0.9298,0.8,accepted,https://github.com/microsoft/fhir-server/commit/b350354803ed45d630e135002977942a683009f4
180b99185521d6403f92e0bb,claim,correction,0.5551,0.4507,0.8,needs_review,https://github.com/microsoft/fhir-server/commit/b350354803ed45d630e135002977942a683009f4
180b99185521d6403f92e0bb,tone,insufficient,0.375,0.1087,0.8,insufficient,https://github.com/microsoft/fhir-server/commit/b350354803ed45d630e135002977942a683009f4
180b99185521d6403f92e0bb,importance,routine,0.5429,0.1549,0.8,needs_review,https://github.com/microsoft/fhir-server/commit/b350354803ed45d630e135002977942a683009f4
180b99185521d6403f92e0bb,urgency,none,0.7178,0.356,0.8,needs_review,https://github.com/microsoft/fhir-server/commit/b350354803ed45d630e135002977942a683009f4
180b99185521d6403f92e0bb,promotion,insufficient,0.4425,0.0904,0.8,insufficient,https://github.com/microsoft/fhir-server/commit/b350354803ed45d630e135002977942a683009f4
180b99185521d6403f92e0bb,token_reference,absent,0.8177,0.4573,0.8,accepted,https://github.com/microsoft/fhir-server/commit/b350354803ed45d630e135002977942a683009f4
180b99185521d6403f92e0bb,narrative_object,product,0.4197,0.1597,0.8,needs_review,https://github.com/microsoft/fhir-server/commit/b350354803ed45d630e135002977942a683009f4
180b99185521d6403f92e0bb,context_dependence,standalone,0.4298,0.0216,0.8,needs_review,https://github.com/microsoft/fhir-server/commit/b350354803ed45d630e135002977942a683009f4
bf783b52bb28413b619e9df7,relevance,insufficient,0.5588,0.1068,0.8,insufficient,https://x.com/i/status/2104381714248212971
bf783b52bb28413b619e9df7,event,other,0.6673,0.4009,0.8,needs_review,https://x.com/i/status/2104381714248212971
bf783b52bb28413b619e9df7,claim,correction,0.2167,0.0262,0.8,needs_review,https://x.com/i/status/2104381714248212971
bf783b52bb28413b619e9df7,tone,positive,0.3114,0.0456,0.8,needs_review,https://x.com/i/status/2104381714248212971
bf783b52bb28413b619e9df7,importance,insufficient,0.3663,0.0436,0.8,insufficient,https://x.com/i/status/2104381714248212971
bf783b52bb28413b619e9df7,urgency,none,0.5127,0.1818,0.8,needs_review,https://x.com/i/status/2104381714248212971
bf783b52bb28413b619e9df7,promotion,insufficient,0.322,0.0247,0.8,insufficient,https://x.com/i/status/2104381714248212971
bf783b52bb28413b619e9df7,token_reference,absent,0.7549,0.3431,0.8,needs_review,https://x.com/i/status/2104381714248212971
bf783b52bb28413b619e9df7,narrative_object,absent,0.6444,0.3449,0.8,needs_review,https://x.com/i/status/2104381714248212971
bf783b52bb28413b619e9df7,context_dependence,insufficient,0.3922,0.0084,0.8,insufficient,https://x.com/i/status/2104381714248212971
7280855802dc6512a29c32e0,relevance,informative,0.4929,0.1271,0.8,needs_review,https://x.com/i/status/2104671762512581059
7280855802dc6512a29c32e0,event,other,0.5371,0.3268,0.8,needs_review,https://x.com/i/status/2104671762512581059
7280855802dc6512a29c32e0,claim,correction,0.3543,0.1261,0.8,needs_review,https://x.com/i/status/2104671762512581059
7280855802dc6512a29c32e0,tone,neutral,0.3208,0.039,0.8,needs_review,https://x.com/i/status/2104671762512581059
7280855802dc6512a29c32e0,importance,insufficient,0.4334,0.0666,0.8,needs_review,https://x.com/i/status/2104671762512581059
7280855802dc6512a29c32e0,urgency,none,0.5726,0.2082,0.8,needs_review,https://x.com/i/status/2104671762512581059
7280855802dc6512a29c32e0,promotion,informational,0.4791,0.1102,0.8,needs_review,https://x.com/i/status/2104671762512581059
7280855802dc6512a29c32e0,token_reference,absent,0.7841,0.3909,0.8,needs_review,https://x.com/i/status/2104671762512581059
7280855802dc6512a29c32e0,narrative_object,absent,0.72,0.4319,0.8,needs_review,https://x.com/i/status/2104671762512581059
7280855802dc6512a29c32e0,context_dependence,dependent,0.5048,0.057,0.8,needs_review,https://x.com/i/status/2104671762512581059
030b958d2e0795f2606fa8d7,relevance,insufficient,0.4779,0.0677,0.8,insufficient,https://x.com/i/status/2104671746301293001
030b958d2e0795f2606fa8d7,event,other,0.4105,0.2617,0.8,needs_review,https://x.com/i/status/2104671746301293001
030b958d2e0795f2606fa8d7,claim,announcement,0.7165,0.4795,0.8,needs_review,https://x.com/i/status/2104671746301293001
030b958d2e0795f2606fa8d7,tone,insufficient,0.2789,0.0563,0.8,insufficient,https://x.com/i/status/2104671746301293001
030b958d2e0795f2606fa8d7,importance,insufficient,0.3995,0.0617,0.8,insufficient,https://x.com/i/status/2104671746301293001
030b958d2e0795f2606fa8d7,urgency,none,0.5877,0.2282,0.8,needs_review,https://x.com/i/status/2104671746301293001
030b958d2e0795f2606fa8d7,promotion,mixed,0.3213,0.0301,0.8,needs_review,https://x.com/i/status/2104671746301293001
030b958d2e0795f2606fa8d7,token_reference,absent,0.8215,0.4617,0.8,accepted,https://x.com/i/status/2104671746301293001
030b958d2e0795f2606fa8d7,narrative_object,absent,0.8426,0.6062,0.8,accepted,https://x.com/i/status/2104671746301293001
030b958d2e0795f2606fa8d7,context_dependence,dependent,0.3515,0.0019,0.8,needs_review,https://x.com/i/status/2104671746301293001
f482d7603fe3a94c4c0410d5,relevance,informative,0.6483,0.1885,0.8,needs_review,https://github.com/facebook/astryx/commit/c448a98df075cd9372f5cc6aafceb1cde8c26b56
f482d7603fe3a94c4c0410d5,event,technical,0.923,0.8194,0.8,accepted,https://github.com/facebook/astryx/commit/c448a98df075cd9372f5cc6aafceb1cde8c26b56
f482d7603fe3a94c4c0410d5,claim,announcement,0.5019,0.2872,0.8,needs_review,https://github.com/facebook/astryx/commit/c448a98df075cd9372f5cc6aafceb1cde8c26b56
f482d7603fe3a94c4c0410d5,tone,neutral,0.2795,0.0142,0.8,needs_review,https://github.com/facebook/astryx/commit/c448a98df075cd9372f5cc6aafceb1cde8c26b56
f482d7603fe3a94c4c0410d5,importance,routine,0.5367,0.1866,0.8,needs_review,https://github.com/facebook/astryx/commit/c448a98df075cd9372f5cc6aafceb1cde8c26b56
f482d7603fe3a94c4c0410d5,urgency,none,0.4341,0.0644,0.8,needs_review,https://github.com/facebook/astryx/commit/c448a98df075cd9372f5cc6aafceb1cde8c26b56
f482d7603fe3a94c4c0410d5,promotion,informational,0.3346,0.0135,0.8,needs_review,https://github.com/facebook/astryx/commit/c448a98df075cd9372f5cc6aafceb1cde8c26b56
f482d7603fe3a94c4c0410d5,token_reference,absent,0.6746,0.2223,0.8,needs_review,https://github.com/facebook/astryx/commit/c448a98df075cd9372f5cc6aafceb1cde8c26b56
f482d7603fe3a94c4c0410d5,narrative_object,product,0.5421,0.2463,0.8,needs_review,https://github.com/facebook/astryx/commit/c448a98df075cd9372f5cc6aafceb1cde8c26b56
f482d7603fe3a94c4c0410d5,context_dependence,standalone,0.456,0.0688,0.8,needs_review,https://github.com/facebook/astryx/commit/c448a98df075cd9372f5cc6aafceb1cde8c26b56
88b621f0d63a78fcc6f32919,relevance,informative,0.3967,0.0282,0.8,needs_review,https://x.com/i/status/2104671724088541555
88b621f0d63a78fcc6f32919,event,launch,0.9671,0.9048,0.8,needs_review,https://x.com/i/status/2104671724088541555
88b621f0d63a78fcc6f32919,claim,announcement,0.8445,0.6499,0.8,needs_review,https://x.com/i/status/2104671724088541555
88b621f0d63a78fcc6f32919,tone,negative,0.2346,0.0033,0.8,needs_review,https://x.com/i/status/2104671724088541555
88b621f0d63a78fcc6f32919,importance,project,0.4585,0.1286,0.8,needs_review,https://x.com/i/status/2104671724088541555
88b621f0d63a78fcc6f32919,urgency,none,0.5842,0.1992,0.8,needs_review,https://x.com/i/status/2104671724088541555
88b621f0d63a78fcc6f32919,promotion,insufficient,0.3406,0.0157,0.8,needs_review,https://x.com/i/status/2104671724088541555
88b621f0d63a78fcc6f32919,token_reference,absent,0.7424,0.3253,0.8,needs_review,https://x.com/i/status/2104671724088541555
88b621f0d63a78fcc6f32919,narrative_object,absent,0.7738,0.4954,0.8,needs_review,https://x.com/i/status/2104671724088541555
88b621f0d63a78fcc6f32919,context_dependence,dependent,0.458,0.0358,0.8,needs_review,https://x.com/i/status/2104671724088541555
8ad6b033501c7a98cc0ced3a,relevance,insufficient,0.4609,0.0337,0.8,insufficient,https://x.com/i/status/2104671713824817570
8ad6b033501c7a98cc0ced3a,event,technical,0.8485,0.7192,0.8,accepted,https://x.com/i/status/2104671713824817570
8ad6b033501c7a98cc0ced3a,claim,opinion,0.5358,0.2677,0.8,needs_review,https://x.com/i/status/2104671713824817570
8ad6b033501c7a98cc0ced3a,tone,positive,0.5305,0.1862,0.8,needs_review,https://x.com/i/status/2104671713824817570
8ad6b033501c7a98cc0ced3a,importance,project,0.5218,0.1305,0.8,needs_review,https://x.com/i/status/2104671713824817570
8ad6b033501c7a98cc0ced3a,urgency,none,0.6015,0.2408,0.8,needs_review,https://x.com/i/status/2104671713824817570
8ad6b033501c7a98cc0ced3a,promotion,insufficient,0.3321,0.0358,0.8,insufficient,https://x.com/i/status/2104671713824817570
8ad6b033501c7a98cc0ced3a,token_reference,possible,0.3814,0.0046,0.8,needs_review,https://x.com/i/status/2104671713824817570
8ad6b033501c7a98cc0ced3a,narrative_object,product,0.5817,0.2928,0.8,needs_review,https://x.com/i/status/2104671713824817570
8ad6b033501c7a98cc0ced3a,context_dependence,standalone,0.4175,0.016,0.8,needs_review,https://x.com/i/status/2104671713824817570
550a0c6b334a7ce0337dd618,relevance,insufficient,0.5468,0.0887,0.8,insufficient,https://x.com/i/status/2104671696498176408
550a0c6b334a7ce0337dd618,event,technical,0.3457,0.2307,0.8,needs_review,https://x.com/i/status/2104671696498176408
550a0c6b334a7ce0337dd618,claim,opinion,0.3061,0.1127,0.8,needs_review,https://x.com/i/status/2104671696498176408
550a0c6b334a7ce0337dd618,tone,negative,0.3451,0.0474,0.8,needs_review,https://x.com/i/status/2104671696498176408
550a0c6b334a7ce0337dd618,importance,insufficient,0.5147,0.1202,0.8,insufficient,https://x.com/i/status/2104671696498176408
550a0c6b334a7ce0337dd618,urgency,none,0.6392,0.3227,0.8,needs_review,https://x.com/i/status/2104671696498176408
550a0c6b334a7ce0337dd618,promotion,insufficient,0.3795,0.0311,0.8,insufficient,https://x.com/i/status/2104671696498176408
550a0c6b334a7ce0337dd618,token_reference,absent,0.5791,0.1153,0.8,needs_review,https://x.com/i/status/2104671696498176408
550a0c6b334a7ce0337dd618,narrative_object,cultural,0.3287,0.1222,0.8,needs_review,https://x.com/i/status/2104671696498176408
550a0c6b334a7ce0337dd618,context_dependence,dependent,0.3495,0.001,0.8,needs_review,https://x.com/i/status/2104671696498176408
d934fa8c572fd3f27dfc222a,relevance,informative,0.5596,0.1111,0.8,needs_review,https://github.com/NVIDIA/Personal-AI-Router/commit/9b2cf099645a120dccfdc85d74b85649b915dcd9
d934fa8c572fd3f27dfc222a,event,technical,0.9703,0.9253,0.8,accepted,https://github.com/NVIDIA/Personal-AI-Router/commit/9b2cf099645a120dccfdc85d74b85649b915dcd9
d934fa8c572fd3f27dfc222a,claim,announcement,0.5803,0.3079,0.8,needs_review,https://github.com/NVIDIA/Personal-AI-Router/commit/9b2cf099645a120dccfdc85d74b85649b915dcd9
d934fa8c572fd3f27dfc222a,tone,neutral,0.3213,0.0328,0.8,needs_review,https://github.com/NVIDIA/Personal-AI-Router/commit/9b2cf099645a120dccfdc85d74b85649b915dcd9
d934fa8c572fd3f27dfc222a,importance,project,0.4222,0.14,0.8,needs_review,https://github.com/NVIDIA/Personal-AI-Router/commit/9b2cf099645a120dccfdc85d74b85649b915dcd9
d934fa8c572fd3f27dfc222a,urgency,none,0.3768,0.0788,0.8,needs_review,https://github.com/NVIDIA/Personal-AI-Router/commit/9b2cf099645a120dccfdc85d74b85649b915dcd9
d934fa8c572fd3f27dfc222a,promotion,informational,0.3937,0.0777,0.8,needs_review,https://github.com/NVIDIA/Personal-AI-Router/commit/9b2cf099645a120dccfdc85d74b85649b915dcd9
d934fa8c572fd3f27dfc222a,token_reference,absent,0.8324,0.4834,0.8,accepted,https://github.com/NVIDIA/Personal-AI-Router/commit/9b2cf099645a120dccfdc85d74b85649b915dcd9
d934fa8c572fd3f27dfc222a,narrative_object,product,0.7682,0.485,0.8,needs_review,https://github.com/NVIDIA/Personal-AI-Router/commit/9b2cf099645a120dccfdc85d74b85649b915dcd9
d934fa8c572fd3f27dfc222a,context_dependence,dependent,0.3913,0.0153,0.8,needs_review,https://github.com/NVIDIA/Personal-AI-Router/commit/9b2cf099645a120dccfdc85d74b85649b915dcd9
b28c25125298072216bc0bff,relevance,informative,0.5021,0.0899,0.8,needs_review,https://github.com/microsoft/BCApps/commit/00ac3359811a208574087f19f821b9e562c37d36
b28c25125298072216bc0bff,event,technical,0.9965,0.9852,0.8,accepted,https://github.com/microsoft/BCApps/commit/00ac3359811a208574087f19f821b9e562c37d36
b28c25125298072216bc0bff,claim,correction,0.9694,0.9013,0.8,accepted,https://github.com/microsoft/BCApps/commit/00ac3359811a208574087f19f821b9e562c37d36
b28c25125298072216bc0bff,tone,neutral,0.3491,0.1236,0.8,needs_review,https://github.com/microsoft/BCApps/commit/00ac3359811a208574087f19f821b9e562c37d36
b28c25125298072216bc0bff,importance,project,0.4382,0.1074,0.8,needs_review,https://github.com/microsoft/BCApps/commit/00ac3359811a208574087f19f821b9e562c37d36
b28c25125298072216bc0bff,urgency,none,0.6506,0.2622,0.8,needs_review,https://github.com/microsoft/BCApps/commit/00ac3359811a208574087f19f821b9e562c37d36
b28c25125298072216bc0bff,promotion,insufficient,0.3808,0.064,0.8,insufficient,https://github.com/microsoft/BCApps/commit/00ac3359811a208574087f19f821b9e562c37d36
b28c25125298072216bc0bff,token_reference,absent,0.8115,0.441,0.8,accepted,https://github.com/microsoft/BCApps/commit/00ac3359811a208574087f19f821b9e562c37d36
b28c25125298072216bc0bff,narrative_object,product,0.4845,0.2942,0.8,needs_review,https://github.com/microsoft/BCApps/commit/00ac3359811a208574087f19f821b9e562c37d36
b28c25125298072216bc0bff,context_dependence,standalone,0.534,0.0776,0.8,needs_review,https://github.com/microsoft/BCApps/commit/00ac3359811a208574087f19f821b9e562c37d36
9f7665902f1fdbafbd616f84,relevance,insufficient,0.527,0.0728,0.8,needs_review,https://x.com/i/status/2104671657201922296
9f7665902f1fdbafbd616f84,event,technical,0.5551,0.3533,0.8,needs_review,https://x.com/i/status/2104671657201922296
9f7665902f1fdbafbd616f84,claim,announcement,0.8124,0.6059,0.8,needs_review,https://x.com/i/status/2104671657201922296
9f7665902f1fdbafbd616f84,tone,positive,0.2768,0.0247,0.8,needs_review,https://x.com/i/status/2104671657201922296
9f7665902f1fdbafbd616f84,importance,insufficient,0.5303,0.1426,0.8,needs_review,https://x.com/i/status/2104671657201922296
9f7665902f1fdbafbd616f84,urgency,none,0.6397,0.3086,0.8,needs_review,https://x.com/i/status/2104671657201922296
9f7665902f1fdbafbd616f84,promotion,insufficient,0.3255,0.0161,0.8,needs_review,https://x.com/i/status/2104671657201922296
9f7665902f1fdbafbd616f84,token_reference,absent,0.7635,0.3592,0.8,needs_review,https://x.com/i/status/2104671657201922296
9f7665902f1fdbafbd616f84,narrative_object,absent,0.6053,0.2725,0.8,needs_review,https://x.com/i/status/2104671657201922296
9f7665902f1fdbafbd616f84,context_dependence,insufficient,0.4722,0.0414,0.8,needs_review,https://x.com/i/status/2104671657201922296
c227af9ab912615d87bce63e,relevance,,,,0.8,needs_review,https://github.com/microsoft/vscode-python/commit/09cb321c993983429dcc009efbd1fa2f100c7253
c227af9ab912615d87bce63e,event,,,,0.8,needs_review,https://github.com/microsoft/vscode-python/commit/09cb321c993983429dcc009efbd1fa2f100c7253
c227af9ab912615d87bce63e,claim,,,,0.8,needs_review,https://github.com/microsoft/vscode-python/commit/09cb321c993983429dcc009efbd1fa2f100c7253
c227af9ab912615d87bce63e,tone,,,,0.8,needs_review,https://github.com/microsoft/vscode-python/commit/09cb321c993983429dcc009efbd1fa2f100c7253
c227af9ab912615d87bce63e,importance,,,,0.8,needs_review,https://github.com/microsoft/vscode-python/commit/09cb321c993983429dcc009efbd1fa2f100c7253
c227af9ab912615d87bce63e,urgency,,,,0.8,needs_review,https://github.com/microsoft/vscode-python/commit/09cb321c993983429dcc009efbd1fa2f100c7253
c227af9ab912615d87bce63e,promotion,,,,0.8,needs_review,https://github.com/microsoft/vscode-python/commit/09cb321c993983429dcc009efbd1fa2f100c7253
c227af9ab912615d87bce63e,token_reference,,,,0.8,needs_review,https://github.com/microsoft/vscode-python/commit/09cb321c993983429dcc009efbd1fa2f100c7253
c227af9ab912615d87bce63e,narrative_object,,,,0.8,needs_review,https://github.com/microsoft/vscode-python/commit/09cb321c993983429dcc009efbd1fa2f100c7253
c227af9ab912615d87bce63e,context_dependence,,,,0.8,needs_review,https://github.com/microsoft/vscode-python/commit/09cb321c993983429dcc009efbd1fa2f100c7253
28da6d26c490dba259d3ff74,relevance,,,,0.8,needs_review,https://x.com/i/status/2104671608459923717
28da6d26c490dba259d3ff74,event,,,,0.8,needs_review,https://x.com/i/status/2104671608459923717
28da6d26c490dba259d3ff74,claim,,,,0.8,needs_review,https://x.com/i/status/2104671608459923717
28da6d26c490dba259d3ff74,tone,,,,0.8,needs_review,https://x.com/i/status/2104671608459923717
28da6d26c490dba259d3ff74,importance,,,,0.8,needs_review,https://x.com/i/status/2104671608459923717
28da6d26c490dba259d3ff74,urgency,,,,0.8,needs_review,https://x.com/i/status/2104671608459923717
28da6d26c490dba259d3ff74,promotion,,,,0.8,needs_review,https://x.com/i/status/2104671608459923717
28da6d26c490dba259d3ff74,token_reference,,,,0.8,needs_review,https://x.com/i/status/2104671608459923717
28da6d26c490dba259d3ff74,narrative_object,,,,0.8,needs_review,https://x.com/i/status/2104671608459923717
28da6d26c490dba259d3ff74,context_dependence,,,,0.8,needs_review,https://x.com/i/status/2104671608459923717
25309f0a39f186fccdabaadd,relevance,insufficient,0.8044,0.4293,0.8,insufficient,https://github.com/microsoft/garnet/commit/d38b48c8eb1242d1df15a2c99afab61e266371ff
25309f0a39f186fccdabaadd,event,technical,0.9716,0.92,0.8,accepted,https://github.com/microsoft/garnet/commit/d38b48c8eb1242d1df15a2c99afab61e266371ff
25309f0a39f186fccdabaadd,claim,insufficient,0.6228,0.4794,0.8,insufficient,https://github.com/microsoft/garnet/commit/d38b48c8eb1242d1df15a2c99afab61e266371ff
25309f0a39f186fccdabaadd,tone,insufficient,0.7863,0.5415,0.8,insufficient,https://github.com/microsoft/garnet/commit/d38b48c8eb1242d1df15a2c99afab61e266371ff
25309f0a39f186fccdabaadd,importance,insufficient,0.3918,0.1109,0.8,insufficient,https://github.com/microsoft/garnet/commit/d38b48c8eb1242d1df15a2c99afab61e266371ff
25309f0a39f186fccdabaadd,urgency,none,0.644,0.4012,0.8,needs_review,https://github.com/microsoft/garnet/commit/d38b48c8eb1242d1df15a2c99afab61e266371ff
25309f0a39f186fccdabaadd,promotion,insufficient,0.6932,0.5091,0.8,insufficient,https://github.com/microsoft/garnet/commit/d38b48c8eb1242d1df15a2c99afab61e266371ff
25309f0a39f186fccdabaadd,token_reference,absent,0.7994,0.4185,0.8,needs_review,https://github.com/microsoft/garnet/commit/d38b48c8eb1242d1df15a2c99afab61e266371ff
25309f0a39f186fccdabaadd,narrative_object,product,0.746,0.5164,0.8,needs_review,https://github.com/microsoft/garnet/commit/d38b48c8eb1242d1df15a2c99afab61e266371ff
25309f0a39f186fccdabaadd,context_dependence,insufficient,0.6658,0.2093,0.8,insufficient,https://github.com/microsoft/garnet/commit/d38b48c8eb1242d1df15a2c99afab61e266371ff
edcc9b0f341d4afac8b3ec5e,relevance,insufficient,0.522,0.0928,0.8,insufficient,https://x.com/i/status/2104670974012694614
edcc9b0f341d4afac8b3ec5e,event,partnership,0.5804,0.4468,0.8,needs_review,https://x.com/i/status/2104670974012694614
edcc9b0f341d4afac8b3ec5e,claim,announcement,0.9748,0.9144,0.8,accepted,https://x.com/i/status/2104670974012694614
edcc9b0f341d4afac8b3ec5e,tone,neutral,0.2998,0.0766,0.8,needs_review,https://x.com/i/status/2104670974012694614
edcc9b0f341d4afac8b3ec5e,importance,project,0.7139,0.3419,0.8,needs_review,https://x.com/i/status/2104670974012694614
edcc9b0f341d4afac8b3ec5e,urgency,none,0.4325,0.0846,0.8,needs_review,https://x.com/i/status/2104670974012694614
edcc9b0f341d4afac8b3ec5e,promotion,promotional,0.3792,0.0344,0.8,needs_review,https://x.com/i/status/2104670974012694614
edcc9b0f341d4afac8b3ec5e,token_reference,absent,0.7832,0.3898,0.8,needs_review,https://x.com/i/status/2104670974012694614
edcc9b0f341d4afac8b3ec5e,narrative_object,cultural,0.4214,0.2083,0.8,needs_review,https://x.com/i/status/2104670974012694614
edcc9b0f341d4afac8b3ec5e,context_dependence,standalone,0.3966,0.0121,0.8,needs_review,https://x.com/i/status/2104670974012694614
2f2d335469a33656f1b94a98,relevance,insufficient,0.4546,0.06,0.8,needs_review,https://x.com/i/status/2104671588008546616
2f2d335469a33656f1b94a98,event,partnership,0.3718,0.4035,0.8,needs_review,https://x.com/i/status/2104671588008546616
2f2d335469a33656f1b94a98,claim,announcement,0.7547,0.5014,0.8,needs_review,https://x.com/i/status/2104671588008546616
2f2d335469a33656f1b94a98,tone,neutral,0.2863,0.0364,0.8,needs_review,https://x.com/i/status/2104671588008546616
2f2d335469a33656f1b94a98,importance,project,0.6908,0.3116,0.8,needs_review,https://x.com/i/status/2104671588008546616
2f2d335469a33656f1b94a98,urgency,none,0.3545,0.0304,0.8,needs_review,https://x.com/i/status/2104671588008546616
2f2d335469a33656f1b94a98,promotion,promotional,0.3493,0.0274,0.8,needs_review,https://x.com/i/status/2104671588008546616
2f2d335469a33656f1b94a98,token_reference,absent,0.5665,0.1051,0.8,needs_review,https://x.com/i/status/2104671588008546616
2f2d335469a33656f1b94a98,narrative_object,product,0.4397,0.2366,0.8,needs_review,https://x.com/i/status/2104671588008546616
2f2d335469a33656f1b94a98,context_dependence,dependent,0.3973,0.0118,0.8,needs_review,https://x.com/i/status/2104671588008546616
782f68ce817a47b80efe2975,relevance,insufficient,0.5565,0.1092,0.8,insufficient,https://github.com/microsoft/onnxruntime/commit/04169adf935545ff4c20d82bce29ef254ab07bfd
782f68ce817a47b80efe2975,event,technical,0.9934,0.9744,0.8,accepted,https://github.com/microsoft/onnxruntime/commit/04169adf935545ff4c20d82bce29ef254ab07bfd
782f68ce817a47b80efe2975,claim,insufficient,0.3428,0.2152,0.8,insufficient,https://github.com/microsoft/onnxruntime/commit/04169adf935545ff4c20d82bce29ef254ab07bfd
782f68ce817a47b80efe2975,tone,insufficient,0.3525,0.0801,0.8,insufficient,https://github.com/microsoft/onnxruntime/commit/04169adf935545ff4c20d82bce29ef254ab07bfd
782f68ce817a47b80efe2975,importance,routine,0.4089,0.0686,0.8,needs_review,https://github.com/microsoft/onnxruntime/commit/04169adf935545ff4c20d82bce29ef254ab07bfd
782f68ce817a47b80efe2975,urgency,none,0.7322,0.3864,0.8,needs_review,https://github.com/microsoft/onnxruntime/commit/04169adf935545ff4c20d82bce29ef254ab07bfd
782f68ce817a47b80efe2975,promotion,insufficient,0.4851,0.1141,0.8,insufficient,https://github.com/microsoft/onnxruntime/commit/04169adf935545ff4c20d82bce29ef254ab07bfd
782f68ce817a47b80efe2975,token_reference,absent,0.8142,0.4506,0.8,accepted,https://github.com/microsoft/onnxruntime/commit/04169adf935545ff4c20d82bce29ef254ab07bfd
782f68ce817a47b80efe2975,narrative_object,absent,0.4185,0.1745,0.8,needs_review,https://github.com/microsoft/onnxruntime/commit/04169adf935545ff4c20d82bce29ef254ab07bfd
782f68ce817a47b80efe2975,context_dependence,standalone,0.4594,0.0348,0.8,needs_review,https://github.com/microsoft/onnxruntime/commit/04169adf935545ff4c20d82bce29ef254ab07bfd
6a6c3cc007c676a314d7ffa3,relevance,insufficient,0.4885,0.071,0.8,insufficient,https://x.com/i/status/2104671513412878630
6a6c3cc007c676a314d7ffa3,event,launch,0.3967,0.2817,0.8,needs_review,https://x.com/i/status/2104671513412878630
6a6c3cc007c676a314d7ffa3,claim,announcement,0.758,0.5244,0.8,needs_review,https://x.com/i/status/2104671513412878630
6a6c3cc007c676a314d7ffa3,tone,neutral,0.312,0.0742,0.8,needs_review,https://x.com/i/status/2104671513412878630
6a6c3cc007c676a314d7ffa3,importance,insufficient,0.5322,0.2493,0.8,insufficient,https://x.com/i/status/2104671513412878630
6a6c3cc007c676a314d7ffa3,urgency,none,0.6601,0.3324,0.8,needs_review,https://x.com/i/status/2104671513412878630
6a6c3cc007c676a314d7ffa3,promotion,promotional,0.3205,0.0214,0.8,needs_review,https://x.com/i/status/2104671513412878630
6a6c3cc007c676a314d7ffa3,token_reference,absent,0.8338,0.4873,0.8,accepted,https://x.com/i/status/2104671513412878630
6a6c3cc007c676a314d7ffa3,narrative_object,absent,0.763,0.4886,0.8,needs_review,https://x.com/i/status/2104671513412878630
6a6c3cc007c676a314d7ffa3,context_dependence,insufficient,0.3889,0.0125,0.8,insufficient,https://x.com/i/status/2104671513412878630
566935e76365b8bb0ec54fa6,relevance,insufficient,0.5098,0.0944,0.8,insufficient,https://x.com/i/status/2104669789083890116
566935e76365b8bb0ec54fa6,event,technical,0.3427,0.233,0.8,needs_review,https://x.com/i/status/2104669789083890116
566935e76365b8bb0ec54fa6,claim,allegation,0.3649,0.0931,0.8,needs_review,https://x.com/i/status/2104669789083890116
566935e76365b8bb0ec54fa6,tone,negative,0.2926,0.0325,0.8,needs_review,https://x.com/i/status/2104669789083890116
566935e76365b8bb0ec54fa6,importance,project,0.3814,0.0763,0.8,needs_review,https://x.com/i/status/2104669789083890116
566935e76365b8bb0ec54fa6,urgency,none,0.4372,0.0797,0.8,needs_review,https://x.com/i/status/2104669789083890116
566935e76365b8bb0ec54fa6,promotion,insufficient,0.4945,0.1001,0.8,insufficient,https://x.com/i/status/2104669789083890116
566935e76365b8bb0ec54fa6,token_reference,absent,0.7528,0.335,0.8,needs_review,https://x.com/i/status/2104669789083890116
566935e76365b8bb0ec54fa6,narrative_object,absent,0.8282,0.5758,0.8,accepted,https://x.com/i/status/2104669789083890116
566935e76365b8bb0ec54fa6,context_dependence,insufficient,0.4662,0.0356,0.8,insufficient,https://x.com/i/status/2104669789083890116
bbc32c37414e5025e38efff4,relevance,insufficient,0.4506,0.0422,0.8,insufficient,https://x.com/i/status/2104671504931905571
bbc32c37414e5025e38efff4,event,other,0.838,0.6329,0.8,accepted,https://x.com/i/status/2104671504931905571
bbc32c37414e5025e38efff4,claim,allegation,0.3731,0.1879,0.8,needs_review,https://x.com/i/status/2104671504931905571
bbc32c37414e5025e38efff4,tone,insufficient,0.2953,0.0444,0.8,insufficient,https://x.com/i/status/2104671504931905571
bbc32c37414e5025e38efff4,importance,insufficient,0.7699,0.4287,0.8,insufficient,https://x.com/i/status/2104671504931905571
bbc32c37414e5025e38efff4,urgency,none,0.6554,0.3782,0.8,needs_review,https://x.com/i/status/2104671504931905571
bbc32c37414e5025e38efff4,promotion,insufficient,0.4456,0.0742,0.8,insufficient,https://x.com/i/status/2104671504931905571
bbc32c37414e5025e38efff4,token_reference,absent,0.8152,0.4482,0.8,accepted,https://x.com/i/status/2104671504931905571
bbc32c37414e5025e38efff4,narrative_object,absent,0.7491,0.4558,0.8,needs_review,https://x.com/i/status/2104671504931905571
bbc32c37414e5025e38efff4,context_dependence,insufficient,0.4668,0.0347,0.8,insufficient,https://x.com/i/status/2104671504931905571
ccb071f739ed3353442f2f15,relevance,insufficient,0.4431,0.0655,0.8,needs_review,https://decrypt.co/379497/citi-stablecoin-payments-coinbase-without-touching-crypto
ccb071f739ed3353442f2f15,event,technical,0.5784,0.5069,0.8,needs_review,https://decrypt.co/379497/citi-stablecoin-payments-coinbase-without-touching-crypto
ccb071f739ed3353442f2f15,claim,announcement,0.9822,0.9382,0.8,needs_review,https://decrypt.co/379497/citi-stablecoin-payments-coinbase-without-touching-crypto
ccb071f739ed3353442f2f15,tone,neutral,0.3149,0.081,0.8,needs_review,https://decrypt.co/379497/citi-stablecoin-payments-coinbase-without-touching-crypto
ccb071f739ed3353442f2f15,importance,routine,0.4296,0.0719,0.8,needs_review,https://decrypt.co/379497/citi-stablecoin-payments-coinbase-without-touching-crypto
ccb071f739ed3353442f2f15,urgency,none,0.6093,0.229,0.8,needs_review,https://decrypt.co/379497/citi-stablecoin-payments-coinbase-without-touching-crypto
ccb071f739ed3353442f2f15,promotion,informational,0.3755,0.0531,0.8,needs_review,https://decrypt.co/379497/citi-stablecoin-payments-coinbase-without-touching-crypto
ccb071f739ed3353442f2f15,token_reference,absent,0.7833,0.3892,0.8,needs_review,https://decrypt.co/379497/citi-stablecoin-payments-coinbase-without-touching-crypto
ccb071f739ed3353442f2f15,narrative_object,absent,0.5034,0.2737,0.8,needs_review,https://decrypt.co/379497/citi-stablecoin-payments-coinbase-without-touching-crypto
ccb071f739ed3353442f2f15,context_dependence,insufficient,0.3969,0.0198,0.8,needs_review,https://decrypt.co/379497/citi-stablecoin-payments-coinbase-without-touching-crypto
95ca99ac47faab73742db537,relevance,noise,0.6913,0.2574,0.8,needs_review,https://x.com/i/status/2104671494362304845
95ca99ac47faab73742db537,event,other,0.5017,0.2113,0.8,needs_review,https://x.com/i/status/2104671494362304845
95ca99ac47faab73742db537,claim,allegation,0.3185,0.144,0.8,needs_review,https://x.com/i/status/2104671494362304845
95ca99ac47faab73742db537,tone,insufficient,0.347,0.1071,0.8,insufficient,https://x.com/i/status/2104671494362304845
95ca99ac47faab73742db537,importance,insufficient,0.6783,0.295,0.8,insufficient,https://x.com/i/status/2104671494362304845
95ca99ac47faab73742db537,urgency,none,0.6235,0.2701,0.8,needs_review,https://x.com/i/status/2104671494362304845
95ca99ac47faab73742db537,promotion,insufficient,0.4391,0.0705,0.8,insufficient,https://x.com/i/status/2104671494362304845
95ca99ac47faab73742db537,token_reference,absent,0.8912,0.619,0.8,accepted,https://x.com/i/status/2104671494362304845
95ca99ac47faab73742db537,narrative_object,absent,0.8666,0.6565,0.8,accepted,https://x.com/i/status/2104671494362304845
95ca99ac47faab73742db537,context_dependence,insufficient,0.4533,0.0806,0.8,insufficient,https://x.com/i/status/2104671494362304845
951d6264f65b2a42143b009e,relevance,insufficient,0.5134,0.0775,0.8,insufficient,https://github.com/apple/app-store-server-library-node/commit/2abf89402aac463b8806d326924dc2743cb3696e
951d6264f65b2a42143b009e,event,technical,0.9836,0.9432,0.8,accepted,https://github.com/apple/app-store-server-library-node/commit/2abf89402aac463b8806d326924dc2743cb3696e
951d6264f65b2a42143b009e,claim,correction,0.5148,0.3732,0.8,needs_review,https://github.com/apple/app-store-server-library-node/commit/2abf89402aac463b8806d326924dc2743cb3696e
951d6264f65b2a42143b009e,tone,insufficient,0.4856,0.2152,0.8,insufficient,https://github.com/apple/app-store-server-library-node/commit/2abf89402aac463b8806d326924dc2743cb3696e
951d6264f65b2a42143b009e,importance,project,0.35,0.0478,0.8,needs_review,https://github.com/apple/app-store-server-library-node/commit/2abf89402aac463b8806d326924dc2743cb3696e
951d6264f65b2a42143b009e,urgency,none,0.5846,0.2249,0.8,needs_review,https://github.com/apple/app-store-server-library-node/commit/2abf89402aac463b8806d326924dc2743cb3696e
951d6264f65b2a42143b009e,promotion,insufficient,0.6274,0.2314,0.8,insufficient,https://github.com/apple/app-store-server-library-node/commit/2abf89402aac463b8806d326924dc2743cb3696e
951d6264f65b2a42143b009e,token_reference,absent,0.8416,0.5058,0.8,accepted,https://github.com/apple/app-store-server-library-node/commit/2abf89402aac463b8806d326924dc2743cb3696e
951d6264f65b2a42143b009e,narrative_object,absent,0.5956,0.3337,0.8,needs_review,https://github.com/apple/app-store-server-library-node/commit/2abf89402aac463b8806d326924dc2743cb3696e
951d6264f65b2a42143b009e,context_dependence,insufficient,0.5097,0.0824,0.8,insufficient,https://github.com/apple/app-store-server-library-node/commit/2abf89402aac463b8806d326924dc2743cb3696e
ef7bb26fab9b6554bb1935e8,relevance,insufficient,0.4588,0.0513,0.8,insufficient,https://x.com/i/status/2104671461034033163
ef7bb26fab9b6554bb1935e8,event,launch,0.9634,0.8989,0.8,accepted,https://x.com/i/status/2104671461034033163
ef7bb26fab9b6554bb1935e8,claim,announcement,0.9901,0.9628,0.8,accepted,https://x.com/i/status/2104671461034033163
ef7bb26fab9b6554bb1935e8,tone,insufficient,0.4376,0.1373,0.8,insufficient,https://x.com/i/status/2104671461034033163
ef7bb26fab9b6554bb1935e8,importance,insufficient,0.5825,0.2221,0.8,insufficient,https://x.com/i/status/2104671461034033163
ef7bb26fab9b6554bb1935e8,urgency,none,0.6843,0.3227,0.8,needs_review,https://x.com/i/status/2104671461034033163
ef7bb26fab9b6554bb1935e8,promotion,promotional,0.8587,0.5952,0.8,accepted,https://x.com/i/status/2104671461034033163
ef7bb26fab9b6554bb1935e8,token_reference,absent,0.7889,0.4001,0.8,needs_review,https://x.com/i/status/2104671461034033163
ef7bb26fab9b6554bb1935e8,narrative_object,absent,0.6569,0.4254,0.8,needs_review,https://x.com/i/status/2104671461034033163
ef7bb26fab9b6554bb1935e8,context_dependence,insufficient,0.5793,0.1338,0.8,insufficient,https://x.com/i/status/2104671461034033163
40bfc2aa807e5068cfc6240c,relevance,insufficient,0.5194,0.0665,0.8,insufficient,https://github.com/microsoft/vscode/commit/3421ebbfca146606a46694016d08c27b94a18ba1
40bfc2aa807e5068cfc6240c,event,technical,0.8898,0.7794,0.8,accepted,https://github.com/microsoft/vscode/commit/3421ebbfca146606a46694016d08c27b94a18ba1
40bfc2aa807e5068cfc6240c,claim,announcement,0.9087,0.7705,0.8,accepted,https://github.com/microsoft/vscode/commit/3421ebbfca146606a46694016d08c27b94a18ba1
40bfc2aa807e5068cfc6240c,tone,insufficient,0.4019,0.1552,0.8,insufficient,https://github.com/microsoft/vscode/commit/3421ebbfca146606a46694016d08c27b94a18ba1
40bfc2aa807e5068cfc6240c,importance,project,0.5826,0.2026,0.8,needs_review,https://github.com/microsoft/vscode/commit/3421ebbfca146606a46694016d08c27b94a18ba1
40bfc2aa807e5068cfc6240c,urgency,none,0.4826,0.1208,0.8,needs_review,https://github.com/microsoft/vscode/commit/3421ebbfca146606a46694016d08c27b94a18ba1
40bfc2aa807e5068cfc6240c,promotion,insufficient,0.4871,0.1146,0.8,insufficient,https://github.com/microsoft/vscode/commit/3421ebbfca146606a46694016d08c27b94a18ba1
40bfc2aa807e5068cfc6240c,token_reference,absent,0.8479,0.5183,0.8,accepted,https://github.com/microsoft/vscode/commit/3421ebbfca146606a46694016d08c27b94a18ba1
40bfc2aa807e5068cfc6240c,narrative_object,product,0.5041,0.2785,0.8,needs_review,https://github.com/microsoft/vscode/commit/3421ebbfca146606a46694016d08c27b94a18ba1
40bfc2aa807e5068cfc6240c,context_dependence,standalone,0.4686,0.0619,0.8,needs_review,https://github.com/microsoft/vscode/commit/3421ebbfca146606a46694016d08c27b94a18ba1
1578660c0f240991df08acf0,relevance,informative,0.3889,0.0063,0.8,needs_review,https://x.com/i/status/2104671429463802141
1578660c0f240991df08acf0,event,technical,0.3593,0.2164,0.8,needs_review,https://x.com/i/status/2104671429463802141
1578660c0f240991df08acf0,claim,opinion,0.397,0.0999,0.8,needs_review,https://x.com/i/status/2104671429463802141
1578660c0f240991df08acf0,tone,negative,0.5589,0.2015,0.8,needs_review,https://x.com/i/status/2104671429463802141
1578660c0f240991df08acf0,importance,sector,0.3527,0.0608,0.8,needs_review,https://x.com/i/status/2104671429463802141
1578660c0f240991df08acf0,urgency,none,0.565,0.1892,0.8,needs_review,https://x.com/i/status/2104671429463802141
1578660c0f240991df08acf0,promotion,informational,0.3381,0.0191,0.8,needs_review,https://x.com/i/status/2104671429463802141
1578660c0f240991df08acf0,token_reference,explicit,0.3441,0.0008,0.8,needs_review,https://x.com/i/status/2104671429463802141
1578660c0f240991df08acf0,narrative_object,absent,0.4338,0.2055,0.8,needs_review,https://x.com/i/status/2104671429463802141
1578660c0f240991df08acf0,context_dependence,standalone,0.4262,0.0202,0.8,needs_review,https://x.com/i/status/2104671429463802141
86513ebe28aa19fcc327981a,relevance,insufficient,0.6362,0.1782,0.8,insufficient,https://github.com/NVIDIA/cudnn-frontend/commit/1739b320b896245a0ee2bac7316e4873d68846dd
86513ebe28aa19fcc327981a,event,technical,0.9818,0.9399,0.8,accepted,https://github.com/NVIDIA/cudnn-frontend/commit/1739b320b896245a0ee2bac7316e4873d68846dd
86513ebe28aa19fcc327981a,claim,announcement,0.664,0.4541,0.8,needs_review,https://github.com/NVIDIA/cudnn-frontend/commit/1739b320b896245a0ee2bac7316e4873d68846dd
86513ebe28aa19fcc327981a,tone,insufficient,0.5414,0.2168,0.8,insufficient,https://github.com/NVIDIA/cudnn-frontend/commit/1739b320b896245a0ee2bac7316e4873d68846dd
86513ebe28aa19fcc327981a,importance,insufficient,0.4194,0.0766,0.8,insufficient,https://github.com/NVIDIA/cudnn-frontend/commit/1739b320b896245a0ee2bac7316e4873d68846dd
86513ebe28aa19fcc327981a,urgency,none,0.5653,0.2454,0.8,needs_review,https://github.com/NVIDIA/cudnn-frontend/commit/1739b320b896245a0ee2bac7316e4873d68846dd
86513ebe28aa19fcc327981a,promotion,insufficient,0.5764,0.1741,0.8,insufficient,https://github.com/NVIDIA/cudnn-frontend/commit/1739b320b896245a0ee2bac7316e4873d68846dd
86513ebe28aa19fcc327981a,token_reference,absent,0.5458,0.0864,0.8,needs_review,https://github.com/NVIDIA/cudnn-frontend/commit/1739b320b896245a0ee2bac7316e4873d68846dd
86513ebe28aa19fcc327981a,narrative_object,absent,0.5188,0.3559,0.8,needs_review,https://github.com/NVIDIA/cudnn-frontend/commit/1739b320b896245a0ee2bac7316e4873d68846dd
86513ebe28aa19fcc327981a,context_dependence,insufficient,0.4094,0.0461,0.8,insufficient,https://github.com/NVIDIA/cudnn-frontend/commit/1739b320b896245a0ee2bac7316e4873d68846dd
93ffa1e9988fbf027f091b8c,relevance,insufficient,0.5503,0.0911,0.8,insufficient,https://github.com/ROCm/TheRock/commit/ae7339c6f4ce1a00c570199af8ead62db792cb66
93ffa1e9988fbf027f091b8c,event,technical,0.9709,0.9179,0.8,accepted,https://github.com/ROCm/TheRock/commit/ae7339c6f4ce1a00c570199af8ead62db792cb66
93ffa1e9988fbf027f091b8c,claim,announcement,0.8954,0.7527,0.8,accepted,https://github.com/ROCm/TheRock/commit/ae7339c6f4ce1a00c570199af8ead62db792cb66
93ffa1e9988fbf027f091b8c,tone,insufficient,0.383,0.1508,0.8,insufficient,https://github.com/ROCm/TheRock/commit/ae7339c6f4ce1a00c570199af8ead62db792cb66
93ffa1e9988fbf027f091b8c,importance,project,0.5164,0.2373,0.8,needs_review,https://github.com/ROCm/TheRock/commit/ae7339c6f4ce1a00c570199af8ead62db792cb66
93ffa1e9988fbf027f091b8c,urgency,none,0.5882,0.2158,0.8,needs_review,https://github.com/ROCm/TheRock/commit/ae7339c6f4ce1a00c570199af8ead62db792cb66
93ffa1e9988fbf027f091b8c,promotion,insufficient,0.6306,0.2341,0.8,insufficient,https://github.com/ROCm/TheRock/commit/ae7339c6f4ce1a00c570199af8ead62db792cb66
93ffa1e9988fbf027f091b8c,token_reference,absent,0.8488,0.521,0.8,accepted,https://github.com/ROCm/TheRock/commit/ae7339c6f4ce1a00c570199af8ead62db792cb66
93ffa1e9988fbf027f091b8c,narrative_object,absent,0.7781,0.5282,0.8,needs_review,https://github.com/ROCm/TheRock/commit/ae7339c6f4ce1a00c570199af8ead62db792cb66
93ffa1e9988fbf027f091b8c,context_dependence,standalone,0.4134,0.0506,0.8,needs_review,https://github.com/ROCm/TheRock/commit/ae7339c6f4ce1a00c570199af8ead62db792cb66
aa33015dfa80548254655aee,relevance,insufficient,0.627,0.1746,0.8,insufficient,https://github.com/apple/app-store-server-library-java/commit/8533331183841de6ea0c555aef2e763cd1951cf3
aa33015dfa80548254655aee,event,technical,0.9658,0.9062,0.8,accepted,https://github.com/apple/app-store-server-library-java/commit/8533331183841de6ea0c555aef2e763cd1951cf3
aa33015dfa80548254655aee,claim,insufficient,0.6183,0.3891,0.8,insufficient,https://github.com/apple/app-store-server-library-java/commit/8533331183841de6ea0c555aef2e763cd1951cf3
aa33015dfa80548254655aee,tone,insufficient,0.5018,0.233,0.8,insufficient,https://github.com/apple/app-store-server-library-java/commit/8533331183841de6ea0c555aef2e763cd1951cf3
aa33015dfa80548254655aee,importance,project,0.4862,0.1237,0.8,needs_review,https://github.com/apple/app-store-server-library-java/commit/8533331183841de6ea0c555aef2e763cd1951cf3
aa33015dfa80548254655aee,urgency,none,0.6055,0.2477,0.8,needs_review,https://github.com/apple/app-store-server-library-java/commit/8533331183841de6ea0c555aef2e763cd1951cf3
aa33015dfa80548254655aee,promotion,insufficient,0.6355,0.24,0.8,insufficient,https://github.com/apple/app-store-server-library-java/commit/8533331183841de6ea0c555aef2e763cd1951cf3
aa33015dfa80548254655aee,token_reference,absent,0.8739,0.5776,0.8,accepted,https://github.com/apple/app-store-server-library-java/commit/8533331183841de6ea0c555aef2e763cd1951cf3
aa33015dfa80548254655aee,narrative_object,absent,0.5607,0.3269,0.8,needs_review,https://github.com/apple/app-store-server-library-java/commit/8533331183841de6ea0c555aef2e763cd1951cf3
aa33015dfa80548254655aee,context_dependence,insufficient,0.5587,0.105,0.8,insufficient,https://github.com/apple/app-store-server-library-java/commit/8533331183841de6ea0c555aef2e763cd1951cf3
a1219f7a5afc2bfc41c4a36c,relevance,insufficient,0.5158,0.0645,0.8,insufficient,https://x.com/i/status/2104671394655314413
a1219f7a5afc2bfc41c4a36c,event,other,0.5884,0.325,0.8,needs_review,https://x.com/i/status/2104671394655314413
a1219f7a5afc2bfc41c4a36c,claim,announcement,0.4259,0.2259,0.8,needs_review,https://x.com/i/status/2104671394655314413
a1219f7a5afc2bfc41c4a36c,tone,neutral,0.3298,0.0763,0.8,needs_review,https://x.com/i/status/2104671394655314413
a1219f7a5afc2bfc41c4a36c,importance,insufficient,0.7653,0.4234,0.8,insufficient,https://x.com/i/status/2104671394655314413
a1219f7a5afc2bfc41c4a36c,urgency,none,0.6953,0.3593,0.8,needs_review,https://x.com/i/status/2104671394655314413
a1219f7a5afc2bfc41c4a36c,promotion,promotional,0.477,0.0891,0.8,needs_review,https://x.com/i/status/2104671394655314413
a1219f7a5afc2bfc41c4a36c,token_reference,absent,0.8539,0.5302,0.8,accepted,https://x.com/i/status/2104671394655314413
a1219f7a5afc2bfc41c4a36c,narrative_object,absent,0.9177,0.7636,0.8,accepted,https://x.com/i/status/2104671394655314413
a1219f7a5afc2bfc41c4a36c,context_dependence,standalone,0.3551,0.001,0.8,needs_review,https://x.com/i/status/2104671394655314413
c1ee87f9d588596cab0d2506,relevance,noise,0.4462,0.0295,0.8,needs_review,https://x.com/i/status/2104658014435254507
c1ee87f9d588596cab0d2506,event,other,0.5271,0.2988,0.8,needs_review,https://x.com/i/status/2104658014435254507
c1ee87f9d588596cab0d2506,claim,announcement,0.526,0.2545,0.8,needs_review,https://x.com/i/status/2104658014435254507
c1ee87f9d588596cab0d2506,tone,neutral,0.2912,0.08,0.8,needs_review,https://x.com/i/status/2104658014435254507
c1ee87f9d588596cab0d2506,importance,insufficient,0.4955,0.1112,0.8,insufficient,https://x.com/i/status/2104658014435254507
c1ee87f9d588596cab0d2506,urgency,none,0.6773,0.3079,0.8,needs_review,https://x.com/i/status/2104658014435254507
c1ee87f9d588596cab0d2506,promotion,promotional,0.7625,0.4201,0.8,needs_review,https://x.com/i/status/2104658014435254507
c1ee87f9d588596cab0d2506,token_reference,explicit,0.6863,0.2361,0.8,needs_review,https://x.com/i/status/2104658014435254507
c1ee87f9d588596cab0d2506,narrative_object,absent,0.7595,0.4754,0.8,needs_review,https://x.com/i/status/2104658014435254507
c1ee87f9d588596cab0d2506,context_dependence,standalone,0.4799,0.0571,0.8,needs_review,https://x.com/i/status/2104658014435254507
994be4f3ee1dabb3221c4b80,relevance,insufficient,0.49,0.0512,0.8,insufficient,https://x.com/i/status/2104659550515183673
994be4f3ee1dabb3221c4b80,event,other,0.4227,0.2599,0.8,needs_review,https://x.com/i/status/2104659550515183673
994be4f3ee1dabb3221c4b80,claim,announcement,0.5008,0.2428,0.8,needs_review,https://x.com/i/status/2104659550515183673
994be4f3ee1dabb3221c4b80,tone,insufficient,0.3597,0.0875,0.8,insufficient,https://x.com/i/status/2104659550515183673
994be4f3ee1dabb3221c4b80,importance,insufficient,0.6047,0.2126,0.8,insufficient,https://x.com/i/status/2104659550515183673
994be4f3ee1dabb3221c4b80,urgency,none,0.6876,0.331,0.8,needs_review,https://x.com/i/status/2104659550515183673
994be4f3ee1dabb3221c4b80,promotion,promotional,0.6281,0.2414,0.8,needs_review,https://x.com/i/status/2104659550515183673
994be4f3ee1dabb3221c4b80,token_reference,absent,0.8413,0.5017,0.8,accepted,https://x.com/i/status/2104659550515183673
994be4f3ee1dabb3221c4b80,narrative_object,absent,0.9069,0.7342,0.8,accepted,https://x.com/i/status/2104659550515183673
994be4f3ee1dabb3221c4b80,context_dependence,dependent,0.3849,0.006,0.8,needs_review,https://x.com/i/status/2104659550515183673
f0b431725ac91ddc5789c12f,relevance,noise,0.4431,0.0265,0.8,needs_review,https://x.com/i/status/2104671378129445215
f0b431725ac91ddc5789c12f,event,listing,0.482,0.3863,0.8,needs_review,https://x.com/i/status/2104671378129445215
f0b431725ac91ddc5789c12f,claim,allegation,0.2643,0.1,0.8,needs_review,https://x.com/i/status/2104671378129445215
f0b431725ac91ddc5789c12f,tone,insufficient,0.3269,0.077,0.8,needs_review,https://x.com/i/status/2104671378129445215
f0b431725ac91ddc5789c12f,importance,insufficient,0.6718,0.2845,0.8,needs_review,https://x.com/i/status/2104671378129445215
f0b431725ac91ddc5789c12f,urgency,none,0.7383,0.3954,0.8,needs_review,https://x.com/i/status/2104671378129445215
f0b431725ac91ddc5789c12f,promotion,promotional,0.7215,0.3576,0.8,needs_review,https://x.com/i/status/2104671378129445215
f0b431725ac91ddc5789c12f,token_reference,absent,0.6913,0.2433,0.8,needs_review,https://x.com/i/status/2104671378129445215
f0b431725ac91ddc5789c12f,narrative_object,absent,0.6943,0.3665,0.8,needs_review,https://x.com/i/status/2104671378129445215
f0b431725ac91ddc5789c12f,context_dependence,dependent,0.5623,0.1115,0.8,needs_review,https://x.com/i/status/2104671378129445215
688e5056914fde82ea661e34,relevance,insufficient,0.6355,0.1829,0.8,insufficient,https://github.com/palantir/palantir-java-format/commit/e8e56bc0e04f2042cb4923902384c7c7b2341eae
688e5056914fde82ea661e34,event,technical,0.8305,0.6554,0.8,accepted,https://github.com/palantir/palantir-java-format/commit/e8e56bc0e04f2042cb4923902384c7c7b2341eae
688e5056914fde82ea661e34,claim,correction,0.4161,0.3121,0.8,needs_review,https://github.com/palantir/palantir-java-format/commit/e8e56bc0e04f2042cb4923902384c7c7b2341eae
688e5056914fde82ea661e34,tone,insufficient,0.4043,0.1642,0.8,insufficient,https://github.com/palantir/palantir-java-format/commit/e8e56bc0e04f2042cb4923902384c7c7b2341eae
688e5056914fde82ea661e34,importance,insufficient,0.4884,0.1319,0.8,insufficient,https://github.com/palantir/palantir-java-format/commit/e8e56bc0e04f2042cb4923902384c7c7b2341eae
688e5056914fde82ea661e34,urgency,none,0.6439,0.3423,0.8,needs_review,https://github.com/palantir/palantir-java-format/commit/e8e56bc0e04f2042cb4923902384c7c7b2341eae
688e5056914fde82ea661e34,promotion,insufficient,0.609,0.2107,0.8,insufficient,https://github.com/palantir/palantir-java-format/commit/e8e56bc0e04f2042cb4923902384c7c7b2341eae
688e5056914fde82ea661e34,token_reference,absent,0.8081,0.4348,0.8,accepted,https://github.com/palantir/palantir-java-format/commit/e8e56bc0e04f2042cb4923902384c7c7b2341eae
688e5056914fde82ea661e34,narrative_object,absent,0.5613,0.305,0.8,needs_review,https://github.com/palantir/palantir-java-format/commit/e8e56bc0e04f2042cb4923902384c7c7b2341eae
688e5056914fde82ea661e34,context_dependence,insufficient,0.4999,0.0702,0.8,insufficient,https://github.com/palantir/palantir-java-format/commit/e8e56bc0e04f2042cb4923902384c7c7b2341eae
8f273fa234bbd3c2e4eab1b4,relevance,insufficient,0.6076,0.1576,0.8,insufficient,https://x.com/i/status/2104558241976098977
8f273fa234bbd3c2e4eab1b4,event,technical,0.6424,0.5901,0.8,needs_review,https://x.com/i/status/2104558241976098977
8f273fa234bbd3c2e4eab1b4,claim,announcement,0.9148,0.7725,0.8,accepted,https://x.com/i/status/2104558241976098977
8f273fa234bbd3c2e4eab1b4,tone,positive,0.4082,0.0853,0.8,needs_review,https://x.com/i/status/2104558241976098977
8f273fa234bbd3c2e4eab1b4,importance,insufficient,0.4364,0.0675,0.8,insufficient,https://x.com/i/status/2104558241976098977
8f273fa234bbd3c2e4eab1b4,urgency,none,0.5768,0.2577,0.8,needs_review,https://x.com/i/status/2104558241976098977
8f273fa234bbd3c2e4eab1b4,promotion,promotional,0.4506,0.0841,0.8,needs_review,https://x.com/i/status/2104558241976098977
8f273fa234bbd3c2e4eab1b4,token_reference,absent,0.4422,0.0318,0.8,needs_review,https://x.com/i/status/2104558241976098977
8f273fa234bbd3c2e4eab1b4,narrative_object,product,0.6813,0.4166,0.8,needs_review,https://x.com/i/status/2104558241976098977
8f273fa234bbd3c2e4eab1b4,context_dependence,insufficient,0.4667,0.043,0.8,insufficient,https://x.com/i/status/2104558241976098977
00a4669b38e91a6e03d32526,relevance,informative,0.3608,0.003,0.8,needs_review,https://x.com/i/status/2104671216586154033
00a4669b38e91a6e03d32526,event,technical,0.4502,0.434,0.8,needs_review,https://x.com/i/status/2104671216586154033
00a4669b38e91a6e03d32526,claim,announcement,0.2902,0.1153,0.8,needs_review,https://x.com/i/status/2104671216586154033
00a4669b38e91a6e03d32526,tone,positive,0.4831,0.1315,0.8,needs_review,https://x.com/i/status/2104671216586154033
00a4669b38e91a6e03d32526,importance,sector,0.3354,0.0292,0.8,needs_review,https://x.com/i/status/2104671216586154033
00a4669b38e91a6e03d32526,urgency,none,0.5627,0.1786,0.8,needs_review,https://x.com/i/status/2104671216586154033
00a4669b38e91a6e03d32526,promotion,promotional,0.4932,0.1052,0.8,needs_review,https://x.com/i/status/2104671216586154033
00a4669b38e91a6e03d32526,token_reference,explicit,0.5526,0.109,0.8,needs_review,https://x.com/i/status/2104671216586154033
00a4669b38e91a6e03d32526,narrative_object,product,0.7734,0.4868,0.8,needs_review,https://x.com/i/status/2104671216586154033
00a4669b38e91a6e03d32526,context_dependence,dependent,0.4976,0.0663,0.8,needs_review,https://x.com/i/status/2104671216586154033
24510abdacda1ca42bcb318f,relevance,insufficient,0.4147,0.0535,0.8,insufficient,https://x.com/i/status/2104671061854072915
24510abdacda1ca42bcb318f,event,launch,0.9987,0.9943,0.8,accepted,https://x.com/i/status/2104671061854072915
24510abdacda1ca42bcb318f,claim,announcement,0.9985,0.9929,0.8,accepted,https://x.com/i/status/2104671061854072915
24510abdacda1ca42bcb318f,tone,insufficient,0.3831,0.1205,0.8,insufficient,https://x.com/i/status/2104671061854072915
24510abdacda1ca42bcb318f,importance,project,0.5749,0.2001,0.8,needs_review,https://x.com/i/status/2104671061854072915
24510abdacda1ca42bcb318f,urgency,none,0.5486,0.1592,0.8,needs_review,https://x.com/i/status/2104671061854072915
24510abdacda1ca42bcb318f,promotion,promotional,0.8048,0.49,0.8,accepted,https://x.com/i/status/2104671061854072915
24510abdacda1ca42bcb318f,token_reference,explicit,0.7639,0.3591,0.8,needs_review,https://x.com/i/status/2104671061854072915
24510abdacda1ca42bcb318f,narrative_object,product,0.4234,0.2018,0.8,needs_review,https://x.com/i/status/2104671061854072915
24510abdacda1ca42bcb318f,context_dependence,standalone,0.3817,0.0141,0.8,needs_review,https://x.com/i/status/2104671061854072915
bedd0953049a6abb567c92dd,relevance,informative,0.4302,0.0333,0.8,needs_review,https://x.com/i/status/2104671186563313828
bedd0953049a6abb567c92dd,event,launch,0.9713,0.9282,0.8,accepted,https://x.com/i/status/2104671186563313828
bedd0953049a6abb567c92dd,claim,announcement,0.9783,0.927,0.8,accepted,https://x.com/i/status/2104671186563313828
bedd0953049a6abb567c92dd,tone,insufficient,0.3983,0.0985,0.8,insufficient,https://x.com/i/status/2104671186563313828
bedd0953049a6abb567c92dd,importance,routine,0.4355,0.1091,0.8,needs_review,https://x.com/i/status/2104671186563313828
bedd0953049a6abb567c92dd,urgency,none,0.4754,0.0856,0.8,needs_review,https://x.com/i/status/2104671186563313828
bedd0953049a6abb567c92dd,promotion,promotional,0.5355,0.1449,0.8,needs_review,https://x.com/i/status/2104671186563313828
bedd0953049a6abb567c92dd,token_reference,explicit,0.4029,0.0097,0.8,needs_review,https://x.com/i/status/2104671186563313828
bedd0953049a6abb567c92dd,narrative_object,product,0.6379,0.3319,0.8,needs_review,https://x.com/i/status/2104671186563313828
bedd0953049a6abb567c92dd,context_dependence,standalone,0.3887,0.0253,0.8,needs_review,https://x.com/i/status/2104671186563313828
65c33a5be43fdd5f4af8569d,relevance,insufficient,0.5427,0.1326,0.8,insufficient,https://x.com/i/status/2104660329280245867
65c33a5be43fdd5f4af8569d,event,launch,0.9535,0.8736,0.8,accepted,https://x.com/i/status/2104660329280245867
65c33a5be43fdd5f4af8569d,claim,announcement,0.9753,0.923,0.8,accepted,https://x.com/i/status/2104660329280245867
65c33a5be43fdd5f4af8569d,tone,insufficient,0.4653,0.171,0.8,insufficient,https://x.com/i/status/2104660329280245867
65c33a5be43fdd5f4af8569d,importance,insufficient,0.4736,0.1209,0.8,insufficient,https://x.com/i/status/2104660329280245867
65c33a5be43fdd5f4af8569d,urgency,none,0.5565,0.1839,0.8,needs_review,https://x.com/i/status/2104660329280245867
65c33a5be43fdd5f4af8569d,promotion,promotional,0.6352,0.2501,0.8,needs_review,https://x.com/i/status/2104660329280245867
65c33a5be43fdd5f4af8569d,token_reference,absent,0.5043,0.0739,0.8,needs_review,https://x.com/i/status/2104660329280245867
65c33a5be43fdd5f4af8569d,narrative_object,absent,0.463,0.1658,0.8,needs_review,https://x.com/i/status/2104660329280245867
65c33a5be43fdd5f4af8569d,context_dependence,standalone,0.4391,0.033,0.8,needs_review,https://x.com/i/status/2104660329280245867
6d5a76d4934f3e8ce3cc479b,relevance,insufficient,0.4762,0.0434,0.8,insufficient,https://x.com/i/status/2104671178413728034
6d5a76d4934f3e8ce3cc479b,event,launch,0.9106,0.7979,0.8,accepted,https://x.com/i/status/2104671178413728034
6d5a76d4934f3e8ce3cc479b,claim,announcement,0.7741,0.5626,0.8,needs_review,https://x.com/i/status/2104671178413728034
6d5a76d4934f3e8ce3cc479b,tone,insufficient,0.2839,0.0314,0.8,insufficient,https://x.com/i/status/2104671178413728034
6d5a76d4934f3e8ce3cc479b,importance,insufficient,0.6916,0.3174,0.8,insufficient,https://x.com/i/status/2104671178413728034
6d5a76d4934f3e8ce3cc479b,urgency,none,0.6601,0.3314,0.8,needs_review,https://x.com/i/status/2104671178413728034
6d5a76d4934f3e8ce3cc479b,promotion,promotional,0.4795,0.1097,0.8,needs_review,https://x.com/i/status/2104671178413728034
6d5a76d4934f3e8ce3cc479b,token_reference,absent,0.6616,0.2044,0.8,needs_review,https://x.com/i/status/2104671178413728034
6d5a76d4934f3e8ce3cc479b,narrative_object,absent,0.8859,0.6902,0.8,accepted,https://x.com/i/status/2104671178413728034
6d5a76d4934f3e8ce3cc479b,context_dependence,insufficient,0.393,0.0083,0.8,insufficient,https://x.com/i/status/2104671178413728034
d535e389e5ea7f5bc6965922,relevance,insufficient,0.5324,0.0867,0.8,insufficient,https://github.com/palantir/deadlines-java/commit/d809fc648c6d65268c9c78af77b8c83f1b65eb56
d535e389e5ea7f5bc6965922,event,technical,0.5012,0.3607,0.8,needs_review,https://github.com/palantir/deadlines-java/commit/d809fc648c6d65268c9c78af77b8c83f1b65eb56
d535e389e5ea7f5bc6965922,claim,insufficient,0.6379,0.3291,0.8,insufficient,https://github.com/palantir/deadlines-java/commit/d809fc648c6d65268c9c78af77b8c83f1b65eb56
d535e389e5ea7f5bc6965922,tone,insufficient,0.3351,0.1077,0.8,insufficient,https://github.com/palantir/deadlines-java/commit/d809fc648c6d65268c9c78af77b8c83f1b65eb56
d535e389e5ea7f5bc6965922,importance,insufficient,0.6009,0.2243,0.8,insufficient,https://github.com/palantir/deadlines-java/commit/d809fc648c6d65268c9c78af77b8c83f1b65eb56
d535e389e5ea7f5bc6965922,urgency,none,0.727,0.3789,0.8,needs_review,https://github.com/palantir/deadlines-java/commit/d809fc648c6d65268c9c78af77b8c83f1b65eb56
d535e389e5ea7f5bc6965922,promotion,insufficient,0.3991,0.0624,0.8,insufficient,https://github.com/palantir/deadlines-java/commit/d809fc648c6d65268c9c78af77b8c83f1b65eb56
d535e389e5ea7f5bc6965922,token_reference,absent,0.8385,0.4958,0.8,accepted,https://github.com/palantir/deadlines-java/commit/d809fc648c6d65268c9c78af77b8c83f1b65eb56
d535e389e5ea7f5bc6965922,narrative_object,absent,0.6049,0.3853,0.8,needs_review,https://github.com/palantir/deadlines-java/commit/d809fc648c6d65268c9c78af77b8c83f1b65eb56
d535e389e5ea7f5bc6965922,context_dependence,standalone,0.5057,0.0778,0.8,needs_review,https://github.com/palantir/deadlines-java/commit/d809fc648c6d65268c9c78af77b8c83f1b65eb56
c7dc71801a306a648d4ee56a,relevance,insufficient,0.4945,0.0762,0.8,insufficient,https://x.com/i/status/2104671125569781912
c7dc71801a306a648d4ee56a,event,launch,0.9837,0.9518,0.8,accepted,https://x.com/i/status/2104671125569781912
c7dc71801a306a648d4ee56a,claim,announcement,0.9946,0.978,0.8,accepted,https://x.com/i/status/2104671125569781912
c7dc71801a306a648d4ee56a,tone,insufficient,0.4436,0.1328,0.8,insufficient,https://x.com/i/status/2104671125569781912
c7dc71801a306a648d4ee56a,importance,routine,0.4854,0.1277,0.8,needs_review,https://x.com/i/status/2104671125569781912
c7dc71801a306a648d4ee56a,urgency,none,0.6056,0.2502,0.8,needs_review,https://x.com/i/status/2104671125569781912
c7dc71801a306a648d4ee56a,promotion,promotional,0.6012,0.2339,0.8,needs_review,https://x.com/i/status/2104671125569781912
c7dc71801a306a648d4ee56a,token_reference,absent,0.6613,0.2055,0.8,needs_review,https://x.com/i/status/2104671125569781912
c7dc71801a306a648d4ee56a,narrative_object,product,0.5698,0.2842,0.8,needs_review,https://x.com/i/status/2104671125569781912
c7dc71801a306a648d4ee56a,context_dependence,standalone,0.49,0.0475,0.8,needs_review,https://x.com/i/status/2104671125569781912
8cf0e93bf16783f5c9bfd0e0,relevance,insufficient,0.4461,0.0256,0.8,needs_review,https://finance.yahoo.com/m/6b34a52f-8642-3ca8-8589-c9e25040f485/stock-market-today%3A-dow-ends.html
8cf0e93bf16783f5c9bfd0e0,event,technical,0.4021,0.2152,0.8,needs_review,https://finance.yahoo.com/m/6b34a52f-8642-3ca8-8589-c9e25040f485/stock-market-today%3A-dow-ends.html
8cf0e93bf16783f5c9bfd0e0,claim,announcement,0.9757,0.9165,0.8,needs_review,https://finance.yahoo.com/m/6b34a52f-8642-3ca8-8589-c9e25040f485/stock-market-today%3A-dow-ends.html
8cf0e93bf16783f5c9bfd0e0,tone,negative,0.2998,0.084,0.8,needs_review,https://finance.yahoo.com/m/6b34a52f-8642-3ca8-8589-c9e25040f485/stock-market-today%3A-dow-ends.html
8cf0e93bf16783f5c9bfd0e0,importance,sector,0.8055,0.4987,0.8,needs_review,https://finance.yahoo.com/m/6b34a52f-8642-3ca8-8589-c9e25040f485/stock-market-today%3A-dow-ends.html
8cf0e93bf16783f5c9bfd0e0,urgency,none,0.5145,0.1307,0.8,needs_review,https://finance.yahoo.com/m/6b34a52f-8642-3ca8-8589-c9e25040f485/stock-market-today%3A-dow-ends.html
8cf0e93bf16783f5c9bfd0e0,promotion,informational,0.3956,0.0867,0.8,needs_review,https://finance.yahoo.com/m/6b34a52f-8642-3ca8-8589-c9e25040f485/stock-market-today%3A-dow-ends.html
8cf0e93bf16783f5c9bfd0e0,token_reference,absent,0.7545,0.3434,0.8,needs_review,https://finance.yahoo.com/m/6b34a52f-8642-3ca8-8589-c9e25040f485/stock-market-today%3A-dow-ends.html
8cf0e93bf16783f5c9bfd0e0,narrative_object,absent,0.3838,0.1886,0.8,needs_review,https://finance.yahoo.com/m/6b34a52f-8642-3ca8-8589-c9e25040f485/stock-market-today%3A-dow-ends.html
8cf0e93bf16783f5c9bfd0e0,context_dependence,insufficient,0.4193,0.0174,0.8,needs_review,https://finance.yahoo.com/m/6b34a52f-8642-3ca8-8589-c9e25040f485/stock-market-today%3A-dow-ends.html
21a767e90c9af0843a885839,relevance,insufficient,0.5082,0.0713,0.8,insufficient,https://github.com/google/tunix/commit/e7b2996101eb84c3d6d7f5af5eb9c67e55927fd0
21a767e90c9af0843a885839,event,technical,0.9314,0.8274,0.8,accepted,https://github.com/google/tunix/commit/e7b2996101eb84c3d6d7f5af5eb9c67e55927fd0
21a767e90c9af0843a885839,claim,announcement,0.7366,0.521,0.8,needs_review,https://github.com/google/tunix/commit/e7b2996101eb84c3d6d7f5af5eb9c67e55927fd0
21a767e90c9af0843a885839,tone,insufficient,0.3343,0.1044,0.8,insufficient,https://github.com/google/tunix/commit/e7b2996101eb84c3d6d7f5af5eb9c67e55927fd0
21a767e90c9af0843a885839,importance,project,0.4596,0.1155,0.8,needs_review,https://github.com/google/tunix/commit/e7b2996101eb84c3d6d7f5af5eb9c67e55927fd0
21a767e90c9af0843a885839,urgency,none,0.56,0.1885,0.8,needs_review,https://github.com/google/tunix/commit/e7b2996101eb84c3d6d7f5af5eb9c67e55927fd0
21a767e90c9af0843a885839,promotion,insufficient,0.4634,0.0883,0.8,insufficient,https://github.com/google/tunix/commit/e7b2996101eb84c3d6d7f5af5eb9c67e55927fd0
21a767e90c9af0843a885839,token_reference,absent,0.7217,0.2917,0.8,needs_review,https://github.com/google/tunix/commit/e7b2996101eb84c3d6d7f5af5eb9c67e55927fd0
21a767e90c9af0843a885839,narrative_object,product,0.5078,0.2704,0.8,needs_review,https://github.com/google/tunix/commit/e7b2996101eb84c3d6d7f5af5eb9c67e55927fd0
21a767e90c9af0843a885839,context_dependence,insufficient,0.4516,0.0469,0.8,insufficient,https://github.com/google/tunix/commit/e7b2996101eb84c3d6d7f5af5eb9c67e55927fd0
cdb98ce13fde64220d374215,relevance,insufficient,0.6629,0.2099,0.8,insufficient,https://x.com/i/status/2104671060201439484
cdb98ce13fde64220d374215,event,technical,0.6735,0.4527,0.8,needs_review,https://x.com/i/status/2104671060201439484
cdb98ce13fde64220d374215,claim,announcement,0.7528,0.593,0.8,needs_review,https://x.com/i/status/2104671060201439484
cdb98ce13fde64220d374215,tone,neutral,0.2951,0.0233,0.8,needs_review,https://x.com/i/status/2104671060201439484
cdb98ce13fde64220d374215,importance,insufficient,0.6646,0.2768,0.8,insufficient,https://x.com/i/status/2104671060201439484
cdb98ce13fde64220d374215,urgency,none,0.6848,0.4129,0.8,needs_review,https://x.com/i/status/2104671060201439484
cdb98ce13fde64220d374215,promotion,insufficient,0.4774,0.0902,0.8,insufficient,https://x.com/i/status/2104671060201439484
cdb98ce13fde64220d374215,token_reference,absent,0.864,0.5542,0.8,accepted,https://x.com/i/status/2104671060201439484
cdb98ce13fde64220d374215,narrative_object,absent,0.4401,0.2034,0.8,needs_review,https://x.com/i/status/2104671060201439484
cdb98ce13fde64220d374215,context_dependence,insufficient,0.5241,0.0793,0.8,insufficient,https://x.com/i/status/2104671060201439484
55d8221ab307d2709aa72f9c,relevance,insufficient,0.5345,0.0838,0.8,needs_review,https://x.com/i/status/2104670910032830703
55d8221ab307d2709aa72f9c,event,incident,0.7367,0.5487,0.8,needs_review,https://x.com/i/status/2104670910032830703
55d8221ab307d2709aa72f9c,claim,insufficient,0.4236,0.218,0.8,needs_review,https://x.com/i/status/2104670910032830703
55d8221ab307d2709aa72f9c,tone,negative,0.4044,0.1396,0.8,needs_review,https://x.com/i/status/2104670910032830703
55d8221ab307d2709aa72f9c,importance,insufficient,0.6649,0.2868,0.8,needs_review,https://x.com/i/status/2104670910032830703
55d8221ab307d2709aa72f9c,urgency,none,0.6044,0.2326,0.8,needs_review,https://x.com/i/status/2104670910032830703
55d8221ab307d2709aa72f9c,promotion,insufficient,0.511,0.1197,0.8,needs_review,https://x.com/i/status/2104670910032830703
55d8221ab307d2709aa72f9c,token_reference,absent,0.7488,0.3291,0.8,needs_review,https://x.com/i/status/2104670910032830703
55d8221ab307d2709aa72f9c,narrative_object,absent,0.7829,0.5216,0.8,needs_review,https://x.com/i/status/2104670910032830703
55d8221ab307d2709aa72f9c,context_dependence,standalone,0.5289,0.0878,0.8,needs_review,https://x.com/i/status/2104670910032830703
78c041b7d0362f1685f79429,relevance,insufficient,0.4233,0.0403,0.8,insufficient,https://x.com/i/status/2104671034641457635
78c041b7d0362f1685f79429,event,technical,0.5639,0.3978,0.8,needs_review,https://x.com/i/status/2104671034641457635
78c041b7d0362f1685f79429,claim,announcement,0.9714,0.9109,0.8,accepted,https://x.com/i/status/2104671034641457635
78c041b7d0362f1685f79429,tone,positive,0.4202,0.1186,0.8,needs_review,https://x.com/i/status/2104671034641457635
78c041b7d0362f1685f79429,importance,project,0.4513,0.1001,0.8,needs_review,https://x.com/i/status/2104671034641457635
78c041b7d0362f1685f79429,urgency,none,0.4894,0.1236,0.8,needs_review,https://x.com/i/status/2104671034641457635
78c041b7d0362f1685f79429,promotion,promotional,0.6361,0.2397,0.8,needs_review,https://x.com/i/status/2104671034641457635
78c041b7d0362f1685f79429,token_reference,absent,0.6127,0.1516,0.8,needs_review,https://x.com/i/status/2104671034641457635
78c041b7d0362f1685f79429,narrative_object,absent,0.4146,0.2051,0.8,needs_review,https://x.com/i/status/2104671034641457635
78c041b7d0362f1685f79429,context_dependence,dependent,0.3705,0.0042,0.8,needs_review,https://x.com/i/status/2104671034641457635
258c4741b058af1363798153,relevance,,,,0.8,needs_review,https://x.com/i/status/2104671033873609005
258c4741b058af1363798153,event,,,,0.8,needs_review,https://x.com/i/status/2104671033873609005
258c4741b058af1363798153,claim,,,,0.8,needs_review,https://x.com/i/status/2104671033873609005
258c4741b058af1363798153,tone,,,,0.8,needs_review,https://x.com/i/status/2104671033873609005
258c4741b058af1363798153,importance,,,,0.8,needs_review,https://x.com/i/status/2104671033873609005
258c4741b058af1363798153,urgency,,,,0.8,needs_review,https://x.com/i/status/2104671033873609005
258c4741b058af1363798153,promotion,,,,0.8,needs_review,https://x.com/i/status/2104671033873609005
258c4741b058af1363798153,token_reference,,,,0.8,needs_review,https://x.com/i/status/2104671033873609005
258c4741b058af1363798153,narrative_object,,,,0.8,needs_review,https://x.com/i/status/2104671033873609005
258c4741b058af1363798153,context_dependence,,,,0.8,needs_review,https://x.com/i/status/2104671033873609005
b7b3c1d210aaa14907b6a831,relevance,insufficient,0.5151,0.0828,0.8,insufficient,https://github.com/apple/app-store-server-library-java/commit/fd10917bd706ad6e88aeb0ab087bb6702c366983
b7b3c1d210aaa14907b6a831,event,technical,0.9802,0.9336,0.8,accepted,https://github.com/apple/app-store-server-library-java/commit/fd10917bd706ad6e88aeb0ab087bb6702c366983
b7b3c1d210aaa14907b6a831,claim,correction,0.6327,0.4555,0.8,needs_review,https://github.com/apple/app-store-server-library-java/commit/fd10917bd706ad6e88aeb0ab087bb6702c366983
b7b3c1d210aaa14907b6a831,tone,insufficient,0.5299,0.2457,0.8,insufficient,https://github.com/apple/app-store-server-library-java/commit/fd10917bd706ad6e88aeb0ab087bb6702c366983
b7b3c1d210aaa14907b6a831,importance,project,0.3546,0.0477,0.8,needs_review,https://github.com/apple/app-store-server-library-java/commit/fd10917bd706ad6e88aeb0ab087bb6702c366983
b7b3c1d210aaa14907b6a831,urgency,none,0.5882,0.2269,0.8,needs_review,https://github.com/apple/app-store-server-library-java/commit/fd10917bd706ad6e88aeb0ab087bb6702c366983
b7b3c1d210aaa14907b6a831,promotion,insufficient,0.6416,0.2485,0.8,insufficient,https://github.com/apple/app-store-server-library-java/commit/fd10917bd706ad6e88aeb0ab087bb6702c366983
b7b3c1d210aaa14907b6a831,token_reference,absent,0.8027,0.4291,0.8,accepted,https://github.com/apple/app-store-server-library-java/commit/fd10917bd706ad6e88aeb0ab087bb6702c366983
b7b3c1d210aaa14907b6a831,narrative_object,absent,0.5585,0.3122,0.8,needs_review,https://github.com/apple/app-store-server-library-java/commit/fd10917bd706ad6e88aeb0ab087bb6702c366983
b7b3c1d210aaa14907b6a831,context_dependence,insufficient,0.4957,0.0634,0.8,insufficient,https://github.com/apple/app-store-server-library-java/commit/fd10917bd706ad6e88aeb0ab087bb6702c366983
07613a750f414b1ea6644a11,relevance,noise,0.7459,0.3552,0.8,needs_review,https://x.com/i/status/2104671004920561691
07613a750f414b1ea6644a11,event,technical,0.8217,0.6411,0.8,accepted,https://x.com/i/status/2104671004920561691
07613a750f414b1ea6644a11,claim,insufficient,0.8427,0.7016,0.8,insufficient,https://x.com/i/status/2104671004920561691
07613a750f414b1ea6644a11,tone,negative,0.6128,0.2958,0.8,needs_review,https://x.com/i/status/2104671004920561691
07613a750f414b1ea6644a11,importance,routine,0.4271,0.1452,0.8,needs_review,https://x.com/i/status/2104671004920561691
07613a750f414b1ea6644a11,urgency,none,0.802,0.5381,0.8,accepted,https://x.com/i/status/2104671004920561691
07613a750f414b1ea6644a11,promotion,insufficient,0.6417,0.3564,0.8,insufficient,https://x.com/i/status/2104671004920561691
07613a750f414b1ea6644a11,token_reference,explicit,0.6327,0.3435,0.8,needs_review,https://x.com/i/status/2104671004920561691
07613a750f414b1ea6644a11,narrative_object,product,0.4156,0.1743,0.8,needs_review,https://x.com/i/status/2104671004920561691
07613a750f414b1ea6644a11,context_dependence,dependent,0.3743,0.0035,0.8,needs_review,https://x.com/i/status/2104671004920561691
da2d4d21bf54d95e163df0b1,relevance,insufficient,0.4455,0.034,0.8,needs_review,https://x.com/i/status/2104670922443497611
da2d4d21bf54d95e163df0b1,event,launch,0.9438,0.8512,0.8,needs_review,https://x.com/i/status/2104670922443497611
da2d4d21bf54d95e163df0b1,claim,announcement,0.9466,0.8473,0.8,needs_review,https://x.com/i/status/2104670922443497611
da2d4d21bf54d95e163df0b1,tone,negative,0.3077,0.0226,0.8,needs_review,https://x.com/i/status/2104670922443497611
da2d4d21bf54d95e163df0b1,importance,project,0.4958,0.1558,0.8,needs_review,https://x.com/i/status/2104670922443497611
da2d4d21bf54d95e163df0b1,urgency,none,0.6013,0.2146,0.8,needs_review,https://x.com/i/status/2104670922443497611
da2d4d21bf54d95e163df0b1,promotion,insufficient,0.3207,0.0169,0.8,needs_review,https://x.com/i/status/2104670922443497611
da2d4d21bf54d95e163df0b1,token_reference,absent,0.8234,0.4651,0.8,needs_review,https://x.com/i/status/2104670922443497611
da2d4d21bf54d95e163df0b1,narrative_object,absent,0.7576,0.4678,0.8,needs_review,https://x.com/i/status/2104670922443497611
da2d4d21bf54d95e163df0b1,context_dependence,dependent,0.4088,0.0176,0.8,needs_review,https://x.com/i/status/2104670922443497611
a38811cd3e545f698fc7f82d,relevance,insufficient,0.4686,0.0405,0.8,insufficient,https://x.com/i/status/2104670868181852161
a38811cd3e545f698fc7f82d,event,launch,0.4644,0.4385,0.8,needs_review,https://x.com/i/status/2104670868181852161
a38811cd3e545f698fc7f82d,claim,announcement,0.3215,0.1271,0.8,needs_review,https://x.com/i/status/2104670868181852161
a38811cd3e545f698fc7f82d,tone,positive,0.4682,0.1213,0.8,needs_review,https://x.com/i/status/2104670868181852161
a38811cd3e545f698fc7f82d,importance,project,0.632,0.2581,0.8,needs_review,https://x.com/i/status/2104670868181852161
a38811cd3e545f698fc7f82d,urgency,none,0.5135,0.1478,0.8,needs_review,https://x.com/i/status/2104670868181852161
a38811cd3e545f698fc7f82d,promotion,promotional,0.4783,0.0888,0.8,needs_review,https://x.com/i/status/2104670868181852161
a38811cd3e545f698fc7f82d,token_reference,explicit,0.384,0.0137,0.8,needs_review,https://x.com/i/status/2104670868181852161
a38811cd3e545f698fc7f82d,narrative_object,product,0.8034,0.5474,0.8,accepted,https://x.com/i/status/2104670868181852161
a38811cd3e545f698fc7f82d,context_dependence,dependent,0.3833,0.0163,0.8,needs_review,https://x.com/i/status/2104670868181852161
449d0a83264d4d709bc33e66,relevance,noise,0.4166,0.027,0.8,needs_review,https://x.com/i/status/2104670835017679074
449d0a83264d4d709bc33e66,event,other,0.4349,0.376,0.8,needs_review,https://x.com/i/status/2104670835017679074
449d0a83264d4d709bc33e66,claim,announcement,0.3482,0.1289,0.8,needs_review,https://x.com/i/status/2104670835017679074
449d0a83264d4d709bc33e66,tone,negative,0.3518,0.0871,0.8,needs_review,https://x.com/i/status/2104670835017679074
449d0a83264d4d709bc33e66,importance,insufficient,0.6878,0.3064,0.8,needs_review,https://x.com/i/status/2104670835017679074
449d0a83264d4d709bc33e66,urgency,none,0.7902,0.4795,0.8,needs_review,https://x.com/i/status/2104670835017679074
449d0a83264d4d709bc33e66,promotion,promotional,0.6748,0.2959,0.8,needs_review,https://x.com/i/status/2104670835017679074
449d0a83264d4d709bc33e66,token_reference,absent,0.8017,0.4219,0.8,needs_review,https://x.com/i/status/2104670835017679074
449d0a83264d4d709bc33e66,narrative_object,absent,0.8541,0.6203,0.8,needs_review,https://x.com/i/status/2104670835017679074
449d0a83264d4d709bc33e66,context_dependence,standalone,0.3646,0.0055,0.8,needs_review,https://x.com/i/status/2104670835017679074
4bf51af09b270e56ef31922a,relevance,insufficient,0.4318,0.0601,0.8,needs_review,https://x.com/i/status/2104670795725480429
4bf51af09b270e56ef31922a,event,other,0.7499,0.4966,0.8,needs_review,https://x.com/i/status/2104670795725480429
4bf51af09b270e56ef31922a,claim,insufficient,0.3642,0.1385,0.8,needs_review,https://x.com/i/status/2104670795725480429
4bf51af09b270e56ef31922a,tone,negative,0.3289,0.1141,0.8,needs_review,https://x.com/i/status/2104670795725480429
4bf51af09b270e56ef31922a,importance,insufficient,0.7145,0.3431,0.8,needs_review,https://x.com/i/status/2104670795725480429
4bf51af09b270e56ef31922a,urgency,none,0.8024,0.5012,0.8,needs_review,https://x.com/i/status/2104670795725480429
4bf51af09b270e56ef31922a,promotion,insufficient,0.4595,0.0814,0.8,needs_review,https://x.com/i/status/2104670795725480429
4bf51af09b270e56ef31922a,token_reference,absent,0.6141,0.165,0.8,needs_review,https://x.com/i/status/2104670795725480429
4bf51af09b270e56ef31922a,narrative_object,absent,0.7035,0.4235,0.8,needs_review,https://x.com/i/status/2104670795725480429
4bf51af09b270e56ef31922a,context_dependence,standalone,0.4776,0.0514,0.8,needs_review,https://x.com/i/status/2104670795725480429
a625247f63d9dc0ea056292d,relevance,informative,0.572,0.1338,0.8,needs_review,https://x.com/i/status/2104670786413817965
a625247f63d9dc0ea056292d,event,launch,0.5167,0.3491,0.8,needs_review,https://x.com/i/status/2104670786413817965
a625247f63d9dc0ea056292d,claim,announcement,0.589,0.344,0.8,needs_review,https://x.com/i/status/2104670786413817965
a625247f63d9dc0ea056292d,tone,neutral,0.3217,0.0856,0.8,needs_review,https://x.com/i/status/2104670786413817965
a625247f63d9dc0ea056292d,importance,insufficient,0.7073,0.3347,0.8,insufficient,https://x.com/i/status/2104670786413817965
a625247f63d9dc0ea056292d,urgency,none,0.6914,0.3657,0.8,needs_review,https://x.com/i/status/2104670786413817965
a625247f63d9dc0ea056292d,promotion,promotional,0.4422,0.0919,0.8,needs_review,https://x.com/i/status/2104670786413817965
a625247f63d9dc0ea056292d,token_reference,absent,0.7184,0.2824,0.8,needs_review,https://x.com/i/status/2104670786413817965
a625247f63d9dc0ea056292d,narrative_object,absent,0.4137,0.1109,0.8,needs_review,https://x.com/i/status/2104670786413817965
a625247f63d9dc0ea056292d,context_dependence,standalone,0.4426,0.0366,0.8,needs_review,https://x.com/i/status/2104670786413817965
e878f10ab39e4dd81db8889c,relevance,informative,0.4965,0.0747,0.8,needs_review,https://x.com/i/status/2104591659505955283
e878f10ab39e4dd81db8889c,event,launch,0.3415,0.2477,0.8,needs_review,https://x.com/i/status/2104591659505955283
e878f10ab39e4dd81db8889c,claim,announcement,0.4333,0.1767,0.8,needs_review,https://x.com/i/status/2104591659505955283
e878f10ab39e4dd81db8889c,tone,positive,0.6666,0.3326,0.8,needs_review,https://x.com/i/status/2104591659505955283
e878f10ab39e4dd81db8889c,importance,insufficient,0.2744,0.0012,0.8,insufficient,https://x.com/i/status/2104591659505955283
e878f10ab39e4dd81db8889c,urgency,none,0.6494,0.2903,0.8,needs_review,https://x.com/i/status/2104591659505955283
e878f10ab39e4dd81db8889c,promotion,promotional,0.2965,0.0067,0.8,needs_review,https://x.com/i/status/2104591659505955283
e878f10ab39e4dd81db8889c,token_reference,absent,0.6341,0.1737,0.8,needs_review,https://x.com/i/status/2104591659505955283
e878f10ab39e4dd81db8889c,narrative_object,person,0.3227,0.1067,0.8,needs_review,https://x.com/i/status/2104591659505955283
e878f10ab39e4dd81db8889c,context_dependence,dependent,0.4199,0.0212,0.8,needs_review,https://x.com/i/status/2104591659505955283
5f91353184b904117eba8609,relevance,insufficient,0.5168,0.0967,0.8,insufficient,https://x.com/i/status/2104670762439454968
5f91353184b904117eba8609,event,other,0.7398,0.6076,0.8,needs_review,https://x.com/i/status/2104670762439454968
5f91353184b904117eba8609,claim,insufficient,0.691,0.4057,0.8,insufficient,https://x.com/i/status/2104670762439454968
5f91353184b904117eba8609,tone,positive,0.4985,0.1642,0.8,needs_review,https://x.com/i/status/2104670762439454968
5f91353184b904117eba8609,importance,insufficient,0.7643,0.4209,0.8,insufficient,https://x.com/i/status/2104670762439454968
5f91353184b904117eba8609,urgency,none,0.7262,0.4354,0.8,needs_review,https://x.com/i/status/2104670762439454968
5f91353184b904117eba8609,promotion,insufficient,0.5574,0.1579,0.8,insufficient,https://x.com/i/status/2104670762439454968
5f91353184b904117eba8609,token_reference,absent,0.7761,0.3776,0.8,needs_review,https://x.com/i/status/2104670762439454968
5f91353184b904117eba8609,narrative_object,person,0.8347,0.6132,0.8,accepted,https://x.com/i/status/2104670762439454968
5f91353184b904117eba8609,context_dependence,insufficient,0.5004,0.0549,0.8,insufficient,https://x.com/i/status/2104670762439454968
e4caa116b7d5ed29f4a1ca66,relevance,insufficient,0.6046,0.144,0.8,insufficient,https://github.com/NVIDIA/SkillSpector/commit/325d4de3da7bd07f2e6f831a1bc8ea2a9f2b4414
e4caa116b7d5ed29f4a1ca66,event,technical,0.6799,0.6052,0.8,needs_review,https://github.com/NVIDIA/SkillSpector/commit/325d4de3da7bd07f2e6f831a1bc8ea2a9f2b4414
e4caa116b7d5ed29f4a1ca66,claim,correction,0.4251,0.274,0.8,needs_review,https://github.com/NVIDIA/SkillSpector/commit/325d4de3da7bd07f2e6f831a1bc8ea2a9f2b4414
e4caa116b7d5ed29f4a1ca66,tone,neutral,0.374,0.1605,0.8,needs_review,https://github.com/NVIDIA/SkillSpector/commit/325d4de3da7bd07f2e6f831a1bc8ea2a9f2b4414
e4caa116b7d5ed29f4a1ca66,importance,routine,0.5588,0.2482,0.8,needs_review,https://github.com/NVIDIA/SkillSpector/commit/325d4de3da7bd07f2e6f831a1bc8ea2a9f2b4414
e4caa116b7d5ed29f4a1ca66,urgency,none,0.6734,0.3256,0.8,needs_review,https://github.com/NVIDIA/SkillSpector/commit/325d4de3da7bd07f2e6f831a1bc8ea2a9f2b4414
e4caa116b7d5ed29f4a1ca66,promotion,insufficient,0.4538,0.1014,0.8,insufficient,https://github.com/NVIDIA/SkillSpector/commit/325d4de3da7bd07f2e6f831a1bc8ea2a9f2b4414
e4caa116b7d5ed29f4a1ca66,token_reference,absent,0.8201,0.4599,0.8,accepted,https://github.com/NVIDIA/SkillSpector/commit/325d4de3da7bd07f2e6f831a1bc8ea2a9f2b4414
e4caa116b7d5ed29f4a1ca66,narrative_object,absent,0.759,0.4901,0.8,needs_review,https://github.com/NVIDIA/SkillSpector/commit/325d4de3da7bd07f2e6f831a1bc8ea2a9f2b4414
e4caa116b7d5ed29f4a1ca66,context_dependence,insufficient,0.436,0.0502,0.8,insufficient,https://github.com/NVIDIA/SkillSpector/commit/325d4de3da7bd07f2e6f831a1bc8ea2a9f2b4414
3ec4687b70a6908e37cf143c,relevance,insufficient,0.6399,0.179,0.8,insufficient,https://x.com/i/status/2104670745041514682
3ec4687b70a6908e37cf143c,event,technical,0.8756,0.7275,0.8,accepted,https://x.com/i/status/2104670745041514682
3ec4687b70a6908e37cf143c,claim,announcement,0.4539,0.3083,0.8,needs_review,https://x.com/i/status/2104670745041514682
3ec4687b70a6908e37cf143c,tone,insufficient,0.3955,0.0845,0.8,insufficient,https://x.com/i/status/2104670745041514682
3ec4687b70a6908e37cf143c,importance,insufficient,0.3265,0.0475,0.8,insufficient,https://x.com/i/status/2104670745041514682
3ec4687b70a6908e37cf143c,urgency,none,0.5506,0.1851,0.8,needs_review,https://x.com/i/status/2104670745041514682
3ec4687b70a6908e37cf143c,promotion,insufficient,0.3141,0.0259,0.8,insufficient,https://x.com/i/status/2104670745041514682
3ec4687b70a6908e37cf143c,token_reference,absent,0.6217,0.1576,0.8,needs_review,https://x.com/i/status/2104670745041514682
3ec4687b70a6908e37cf143c,narrative_object,product,0.6809,0.4099,0.8,needs_review,https://x.com/i/status/2104670745041514682
3ec4687b70a6908e37cf143c,context_dependence,insufficient,0.4944,0.0663,0.8,insufficient,https://x.com/i/status/2104670745041514682
9c862c5ea05073d8ae3e6df3,relevance,insufficient,0.5497,0.0898,0.8,needs_review,https://x.com/i/status/2104670732114649512
9c862c5ea05073d8ae3e6df3,event,other,0.7149,0.4459,0.8,needs_review,https://x.com/i/status/2104670732114649512
9c862c5ea05073d8ae3e6df3,claim,insufficient,0.3988,0.1917,0.8,needs_review,https://x.com/i/status/2104670732114649512
9c862c5ea05073d8ae3e6df3,tone,negative,0.2917,0.1191,0.8,needs_review,https://x.com/i/status/2104670732114649512
9c862c5ea05073d8ae3e6df3,importance,insufficient,0.7362,0.3752,0.8,needs_review,https://x.com/i/status/2104670732114649512
9c862c5ea05073d8ae3e6df3,urgency,none,0.7052,0.379,0.8,needs_review,https://x.com/i/status/2104670732114649512
9c862c5ea05073d8ae3e6df3,promotion,insufficient,0.4878,0.0975,0.8,needs_review,https://x.com/i/status/2104670732114649512
9c862c5ea05073d8ae3e6df3,token_reference,absent,0.7514,0.3338,0.8,needs_review,https://x.com/i/status/2104670732114649512
9c862c5ea05073d8ae3e6df3,narrative_object,absent,0.6599,0.3619,0.8,needs_review,https://x.com/i/status/2104670732114649512
9c862c5ea05073d8ae3e6df3,context_dependence,standalone,0.4972,0.0603,0.8,needs_review,https://x.com/i/status/2104670732114649512
2d562bbbb438145ad80d26f8,relevance,,,,0.8,needs_review,https://x.com/i/status/2104670724275470797
2d562bbbb438145ad80d26f8,event,,,,0.8,needs_review,https://x.com/i/status/2104670724275470797
2d562bbbb438145ad80d26f8,claim,,,,0.8,needs_review,https://x.com/i/status/2104670724275470797
2d562bbbb438145ad80d26f8,tone,,,,0.8,needs_review,https://x.com/i/status/2104670724275470797
2d562bbbb438145ad80d26f8,importance,,,,0.8,needs_review,https://x.com/i/status/2104670724275470797
2d562bbbb438145ad80d26f8,urgency,,,,0.8,needs_review,https://x.com/i/status/2104670724275470797
2d562bbbb438145ad80d26f8,promotion,,,,0.8,needs_review,https://x.com/i/status/2104670724275470797
2d562bbbb438145ad80d26f8,token_reference,,,,0.8,needs_review,https://x.com/i/status/2104670724275470797
2d562bbbb438145ad80d26f8,narrative_object,,,,0.8,needs_review,https://x.com/i/status/2104670724275470797
2d562bbbb438145ad80d26f8,context_dependence,,,,0.8,needs_review,https://x.com/i/status/2104670724275470797
1982db17fb06ccb4401d0109,relevance,insufficient,0.4318,0.046,0.8,insufficient,https://github.com/microsoft/PyRIT/commit/7df44f9e50b3ab992a717b0eaaadd8bc234cd66e
1982db17fb06ccb4401d0109,event,technical,0.758,0.5857,0.8,needs_review,https://github.com/microsoft/PyRIT/commit/7df44f9e50b3ab992a717b0eaaadd8bc234cd66e
1982db17fb06ccb4401d0109,claim,announcement,0.8059,0.5765,0.8,accepted,https://github.com/microsoft/PyRIT/commit/7df44f9e50b3ab992a717b0eaaadd8bc234cd66e
1982db17fb06ccb4401d0109,tone,insufficient,0.3311,0.1196,0.8,insufficient,https://github.com/microsoft/PyRIT/commit/7df44f9e50b3ab992a717b0eaaadd8bc234cd66e
1982db17fb06ccb4401d0109,importance,project,0.5577,0.1862,0.8,needs_review,https://github.com/microsoft/PyRIT/commit/7df44f9e50b3ab992a717b0eaaadd8bc234cd66e
1982db17fb06ccb4401d0109,urgency,none,0.5676,0.187,0.8,needs_review,https://github.com/microsoft/PyRIT/commit/7df44f9e50b3ab992a717b0eaaadd8bc234cd66e
1982db17fb06ccb4401d0109,promotion,insufficient,0.4014,0.0577,0.8,insufficient,https://github.com/microsoft/PyRIT/commit/7df44f9e50b3ab992a717b0eaaadd8bc234cd66e
1982db17fb06ccb4401d0109,token_reference,absent,0.7484,0.3328,0.8,needs_review,https://github.com/microsoft/PyRIT/commit/7df44f9e50b3ab992a717b0eaaadd8bc234cd66e
1982db17fb06ccb4401d0109,narrative_object,absent,0.5868,0.3084,0.8,needs_review,https://github.com/microsoft/PyRIT/commit/7df44f9e50b3ab992a717b0eaaadd8bc234cd66e
1982db17fb06ccb4401d0109,context_dependence,standalone,0.4414,0.0368,0.8,needs_review,https://github.com/microsoft/PyRIT/commit/7df44f9e50b3ab992a717b0eaaadd8bc234cd66e
031fda3840496fb8a2b4f50d,relevance,informative,0.431,0.0827,0.8,needs_review,https://github.com/microsoft/qdk-chemistry/commit/700cf273848350d1f8e218c7c241c45a2cc0b8c6
031fda3840496fb8a2b4f50d,event,technical,0.9472,0.865,0.8,accepted,https://github.com/microsoft/qdk-chemistry/commit/700cf273848350d1f8e218c7c241c45a2cc0b8c6
031fda3840496fb8a2b4f50d,claim,insufficient,0.5463,0.244,0.8,insufficient,https://github.com/microsoft/qdk-chemistry/commit/700cf273848350d1f8e218c7c241c45a2cc0b8c6
031fda3840496fb8a2b4f50d,tone,insufficient,0.4609,0.1861,0.8,insufficient,https://github.com/microsoft/qdk-chemistry/commit/700cf273848350d1f8e218c7c241c45a2cc0b8c6
031fda3840496fb8a2b4f50d,importance,routine,0.3399,0.0506,0.8,needs_review,https://github.com/microsoft/qdk-chemistry/commit/700cf273848350d1f8e218c7c241c45a2cc0b8c6
031fda3840496fb8a2b4f50d,urgency,none,0.6679,0.3313,0.8,needs_review,https://github.com/microsoft/qdk-chemistry/commit/700cf273848350d1f8e218c7c241c45a2cc0b8c6
031fda3840496fb8a2b4f50d,promotion,insufficient,0.544,0.1662,0.8,insufficient,https://github.com/microsoft/qdk-chemistry/commit/700cf273848350d1f8e218c7c241c45a2cc0b8c6
031fda3840496fb8a2b4f50d,token_reference,absent,0.9095,0.6678,0.8,accepted,https://github.com/microsoft/qdk-chemistry/commit/700cf273848350d1f8e218c7c241c45a2cc0b8c6
031fda3840496fb8a2b4f50d,narrative_object,absent,0.5693,0.3135,0.8,needs_review,https://github.com/microsoft/qdk-chemistry/commit/700cf273848350d1f8e218c7c241c45a2cc0b8c6
031fda3840496fb8a2b4f50d,context_dependence,insufficient,0.4142,0.0266,0.8,insufficient,https://github.com/microsoft/qdk-chemistry/commit/700cf273848350d1f8e218c7c241c45a2cc0b8c6
aa5cac33973584645a1c3775,relevance,insufficient,0.5763,0.1126,0.8,insufficient,https://x.com/i/status/2104607455736942733
aa5cac33973584645a1c3775,event,other,0.3663,0.2073,0.8,needs_review,https://x.com/i/status/2104607455736942733
aa5cac33973584645a1c3775,claim,announcement,0.631,0.4249,0.8,needs_review,https://x.com/i/status/2104607455736942733
aa5cac33973584645a1c3775,tone,positive,0.7145,0.3982,0.8,needs_review,https://x.com/i/status/2104607455736942733
aa5cac33973584645a1c3775,importance,routine,0.4349,0.0655,0.8,needs_review,https://x.com/i/status/2104607455736942733
aa5cac33973584645a1c3775,urgency,none,0.6498,0.2951,0.8,needs_review,https://x.com/i/status/2104607455736942733
aa5cac33973584645a1c3775,promotion,promotional,0.3096,0.0149,0.8,needs_review,https://x.com/i/status/2104607455736942733
aa5cac33973584645a1c3775,token_reference,absent,0.7222,0.29,0.8,needs_review,https://x.com/i/status/2104607455736942733
aa5cac33973584645a1c3775,narrative_object,absent,0.4967,0.2002,0.8,needs_review,https://x.com/i/status/2104607455736942733
aa5cac33973584645a1c3775,context_dependence,insufficient,0.4549,0.03,0.8,insufficient,https://x.com/i/status/2104607455736942733
db4454690c480017c23ddc9c,relevance,insufficient,0.4501,0.0268,0.8,insufficient,https://x.com/i/status/2104670708152549725
db4454690c480017c23ddc9c,event,other,0.6026,0.3124,0.8,needs_review,https://x.com/i/status/2104670708152549725
db4454690c480017c23ddc9c,claim,insufficient,0.4302,0.1466,0.8,insufficient,https://x.com/i/status/2104670708152549725
db4454690c480017c23ddc9c,tone,neutral,0.3092,0.0621,0.8,needs_review,https://x.com/i/status/2104670708152549725
db4454690c480017c23ddc9c,importance,insufficient,0.6072,0.2126,0.8,insufficient,https://x.com/i/status/2104670708152549725
db4454690c480017c23ddc9c,urgency,none,0.6812,0.3229,0.8,needs_review,https://x.com/i/status/2104670708152549725
db4454690c480017c23ddc9c,promotion,promotional,0.4715,0.0898,0.8,needs_review,https://x.com/i/status/2104670708152549725
db4454690c480017c23ddc9c,token_reference,absent,0.8502,0.5211,0.8,accepted,https://x.com/i/status/2104670708152549725
db4454690c480017c23ddc9c,narrative_object,absent,0.7431,0.4702,0.8,needs_review,https://x.com/i/status/2104670708152549725
db4454690c480017c23ddc9c,context_dependence,standalone,0.5923,0.1305,0.8,needs_review,https://x.com/i/status/2104670708152549725
a790d8c97e880b2897a3f49c,relevance,insufficient,0.4539,0.0335,0.8,insufficient,https://x.com/i/status/2104670695011848227
a790d8c97e880b2897a3f49c,event,launch,0.8837,0.7605,0.8,accepted,https://x.com/i/status/2104670695011848227
a790d8c97e880b2897a3f49c,claim,announcement,0.9821,0.9378,0.8,accepted,https://x.com/i/status/2104670695011848227
a790d8c97e880b2897a3f49c,tone,positive,0.4693,0.1489,0.8,needs_review,https://x.com/i/status/2104670695011848227
a790d8c97e880b2897a3f49c,importance,project,0.6184,0.2287,0.8,needs_review,https://x.com/i/status/2104670695011848227
a790d8c97e880b2897a3f49c,urgency,immediate,0.4427,0.0992,0.8,needs_review,https://x.com/i/status/2104670695011848227
a790d8c97e880b2897a3f49c,promotion,promotional,0.5636,0.1687,0.8,needs_review,https://x.com/i/status/2104670695011848227
a790d8c97e880b2897a3f49c,token_reference,absent,0.697,0.2506,0.8,needs_review,https://x.com/i/status/2104670695011848227
a790d8c97e880b2897a3f49c,narrative_object,product,0.5444,0.3201,0.8,needs_review,https://x.com/i/status/2104670695011848227
a790d8c97e880b2897a3f49c,context_dependence,dependent,0.3738,0.0105,0.8,needs_review,https://x.com/i/status/2104670695011848227
446639bc5eead97510322310,relevance,insufficient,0.508,0.1918,0.8,insufficient,https://github.com/microsoft/garnet/commit/ce6afce36e11166a9b1272bc18c9ee5ce63f56c0
446639bc5eead97510322310,event,technical,0.8838,0.7924,0.8,accepted,https://github.com/microsoft/garnet/commit/ce6afce36e11166a9b1272bc18c9ee5ce63f56c0
446639bc5eead97510322310,claim,insufficient,0.6839,0.4155,0.8,insufficient,https://github.com/microsoft/garnet/commit/ce6afce36e11166a9b1272bc18c9ee5ce63f56c0
446639bc5eead97510322310,tone,insufficient,0.5659,0.2634,0.8,insufficient,https://github.com/microsoft/garnet/commit/ce6afce36e11166a9b1272bc18c9ee5ce63f56c0
446639bc5eead97510322310,importance,insufficient,0.4789,0.152,0.8,insufficient,https://github.com/microsoft/garnet/commit/ce6afce36e11166a9b1272bc18c9ee5ce63f56c0
446639bc5eead97510322310,urgency,none,0.6982,0.444,0.8,needs_review,https://github.com/microsoft/garnet/commit/ce6afce36e11166a9b1272bc18c9ee5ce63f56c0
446639bc5eead97510322310,promotion,insufficient,0.7857,0.5488,0.8,insufficient,https://github.com/microsoft/garnet/commit/ce6afce36e11166a9b1272bc18c9ee5ce63f56c0
446639bc5eead97510322310,token_reference,absent,0.7763,0.377,0.8,needs_review,https://github.com/microsoft/garnet/commit/ce6afce36e11166a9b1272bc18c9ee5ce63f56c0
446639bc5eead97510322310,narrative_object,product,0.7647,0.548,0.8,needs_review,https://github.com/microsoft/garnet/commit/ce6afce36e11166a9b1272bc18c9ee5ce63f56c0
446639bc5eead97510322310,context_dependence,insufficient,0.5157,0.072,0.8,insufficient,https://github.com/microsoft/garnet/commit/ce6afce36e11166a9b1272bc18c9ee5ce63f56c0
4188ac0c4cde6843178b58cb,relevance,insufficient,0.5361,0.0871,0.8,insufficient,https://github.com/ROCm/TheRock/commit/fcbf37c6cfa38db2226fc86f3b8c083f0a9c2bb5
4188ac0c4cde6843178b58cb,event,technical,0.8547,0.7757,0.8,accepted,https://github.com/ROCm/TheRock/commit/fcbf37c6cfa38db2226fc86f3b8c083f0a9c2bb5
4188ac0c4cde6843178b58cb,claim,insufficient,0.6886,0.396,0.8,insufficient,https://github.com/ROCm/TheRock/commit/fcbf37c6cfa38db2226fc86f3b8c083f0a9c2bb5
4188ac0c4cde6843178b58cb,tone,negative,0.4515,0.1632,0.8,needs_review,https://github.com/ROCm/TheRock/commit/fcbf37c6cfa38db2226fc86f3b8c083f0a9c2bb5
4188ac0c4cde6843178b58cb,importance,project,0.379,0.0622,0.8,needs_review,https://github.com/ROCm/TheRock/commit/fcbf37c6cfa38db2226fc86f3b8c083f0a9c2bb5
4188ac0c4cde6843178b58cb,urgency,immediate,0.538,0.2051,0.8,needs_review,https://github.com/ROCm/TheRock/commit/fcbf37c6cfa38db2226fc86f3b8c083f0a9c2bb5
4188ac0c4cde6843178b58cb,promotion,insufficient,0.5175,0.1407,0.8,insufficient,https://github.com/ROCm/TheRock/commit/fcbf37c6cfa38db2226fc86f3b8c083f0a9c2bb5
4188ac0c4cde6843178b58cb,token_reference,absent,0.9017,0.6465,0.8,accepted,https://github.com/ROCm/TheRock/commit/fcbf37c6cfa38db2226fc86f3b8c083f0a9c2bb5
4188ac0c4cde6843178b58cb,narrative_object,product,0.4354,0.1741,0.8,needs_review,https://github.com/ROCm/TheRock/commit/fcbf37c6cfa38db2226fc86f3b8c083f0a9c2bb5
4188ac0c4cde6843178b58cb,context_dependence,standalone,0.6028,0.1481,0.8,needs_review,https://github.com/ROCm/TheRock/commit/fcbf37c6cfa38db2226fc86f3b8c083f0a9c2bb5
545a2c0589b6b92084be500b,relevance,insufficient,0.4835,0.0446,0.8,insufficient,https://x.com/i/status/2104670677584449910
545a2c0589b6b92084be500b,event,other,0.453,0.2668,0.8,needs_review,https://x.com/i/status/2104670677584449910
545a2c0589b6b92084be500b,claim,insufficient,0.5598,0.2556,0.8,insufficient,https://x.com/i/status/2104670677584449910
545a2c0589b6b92084be500b,tone,positive,0.4526,0.1205,0.8,needs_review,https://x.com/i/status/2104670677584449910
545a2c0589b6b92084be500b,importance,insufficient,0.7167,0.347,0.8,insufficient,https://x.com/i/status/2104670677584449910
545a2c0589b6b92084be500b,urgency,none,0.7372,0.4153,0.8,needs_review,https://x.com/i/status/2104670677584449910
545a2c0589b6b92084be500b,promotion,promotional,0.35,0.0328,0.8,needs_review,https://x.com/i/status/2104670677584449910
545a2c0589b6b92084be500b,token_reference,absent,0.8387,0.4983,0.8,accepted,https://x.com/i/status/2104670677584449910
545a2c0589b6b92084be500b,narrative_object,absent,0.955,0.8487,0.8,accepted,https://x.com/i/status/2104670677584449910
545a2c0589b6b92084be500b,context_dependence,insufficient,0.3588,0.0037,0.8,insufficient,https://x.com/i/status/2104670677584449910
49bd876224b4ae5dd8eda29f,relevance,insufficient,0.5715,0.1136,0.8,needs_review,https://x.com/i/status/2104670646710292695
49bd876224b4ae5dd8eda29f,event,other,0.5292,0.3088,0.8,needs_review,https://x.com/i/status/2104670646710292695
49bd876224b4ae5dd8eda29f,claim,insufficient,0.5472,0.2552,0.8,needs_review,https://x.com/i/status/2104670646710292695
49bd876224b4ae5dd8eda29f,tone,negative,0.304,0.0881,0.8,needs_review,https://x.com/i/status/2104670646710292695
49bd876224b4ae5dd8eda29f,importance,insufficient,0.5601,0.1642,0.8,needs_review,https://x.com/i/status/2104670646710292695
49bd876224b4ae5dd8eda29f,urgency,none,0.637,0.375,0.8,needs_review,https://x.com/i/status/2104670646710292695
49bd876224b4ae5dd8eda29f,promotion,insufficient,0.5329,0.1482,0.8,needs_review,https://x.com/i/status/2104670646710292695
49bd876224b4ae5dd8eda29f,token_reference,absent,0.7978,0.4149,0.8,needs_review,https://x.com/i/status/2104670646710292695
49bd876224b4ae5dd8eda29f,narrative_object,absent,0.8041,0.5362,0.8,needs_review,https://x.com/i/status/2104670646710292695
49bd876224b4ae5dd8eda29f,context_dependence,insufficient,0.4667,0.0347,0.8,needs_review,https://x.com/i/status/2104670646710292695
e36b320201d06caa2756c652,relevance,insufficient,0.5099,0.0781,0.8,insufficient,https://github.com/google/heir/commit/be8fcdeddb7a7f8133200c8c7ceed2cde876f6ed
e36b320201d06caa2756c652,event,technical,0.9864,0.9557,0.8,accepted,https://github.com/google/heir/commit/be8fcdeddb7a7f8133200c8c7ceed2cde876f6ed
e36b320201d06caa2756c652,claim,correction,0.5434,0.3147,0.8,needs_review,https://github.com/google/heir/commit/be8fcdeddb7a7f8133200c8c7ceed2cde876f6ed
e36b320201d06caa2756c652,tone,positive,0.3565,0.0712,0.8,needs_review,https://github.com/google/heir/commit/be8fcdeddb7a7f8133200c8c7ceed2cde876f6ed
e36b320201d06caa2756c652,importance,routine,0.6487,0.2854,0.8,needs_review,https://github.com/google/heir/commit/be8fcdeddb7a7f8133200c8c7ceed2cde876f6ed
e36b320201d06caa2756c652,urgency,none,0.7246,0.3832,0.8,needs_review,https://github.com/google/heir/commit/be8fcdeddb7a7f8133200c8c7ceed2cde876f6ed
e36b320201d06caa2756c652,promotion,insufficient,0.3327,0.0241,0.8,insufficient,https://github.com/google/heir/commit/be8fcdeddb7a7f8133200c8c7ceed2cde876f6ed
e36b320201d06caa2756c652,token_reference,absent,0.8836,0.6001,0.8,accepted,https://github.com/google/heir/commit/be8fcdeddb7a7f8133200c8c7ceed2cde876f6ed
e36b320201d06caa2756c652,narrative_object,product,0.4766,0.3151,0.8,needs_review,https://github.com/google/heir/commit/be8fcdeddb7a7f8133200c8c7ceed2cde876f6ed
e36b320201d06caa2756c652,context_dependence,standalone,0.4721,0.0581,0.8,needs_review,https://github.com/google/heir/commit/be8fcdeddb7a7f8133200c8c7ceed2cde876f6ed
c34e66d40f39203914afb58f,relevance,insufficient,0.5523,0.0959,0.8,insufficient,https://github.com/google/tunix/commit/e0c7e914903189a145c697a253c92aa4cef3b74f
c34e66d40f39203914afb58f,event,technical,0.9606,0.8927,0.8,accepted,https://github.com/google/tunix/commit/e0c7e914903189a145c697a253c92aa4cef3b74f
c34e66d40f39203914afb58f,claim,insufficient,0.6973,0.3994,0.8,insufficient,https://github.com/google/tunix/commit/e0c7e914903189a145c697a253c92aa4cef3b74f
c34e66d40f39203914afb58f,tone,insufficient,0.4029,0.194,0.8,insufficient,https://github.com/google/tunix/commit/e0c7e914903189a145c697a253c92aa4cef3b74f
c34e66d40f39203914afb58f,importance,routine,0.4811,0.1123,0.8,needs_review,https://github.com/google/tunix/commit/e0c7e914903189a145c697a253c92aa4cef3b74f
c34e66d40f39203914afb58f,urgency,none,0.6647,0.3743,0.8,needs_review,https://github.com/google/tunix/commit/e0c7e914903189a145c697a253c92aa4cef3b74f
c34e66d40f39203914afb58f,promotion,insufficient,0.4879,0.1191,0.8,insufficient,https://github.com/google/tunix/commit/e0c7e914903189a145c697a253c92aa4cef3b74f
c34e66d40f39203914afb58f,token_reference,absent,0.8574,0.5405,0.8,accepted,https://github.com/google/tunix/commit/e0c7e914903189a145c697a253c92aa4cef3b74f
c34e66d40f39203914afb58f,narrative_object,absent,0.9026,0.7299,0.8,accepted,https://github.com/google/tunix/commit/e0c7e914903189a145c697a253c92aa4cef3b74f
c34e66d40f39203914afb58f,context_dependence,standalone,0.4285,0.0482,0.8,needs_review,https://github.com/google/tunix/commit/e0c7e914903189a145c697a253c92aa4cef3b74f
c1a4ac90eecfac5b5bed0f4c,relevance,insufficient,0.4337,0.0665,0.8,insufficient,https://x.com/i/status/2104670622198681899
c1a4ac90eecfac5b5bed0f4c,event,launch,0.8125,0.6527,0.8,accepted,https://x.com/i/status/2104670622198681899
c1a4ac90eecfac5b5bed0f4c,claim,announcement,0.9478,0.8453,0.8,accepted,https://x.com/i/status/2104670622198681899
c1a4ac90eecfac5b5bed0f4c,tone,neutral,0.3958,0.0852,0.8,needs_review,https://x.com/i/status/2104670622198681899
c1a4ac90eecfac5b5bed0f4c,importance,project,0.3578,0.0604,0.8,needs_review,https://x.com/i/status/2104670622198681899
c1a4ac90eecfac5b5bed0f4c,urgency,immediate,0.3932,0.0827,0.8,needs_review,https://x.com/i/status/2104670622198681899
c1a4ac90eecfac5b5bed0f4c,promotion,informational,0.418,0.0693,0.8,needs_review,https://x.com/i/status/2104670622198681899
c1a4ac90eecfac5b5bed0f4c,token_reference,absent,0.8282,0.476,0.8,accepted,https://x.com/i/status/2104670622198681899
c1a4ac90eecfac5b5bed0f4c,narrative_object,cultural,0.4147,0.1624,0.8,needs_review,https://x.com/i/status/2104670622198681899
c1a4ac90eecfac5b5bed0f4c,context_dependence,dependent,0.4753,0.0463,0.8,needs_review,https://x.com/i/status/2104670622198681899
311ca50183b4d7e3d6171cc4,relevance,insufficient,0.3949,0.0246,0.8,insufficient,https://github.com/microsoft/amplifier-agent/commit/2ad37be6684cd7d00f0545e2dd46949face33dc1
311ca50183b4d7e3d6171cc4,event,technical,0.8951,0.7499,0.8,accepted,https://github.com/microsoft/amplifier-agent/commit/2ad37be6684cd7d00f0545e2dd46949face33dc1
311ca50183b4d7e3d6171cc4,claim,correction,0.5013,0.2882,0.8,needs_review,https://github.com/microsoft/amplifier-agent/commit/2ad37be6684cd7d00f0545e2dd46949face33dc1
311ca50183b4d7e3d6171cc4,tone,neutral,0.3366,0.0656,0.8,needs_review,https://github.com/microsoft/amplifier-agent/commit/2ad37be6684cd7d00f0545e2dd46949face33dc1
311ca50183b4d7e3d6171cc4,importance,insufficient,0.2806,0.005,0.8,insufficient,https://github.com/microsoft/amplifier-agent/commit/2ad37be6684cd7d00f0545e2dd46949face33dc1
311ca50183b4d7e3d6171cc4,urgency,none,0.652,0.2876,0.8,needs_review,https://github.com/microsoft/amplifier-agent/commit/2ad37be6684cd7d00f0545e2dd46949face33dc1
311ca50183b4d7e3d6171cc4,promotion,informational,0.3481,0.04,0.8,needs_review,https://github.com/microsoft/amplifier-agent/commit/2ad37be6684cd7d00f0545e2dd46949face33dc1
311ca50183b4d7e3d6171cc4,token_reference,absent,0.7334,0.3057,0.8,needs_review,https://github.com/microsoft/amplifier-agent/commit/2ad37be6684cd7d00f0545e2dd46949face33dc1
311ca50183b4d7e3d6171cc4,narrative_object,absent,0.3621,0.1463,0.8,needs_review,https://github.com/microsoft/amplifier-agent/commit/2ad37be6684cd7d00f0545e2dd46949face33dc1
311ca50183b4d7e3d6171cc4,context_dependence,standalone,0.4362,0.021,0.8,needs_review,https://github.com/microsoft/amplifier-agent/commit/2ad37be6684cd7d00f0545e2dd46949face33dc1
0aed884a006129aa524b97d2,relevance,insufficient,0.5497,0.0898,0.8,needs_review,https://x.com/i/status/2104670577957208522
0aed884a006129aa524b97d2,event,other,0.7149,0.4459,0.8,needs_review,https://x.com/i/status/2104670577957208522
0aed884a006129aa524b97d2,claim,insufficient,0.3988,0.1917,0.8,needs_review,https://x.com/i/status/2104670577957208522
0aed884a006129aa524b97d2,tone,negative,0.2917,0.1191,0.8,needs_review,https://x.com/i/status/2104670577957208522
0aed884a006129aa524b97d2,importance,insufficient,0.7362,0.3752,0.8,needs_review,https://x.com/i/status/2104670577957208522
0aed884a006129aa524b97d2,urgency,none,0.7052,0.379,0.8,needs_review,https://x.com/i/status/2104670577957208522
0aed884a006129aa524b97d2,promotion,insufficient,0.4878,0.0975,0.8,needs_review,https://x.com/i/status/2104670577957208522
0aed884a006129aa524b97d2,token_reference,absent,0.7514,0.3338,0.8,needs_review,https://x.com/i/status/2104670577957208522
0aed884a006129aa524b97d2,narrative_object,absent,0.6599,0.3619,0.8,needs_review,https://x.com/i/status/2104670577957208522
0aed884a006129aa524b97d2,context_dependence,standalone,0.4972,0.0603,0.8,needs_review,https://x.com/i/status/2104670577957208522
9f66a430f8db9353b11c93da,relevance,informative,0.466,0.0589,0.8,needs_review,https://github.com/google/cctz/commit/2c820ea914a524eb54330d0b423872ba6bc78e5b
9f66a430f8db9353b11c93da,event,technical,0.995,0.9797,0.8,accepted,https://github.com/google/cctz/commit/2c820ea914a524eb54330d0b423872ba6bc78e5b
9f66a430f8db9353b11c93da,claim,correction,0.3235,0.1215,0.8,needs_review,https://github.com/google/cctz/commit/2c820ea914a524eb54330d0b423872ba6bc78e5b
9f66a430f8db9353b11c93da,tone,neutral,0.2588,0.0097,0.8,needs_review,https://github.com/google/cctz/commit/2c820ea914a524eb54330d0b423872ba6bc78e5b
9f66a430f8db9353b11c93da,importance,routine,0.5748,0.1952,0.8,needs_review,https://github.com/google/cctz/commit/2c820ea914a524eb54330d0b423872ba6bc78e5b
9f66a430f8db9353b11c93da,urgency,none,0.4669,0.1016,0.8,needs_review,https://github.com/google/cctz/commit/2c820ea914a524eb54330d0b423872ba6bc78e5b
9f66a430f8db9353b11c93da,promotion,informational,0.3591,0.0278,0.8,needs_review,https://github.com/google/cctz/commit/2c820ea914a524eb54330d0b423872ba6bc78e5b
9f66a430f8db9353b11c93da,token_reference,absent,0.7977,0.4162,0.8,needs_review,https://github.com/google/cctz/commit/2c820ea914a524eb54330d0b423872ba6bc78e5b
9f66a430f8db9353b11c93da,narrative_object,product,0.5319,0.2398,0.8,needs_review,https://github.com/google/cctz/commit/2c820ea914a524eb54330d0b423872ba6bc78e5b
9f66a430f8db9353b11c93da,context_dependence,dependent,0.4144,0.0157,0.8,needs_review,https://github.com/google/cctz/commit/2c820ea914a524eb54330d0b423872ba6bc78e5b
f122567d5d310aae793d02f2,relevance,informative,0.4436,0.0704,0.8,needs_review,https://github.com/google/filament/commit/71a442731b8ec86246758c261ef174cb1bf68641
f122567d5d310aae793d02f2,event,technical,0.98,0.9343,0.8,accepted,https://github.com/google/filament/commit/71a442731b8ec86246758c261ef174cb1bf68641
f122567d5d310aae793d02f2,claim,correction,0.7793,0.6037,0.8,needs_review,https://github.com/google/filament/commit/71a442731b8ec86246758c261ef174cb1bf68641
f122567d5d310aae793d02f2,tone,neutral,0.3528,0.0575,0.8,needs_review,https://github.com/google/filament/commit/71a442731b8ec86246758c261ef174cb1bf68641
f122567d5d310aae793d02f2,importance,routine,0.4621,0.1182,0.8,needs_review,https://github.com/google/filament/commit/71a442731b8ec86246758c261ef174cb1bf68641
f122567d5d310aae793d02f2,urgency,none,0.6085,0.2266,0.8,needs_review,https://github.com/google/filament/commit/71a442731b8ec86246758c261ef174cb1bf68641
f122567d5d310aae793d02f2,promotion,insufficient,0.4111,0.0662,0.8,insufficient,https://github.com/google/filament/commit/71a442731b8ec86246758c261ef174cb1bf68641
f122567d5d310aae793d02f2,token_reference,absent,0.8551,0.5351,0.8,accepted,https://github.com/google/filament/commit/71a442731b8ec86246758c261ef174cb1bf68641
f122567d5d310aae793d02f2,narrative_object,product,0.3799,0.1633,0.8,needs_review,https://github.com/google/filament/commit/71a442731b8ec86246758c261ef174cb1bf68641
f122567d5d310aae793d02f2,context_dependence,standalone,0.4111,0.0154,0.8,needs_review,https://github.com/google/filament/commit/71a442731b8ec86246758c261ef174cb1bf68641
0c1d8b05f43e79f2b12bcf20,relevance,noise,0.6431,0.2224,0.8,needs_review,https://github.com/facebook/astryx/commit/1780c424935f816eae4bb933c3be4017b352d292
0c1d8b05f43e79f2b12bcf20,event,listing,0.5801,0.3885,0.8,needs_review,https://github.com/facebook/astryx/commit/1780c424935f816eae4bb933c3be4017b352d292
0c1d8b05f43e79f2b12bcf20,claim,insufficient,0.4087,0.2398,0.8,insufficient,https://github.com/facebook/astryx/commit/1780c424935f816eae4bb933c3be4017b352d292
0c1d8b05f43e79f2b12bcf20,tone,insufficient,0.3352,0.0935,0.8,insufficient,https://github.com/facebook/astryx/commit/1780c424935f816eae4bb933c3be4017b352d292
0c1d8b05f43e79f2b12bcf20,importance,insufficient,0.5611,0.1589,0.8,insufficient,https://github.com/facebook/astryx/commit/1780c424935f816eae4bb933c3be4017b352d292
0c1d8b05f43e79f2b12bcf20,urgency,none,0.7237,0.3983,0.8,needs_review,https://github.com/facebook/astryx/commit/1780c424935f816eae4bb933c3be4017b352d292
0c1d8b05f43e79f2b12bcf20,promotion,promotional,0.5799,0.1952,0.8,needs_review,https://github.com/facebook/astryx/commit/1780c424935f816eae4bb933c3be4017b352d292
0c1d8b05f43e79f2b12bcf20,token_reference,absent,0.5164,0.0657,0.8,needs_review,https://github.com/facebook/astryx/commit/1780c424935f816eae4bb933c3be4017b352d292
0c1d8b05f43e79f2b12bcf20,narrative_object,absent,0.5229,0.2243,0.8,needs_review,https://github.com/facebook/astryx/commit/1780c424935f816eae4bb933c3be4017b352d292
0c1d8b05f43e79f2b12bcf20,context_dependence,insufficient,0.3856,0.0067,0.8,insufficient,https://github.com/facebook/astryx/commit/1780c424935f816eae4bb933c3be4017b352d292
e8da3f47d2293784cef82eb8,relevance,insufficient,0.5062,0.0609,0.8,insufficient,https://github.com/microsoft/aspire.dev/commit/a2c8bf48f92267f6deb2d1496992610737380b83
e8da3f47d2293784cef82eb8,event,technical,0.7776,0.6774,0.8,needs_review,https://github.com/microsoft/aspire.dev/commit/a2c8bf48f92267f6deb2d1496992610737380b83
e8da3f47d2293784cef82eb8,claim,announcement,0.5989,0.4131,0.8,needs_review,https://github.com/microsoft/aspire.dev/commit/a2c8bf48f92267f6deb2d1496992610737380b83
e8da3f47d2293784cef82eb8,tone,insufficient,0.3399,0.1558,0.8,insufficient,https://github.com/microsoft/aspire.dev/commit/a2c8bf48f92267f6deb2d1496992610737380b83
e8da3f47d2293784cef82eb8,importance,routine,0.3789,0.0714,0.8,needs_review,https://github.com/microsoft/aspire.dev/commit/a2c8bf48f92267f6deb2d1496992610737380b83
e8da3f47d2293784cef82eb8,urgency,none,0.6402,0.2734,0.8,needs_review,https://github.com/microsoft/aspire.dev/commit/a2c8bf48f92267f6deb2d1496992610737380b83
e8da3f47d2293784cef82eb8,promotion,insufficient,0.5488,0.1502,0.8,insufficient,https://github.com/microsoft/aspire.dev/commit/a2c8bf48f92267f6deb2d1496992610737380b83
e8da3f47d2293784cef82eb8,token_reference,absent,0.847,0.5189,0.8,accepted,https://github.com/microsoft/aspire.dev/commit/a2c8bf48f92267f6deb2d1496992610737380b83
e8da3f47d2293784cef82eb8,narrative_object,absent,0.4362,0.2909,0.8,needs_review,https://github.com/microsoft/aspire.dev/commit/a2c8bf48f92267f6deb2d1496992610737380b83
e8da3f47d2293784cef82eb8,context_dependence,standalone,0.426,0.0444,0.8,needs_review,https://github.com/microsoft/aspire.dev/commit/a2c8bf48f92267f6deb2d1496992610737380b83
ad440cd834e3641cd71d2519,relevance,insufficient,0.5145,0.0651,0.8,insufficient,https://github.com/facebook/astryx/commit/42f54bb4d8ee206430004bcd01e3627f7f021d43
ad440cd834e3641cd71d2519,event,other,0.8876,0.7378,0.8,accepted,https://github.com/facebook/astryx/commit/42f54bb4d8ee206430004bcd01e3627f7f021d43
ad440cd834e3641cd71d2519,claim,insufficient,0.4002,0.0899,0.8,insufficient,https://github.com/facebook/astryx/commit/42f54bb4d8ee206430004bcd01e3627f7f021d43
ad440cd834e3641cd71d2519,tone,insufficient,0.3818,0.1207,0.8,insufficient,https://github.com/facebook/astryx/commit/42f54bb4d8ee206430004bcd01e3627f7f021d43
ad440cd834e3641cd71d2519,importance,insufficient,0.6946,0.3168,0.8,insufficient,https://github.com/facebook/astryx/commit/42f54bb4d8ee206430004bcd01e3627f7f021d43
ad440cd834e3641cd71d2519,urgency,none,0.6777,0.3614,0.8,needs_review,https://github.com/facebook/astryx/commit/42f54bb4d8ee206430004bcd01e3627f7f021d43
ad440cd834e3641cd71d2519,promotion,insufficient,0.3411,0.0232,0.8,insufficient,https://github.com/facebook/astryx/commit/42f54bb4d8ee206430004bcd01e3627f7f021d43
ad440cd834e3641cd71d2519,token_reference,absent,0.8818,0.5948,0.8,accepted,https://github.com/facebook/astryx/commit/42f54bb4d8ee206430004bcd01e3627f7f021d43
ad440cd834e3641cd71d2519,narrative_object,absent,0.9031,0.7265,0.8,accepted,https://github.com/facebook/astryx/commit/42f54bb4d8ee206430004bcd01e3627f7f021d43
ad440cd834e3641cd71d2519,context_dependence,standalone,0.4863,0.0508,0.8,needs_review,https://github.com/facebook/astryx/commit/42f54bb4d8ee206430004bcd01e3627f7f021d43
afc5fa9149ff65b672db4430,relevance,insufficient,0.5675,0.109,0.8,insufficient,https://x.com/i/status/2104670433908023632
afc5fa9149ff65b672db4430,event,launch,0.8997,0.77,0.8,accepted,https://x.com/i/status/2104670433908023632
afc5fa9149ff65b672db4430,claim,announcement,0.6754,0.3818,0.8,needs_review,https://x.com/i/status/2104670433908023632
afc5fa9149ff65b672db4430,tone,positive,0.4566,0.1246,0.8,needs_review,https://x.com/i/status/2104670433908023632
afc5fa9149ff65b672db4430,importance,project,0.4556,0.0927,0.8,needs_review,https://x.com/i/status/2104670433908023632
afc5fa9149ff65b672db4430,urgency,none,0.5557,0.1879,0.8,needs_review,https://x.com/i/status/2104670433908023632
afc5fa9149ff65b672db4430,promotion,promotional,0.4861,0.0992,0.8,needs_review,https://x.com/i/status/2104670433908023632
afc5fa9149ff65b672db4430,token_reference,absent,0.6691,0.2177,0.8,needs_review,https://x.com/i/status/2104670433908023632
afc5fa9149ff65b672db4430,narrative_object,product,0.4844,0.2252,0.8,needs_review,https://x.com/i/status/2104670433908023632
afc5fa9149ff65b672db4430,context_dependence,insufficient,0.4403,0.0293,0.8,insufficient,https://x.com/i/status/2104670433908023632
e04448a2d2af0de06a23c23e,relevance,,,,0.8,needs_review,https://github.com/facebook/astryx/commit/a8eab247f48a2d5d07c298a905748158da45e304
e04448a2d2af0de06a23c23e,event,,,,0.8,needs_review,https://github.com/facebook/astryx/commit/a8eab247f48a2d5d07c298a905748158da45e304
e04448a2d2af0de06a23c23e,claim,,,,0.8,needs_review,https://github.com/facebook/astryx/commit/a8eab247f48a2d5d07c298a905748158da45e304
e04448a2d2af0de06a23c23e,tone,,,,0.8,needs_review,https://github.com/facebook/astryx/commit/a8eab247f48a2d5d07c298a905748158da45e304
e04448a2d2af0de06a23c23e,importance,,,,0.8,needs_review,https://github.com/facebook/astryx/commit/a8eab247f48a2d5d07c298a905748158da45e304
e04448a2d2af0de06a23c23e,urgency,,,,0.8,needs_review,https://github.com/facebook/astryx/commit/a8eab247f48a2d5d07c298a905748158da45e304
e04448a2d2af0de06a23c23e,promotion,,,,0.8,needs_review,https://github.com/facebook/astryx/commit/a8eab247f48a2d5d07c298a905748158da45e304
e04448a2d2af0de06a23c23e,token_reference,,,,0.8,needs_review,https://github.com/facebook/astryx/commit/a8eab247f48a2d5d07c298a905748158da45e304
e04448a2d2af0de06a23c23e,narrative_object,,,,0.8,needs_review,https://github.com/facebook/astryx/commit/a8eab247f48a2d5d07c298a905748158da45e304
e04448a2d2af0de06a23c23e,context_dependence,,,,0.8,needs_review,https://github.com/facebook/astryx/commit/a8eab247f48a2d5d07c298a905748158da45e304
08308f848c342cae2bac03e6,relevance,insufficient,0.4571,0.0322,0.8,insufficient,https://x.com/i/status/2104670406858702999
08308f848c342cae2bac03e6,event,technical,0.8139,0.6685,0.8,accepted,https://x.com/i/status/2104670406858702999
08308f848c342cae2bac03e6,claim,opinion,0.3952,0.1988,0.8,needs_review,https://x.com/i/status/2104670406858702999
08308f848c342cae2bac03e6,tone,positive,0.4864,0.1573,0.8,needs_review,https://x.com/i/status/2104670406858702999
08308f848c342cae2bac03e6,importance,project,0.479,0.1084,0.8,needs_review,https://x.com/i/status/2104670406858702999
08308f848c342cae2bac03e6,urgency,none,0.6183,0.2576,0.8,needs_review,https://x.com/i/status/2104670406858702999
08308f848c342cae2bac03e6,promotion,insufficient,0.3655,0.0416,0.8,insufficient,https://x.com/i/status/2104670406858702999
08308f848c342cae2bac03e6,token_reference,explicit,0.4203,0.0283,0.8,needs_review,https://x.com/i/status/2104670406858702999
08308f848c342cae2bac03e6,narrative_object,product,0.5532,0.2816,0.8,needs_review,https://x.com/i/status/2104670406858702999
08308f848c342cae2bac03e6,context_dependence,standalone,0.4128,0.0165,0.8,needs_review,https://x.com/i/status/2104670406858702999
a629582811850c83ada01b61,relevance,insufficient,0.5213,0.0885,0.8,insufficient,https://github.com/NVIDIA/IsaacTeleop/commit/396231aa95c0b3059e68f6d4b58bd8bb89268f54
a629582811850c83ada01b61,event,technical,0.9909,0.9676,0.8,accepted,https://github.com/NVIDIA/IsaacTeleop/commit/396231aa95c0b3059e68f6d4b58bd8bb89268f54
a629582811850c83ada01b61,claim,correction,0.6666,0.4413,0.8,needs_review,https://github.com/NVIDIA/IsaacTeleop/commit/396231aa95c0b3059e68f6d4b58bd8bb89268f54
a629582811850c83ada01b61,tone,insufficient,0.3064,0.0337,0.8,insufficient,https://github.com/NVIDIA/IsaacTeleop/commit/396231aa95c0b3059e68f6d4b58bd8bb89268f54
a629582811850c83ada01b61,importance,routine,0.6418,0.2565,0.8,needs_review,https://github.com/NVIDIA/IsaacTeleop/commit/396231aa95c0b3059e68f6d4b58bd8bb89268f54
a629582811850c83ada01b61,urgency,none,0.6189,0.2344,0.8,needs_review,https://github.com/NVIDIA/IsaacTeleop/commit/396231aa95c0b3059e68f6d4b58bd8bb89268f54
a629582811850c83ada01b61,promotion,insufficient,0.5528,0.1539,0.8,insufficient,https://github.com/NVIDIA/IsaacTeleop/commit/396231aa95c0b3059e68f6d4b58bd8bb89268f54
a629582811850c83ada01b61,token_reference,absent,0.8776,0.5854,0.8,accepted,https://github.com/NVIDIA/IsaacTeleop/commit/396231aa95c0b3059e68f6d4b58bd8bb89268f54
a629582811850c83ada01b61,narrative_object,product,0.4447,0.3178,0.8,needs_review,https://github.com/NVIDIA/IsaacTeleop/commit/396231aa95c0b3059e68f6d4b58bd8bb89268f54
a629582811850c83ada01b61,context_dependence,standalone,0.4574,0.0359,0.8,needs_review,https://github.com/NVIDIA/IsaacTeleop/commit/396231aa95c0b3059e68f6d4b58bd8bb89268f54
23844422af55551c30b9240a,relevance,insufficient,0.3984,0.0318,0.8,insufficient,https://x.com/i/status/2104667699498344766
23844422af55551c30b9240a,event,launch,0.8672,0.7212,0.8,accepted,https://x.com/i/status/2104667699498344766
23844422af55551c30b9240a,claim,announcement,0.9686,0.9004,0.8,accepted,https://x.com/i/status/2104667699498344766
23844422af55551c30b9240a,tone,positive,0.4954,0.1638,0.8,needs_review,https://x.com/i/status/2104667699498344766
23844422af55551c30b9240a,importance,project,0.3156,0.0122,0.8,needs_review,https://x.com/i/status/2104667699498344766
23844422af55551c30b9240a,urgency,none,0.7341,0.3724,0.8,needs_review,https://x.com/i/status/2104667699498344766
23844422af55551c30b9240a,promotion,promotional,0.669,0.2822,0.8,needs_review,https://x.com/i/status/2104667699498344766
23844422af55551c30b9240a,token_reference,absent,0.6335,0.1723,0.8,needs_review,https://x.com/i/status/2104667699498344766
23844422af55551c30b9240a,narrative_object,product,0.4299,0.1652,0.8,needs_review,https://x.com/i/status/2104667699498344766
23844422af55551c30b9240a,context_dependence,standalone,0.5587,0.0969,0.8,needs_review,https://x.com/i/status/2104667699498344766
4a6d8d54fb295c7cc5af69a8,relevance,noise,0.4276,0.0748,0.8,needs_review,https://x.com/i/status/2104670385094750417
4a6d8d54fb295c7cc5af69a8,event,other,0.7697,0.5224,0.8,needs_review,https://x.com/i/status/2104670385094750417
4a6d8d54fb295c7cc5af69a8,claim,insufficient,0.3473,0.1703,0.8,needs_review,https://x.com/i/status/2104670385094750417
4a6d8d54fb295c7cc5af69a8,tone,neutral,0.2913,0.0994,0.8,needs_review,https://x.com/i/status/2104670385094750417
4a6d8d54fb295c7cc5af69a8,importance,insufficient,0.7236,0.3572,0.8,needs_review,https://x.com/i/status/2104670385094750417
4a6d8d54fb295c7cc5af69a8,urgency,none,0.7758,0.4569,0.8,needs_review,https://x.com/i/status/2104670385094750417
4a6d8d54fb295c7cc5af69a8,promotion,insufficient,0.4118,0.0634,0.8,needs_review,https://x.com/i/status/2104670385094750417
4a6d8d54fb295c7cc5af69a8,token_reference,absent,0.6803,0.2375,0.8,needs_review,https://x.com/i/status/2104670385094750417
4a6d8d54fb295c7cc5af69a8,narrative_object,absent,0.7107,0.4326,0.8,needs_review,https://x.com/i/status/2104670385094750417
4a6d8d54fb295c7cc5af69a8,context_dependence,standalone,0.4631,0.0495,0.8,needs_review,https://x.com/i/status/2104670385094750417
310e629ef556a0f6906a2f7a,relevance,noise,0.4838,0.0564,0.8,needs_review,https://x.com/i/status/2104670372587291124
310e629ef556a0f6906a2f7a,event,other,0.5889,0.4224,0.8,needs_review,https://x.com/i/status/2104670372587291124
310e629ef556a0f6906a2f7a,claim,insufficient,0.3955,0.1468,0.8,insufficient,https://x.com/i/status/2104670372587291124
310e629ef556a0f6906a2f7a,tone,insufficient,0.2983,0.0574,0.8,insufficient,https://x.com/i/status/2104670372587291124
310e629ef556a0f6906a2f7a,importance,insufficient,0.7425,0.385,0.8,insufficient,https://x.com/i/status/2104670372587291124
310e629ef556a0f6906a2f7a,urgency,none,0.7507,0.4173,0.8,needs_review,https://x.com/i/status/2104670372587291124
310e629ef556a0f6906a2f7a,promotion,promotional,0.6608,0.2817,0.8,needs_review,https://x.com/i/status/2104670372587291124
310e629ef556a0f6906a2f7a,token_reference,absent,0.7675,0.36,0.8,needs_review,https://x.com/i/status/2104670372587291124
310e629ef556a0f6906a2f7a,narrative_object,absent,0.8736,0.6625,0.8,accepted,https://x.com/i/status/2104670372587291124
310e629ef556a0f6906a2f7a,context_dependence,standalone,0.4368,0.0213,0.8,needs_review,https://x.com/i/status/2104670372587291124
9adbec362e8b8e089580e8e9,relevance,informative,0.5133,0.1149,0.8,needs_review,https://github.com/aws/agentcore-cli/commit/bb3fcd303cd05dbe9c374efa623deeedc51c6d43
9adbec362e8b8e089580e8e9,event,technical,0.9778,0.9314,0.8,accepted,https://github.com/aws/agentcore-cli/commit/bb3fcd303cd05dbe9c374efa623deeedc51c6d43
9adbec362e8b8e089580e8e9,claim,announcement,0.8587,0.6953,0.8,accepted,https://github.com/aws/agentcore-cli/commit/bb3fcd303cd05dbe9c374efa623deeedc51c6d43
9adbec362e8b8e089580e8e9,tone,insufficient,0.3885,0.1459,0.8,insufficient,https://github.com/aws/agentcore-cli/commit/bb3fcd303cd05dbe9c374efa623deeedc51c6d43
9adbec362e8b8e089580e8e9,importance,routine,0.5116,0.2396,0.8,needs_review,https://github.com/aws/agentcore-cli/commit/bb3fcd303cd05dbe9c374efa623deeedc51c6d43
9adbec362e8b8e089580e8e9,urgency,none,0.5115,0.1297,0.8,needs_review,https://github.com/aws/agentcore-cli/commit/bb3fcd303cd05dbe9c374efa623deeedc51c6d43
9adbec362e8b8e089580e8e9,promotion,insufficient,0.5683,0.165,0.8,insufficient,https://github.com/aws/agentcore-cli/commit/bb3fcd303cd05dbe9c374efa623deeedc51c6d43
9adbec362e8b8e089580e8e9,token_reference,absent,0.7465,0.3291,0.8,needs_review,https://github.com/aws/agentcore-cli/commit/bb3fcd303cd05dbe9c374efa623deeedc51c6d43
9adbec362e8b8e089580e8e9,narrative_object,product,0.5116,0.3392,0.8,needs_review,https://github.com/aws/agentcore-cli/commit/bb3fcd303cd05dbe9c374efa623deeedc51c6d43
9adbec362e8b8e089580e8e9,context_dependence,standalone,0.5203,0.0738,0.8,needs_review,https://github.com/aws/agentcore-cli/commit/bb3fcd303cd05dbe9c374efa623deeedc51c6d43
f93461e65715528000ae8a20,relevance,insufficient,0.4273,0.0175,0.8,insufficient,https://x.com/i/status/2104670341411041652
f93461e65715528000ae8a20,event,other,0.5462,0.3348,0.8,needs_review,https://x.com/i/status/2104670341411041652
f93461e65715528000ae8a20,claim,announcement,0.5686,0.3628,0.8,needs_review,https://x.com/i/status/2104670341411041652
f93461e65715528000ae8a20,tone,insufficient,0.2765,0.0576,0.8,insufficient,https://x.com/i/status/2104670341411041652
f93461e65715528000ae8a20,importance,insufficient,0.7334,0.3714,0.8,insufficient,https://x.com/i/status/2104670341411041652
f93461e65715528000ae8a20,urgency,none,0.7122,0.3852,0.8,needs_review,https://x.com/i/status/2104670341411041652
f93461e65715528000ae8a20,promotion,promotional,0.5725,0.1697,0.8,needs_review,https://x.com/i/status/2104670341411041652
f93461e65715528000ae8a20,token_reference,absent,0.7956,0.4121,0.8,needs_review,https://x.com/i/status/2104670341411041652
f93461e65715528000ae8a20,narrative_object,absent,0.9121,0.7463,0.8,accepted,https://x.com/i/status/2104670341411041652
f93461e65715528000ae8a20,context_dependence,standalone,0.3592,0.0031,0.8,needs_review,https://x.com/i/status/2104670341411041652
8d25f642092ec074e14638ae,relevance,informative,0.5075,0.1004,0.8,needs_review,https://x.com/i/status/2104631383792730599
8d25f642092ec074e14638ae,event,launch,0.7604,0.6695,0.8,needs_review,https://x.com/i/status/2104631383792730599
8d25f642092ec074e14638ae,claim,announcement,0.5407,0.212,0.8,needs_review,https://x.com/i/status/2104631383792730599
8d25f642092ec074e14638ae,tone,positive,0.6228,0.2795,0.8,needs_review,https://x.com/i/status/2104631383792730599
8d25f642092ec074e14638ae,importance,project,0.4178,0.0528,0.8,needs_review,https://x.com/i/status/2104631383792730599
8d25f642092ec074e14638ae,urgency,none,0.5623,0.1853,0.8,needs_review,https://x.com/i/status/2104631383792730599
8d25f642092ec074e14638ae,promotion,promotional,0.4924,0.1003,0.8,needs_review,https://x.com/i/status/2104631383792730599
8d25f642092ec074e14638ae,token_reference,absent,0.6378,0.1813,0.8,needs_review,https://x.com/i/status/2104631383792730599
8d25f642092ec074e14638ae,narrative_object,product,0.7502,0.4636,0.8,needs_review,https://x.com/i/status/2104631383792730599
8d25f642092ec074e14638ae,context_dependence,standalone,0.3571,0.0025,0.8,needs_review,https://x.com/i/status/2104631383792730599
bca104891f3eb4422fd8a796,relevance,informative,0.4419,0.0791,0.8,needs_review,https://x.com/i/status/2104646024480391667
bca104891f3eb4422fd8a796,event,launch,0.5171,0.4826,0.8,needs_review,https://x.com/i/status/2104646024480391667
bca104891f3eb4422fd8a796,claim,announcement,0.4522,0.1354,0.8,needs_review,https://x.com/i/status/2104646024480391667
bca104891f3eb4422fd8a796,tone,positive,0.5583,0.2112,0.8,needs_review,https://x.com/i/status/2104646024480391667
bca104891f3eb4422fd8a796,importance,project,0.3714,0.0313,0.8,needs_review,https://x.com/i/status/2104646024480391667
bca104891f3eb4422fd8a796,urgency,none,0.5034,0.1426,0.8,needs_review,https://x.com/i/status/2104646024480391667
bca104891f3eb4422fd8a796,promotion,promotional,0.3111,0.0085,0.8,needs_review,https://x.com/i/status/2104646024480391667
bca104891f3eb4422fd8a796,token_reference,absent,0.6098,0.145,0.8,needs_review,https://x.com/i/status/2104646024480391667
bca104891f3eb4422fd8a796,narrative_object,product,0.6416,0.3446,0.8,needs_review,https://x.com/i/status/2104646024480391667
bca104891f3eb4422fd8a796,context_dependence,standalone,0.3826,0.0117,0.8,needs_review,https://x.com/i/status/2104646024480391667
d16094d84d3696db261d65f5,relevance,insufficient,0.5039,0.073,0.8,needs_review,https://x.com/i/status/2104670336126198143
d16094d84d3696db261d65f5,event,other,0.3653,0.224,0.8,needs_review,https://x.com/i/status/2104670336126198143
d16094d84d3696db261d65f5,claim,insufficient,0.4807,0.2377,0.8,needs_review,https://x.com/i/status/2104670336126198143
d16094d84d3696db261d65f5,tone,insufficient,0.2889,0.0467,0.8,needs_review,https://x.com/i/status/2104670336126198143
d16094d84d3696db261d65f5,importance,insufficient,0.6644,0.2964,0.8,needs_review,https://x.com/i/status/2104670336126198143
d16094d84d3696db261d65f5,urgency,none,0.6763,0.3628,0.8,needs_review,https://x.com/i/status/2104670336126198143
d16094d84d3696db261d65f5,promotion,insufficient,0.4998,0.1167,0.8,needs_review,https://x.com/i/status/2104670336126198143
d16094d84d3696db261d65f5,token_reference,absent,0.8297,0.4793,0.8,needs_review,https://x.com/i/status/2104670336126198143
d16094d84d3696db261d65f5,narrative_object,absent,0.5587,0.3982,0.8,needs_review,https://x.com/i/status/2104670336126198143
d16094d84d3696db261d65f5,context_dependence,insufficient,0.5443,0.0864,0.8,needs_review,https://x.com/i/status/2104670336126198143
c62877a1c8244f2af4bb7090,relevance,insufficient,0.5904,0.1275,0.8,insufficient,https://github.com/ROCm/cvs/commit/751105fdf867f14821f07d491c298f7382dba35a
c62877a1c8244f2af4bb7090,event,technical,0.9906,0.967,0.8,accepted,https://github.com/ROCm/cvs/commit/751105fdf867f14821f07d491c298f7382dba35a
c62877a1c8244f2af4bb7090,claim,correction,0.83,0.6427,0.8,accepted,https://github.com/ROCm/cvs/commit/751105fdf867f14821f07d491c298f7382dba35a
c62877a1c8244f2af4bb7090,tone,insufficient,0.4674,0.1827,0.8,insufficient,https://github.com/ROCm/cvs/commit/751105fdf867f14821f07d491c298f7382dba35a
c62877a1c8244f2af4bb7090,importance,routine,0.5139,0.129,0.8,needs_review,https://github.com/ROCm/cvs/commit/751105fdf867f14821f07d491c298f7382dba35a
c62877a1c8244f2af4bb7090,urgency,none,0.6369,0.2772,0.8,needs_review,https://github.com/ROCm/cvs/commit/751105fdf867f14821f07d491c298f7382dba35a
c62877a1c8244f2af4bb7090,promotion,insufficient,0.5765,0.1849,0.8,insufficient,https://github.com/ROCm/cvs/commit/751105fdf867f14821f07d491c298f7382dba35a
c62877a1c8244f2af4bb7090,token_reference,absent,0.8358,0.492,0.8,accepted,https://github.com/ROCm/cvs/commit/751105fdf867f14821f07d491c298f7382dba35a
c62877a1c8244f2af4bb7090,narrative_object,absent,0.6139,0.325,0.8,needs_review,https://github.com/ROCm/cvs/commit/751105fdf867f14821f07d491c298f7382dba35a
c62877a1c8244f2af4bb7090,context_dependence,insufficient,0.4259,0.0171,0.8,insufficient,https://github.com/ROCm/cvs/commit/751105fdf867f14821f07d491c298f7382dba35a
f089ce12e59dce55bf06341c,relevance,insufficient,0.5985,0.1547,0.8,insufficient,https://x.com/i/status/2104669031479345513
f089ce12e59dce55bf06341c,event,other,0.5147,0.4735,0.8,needs_review,https://x.com/i/status/2104669031479345513
f089ce12e59dce55bf06341c,claim,insufficient,0.6398,0.3246,0.8,insufficient,https://x.com/i/status/2104669031479345513
f089ce12e59dce55bf06341c,tone,insufficient,0.3433,0.0631,0.8,insufficient,https://x.com/i/status/2104669031479345513
f089ce12e59dce55bf06341c,importance,insufficient,0.705,0.3293,0.8,insufficient,https://x.com/i/status/2104669031479345513
f089ce12e59dce55bf06341c,urgency,none,0.7186,0.4389,0.8,needs_review,https://x.com/i/status/2104669031479345513
f089ce12e59dce55bf06341c,promotion,promotional,0.3669,0.0709,0.8,needs_review,https://x.com/i/status/2104669031479345513
f089ce12e59dce55bf06341c,token_reference,absent,0.8604,0.5458,0.8,accepted,https://x.com/i/status/2104669031479345513
f089ce12e59dce55bf06341c,narrative_object,absent,0.4064,0.1145,0.8,needs_review,https://x.com/i/status/2104669031479345513
f089ce12e59dce55bf06341c,context_dependence,standalone,0.4398,0.049,0.8,needs_review,https://x.com/i/status/2104669031479345513
5c9c36d53ca123dfe8d42071,relevance,insufficient,0.5534,0.0961,0.8,insufficient,https://x.com/i/status/2104670271412093363
5c9c36d53ca123dfe8d42071,event,other,0.5018,0.2994,0.8,needs_review,https://x.com/i/status/2104670271412093363
5c9c36d53ca123dfe8d42071,claim,correction,0.3741,0.244,0.8,needs_review,https://x.com/i/status/2104670271412093363
5c9c36d53ca123dfe8d42071,tone,negative,0.4776,0.1396,0.8,needs_review,https://x.com/i/status/2104670271412093363
5c9c36d53ca123dfe8d42071,importance,insufficient,0.6485,0.2554,0.8,insufficient,https://x.com/i/status/2104670271412093363
5c9c36d53ca123dfe8d42071,urgency,none,0.6802,0.3759,0.8,needs_review,https://x.com/i/status/2104670271412093363
5c9c36d53ca123dfe8d42071,promotion,insufficient,0.4796,0.106,0.8,insufficient,https://x.com/i/status/2104670271412093363
5c9c36d53ca123dfe8d42071,token_reference,absent,0.8003,0.4238,0.8,accepted,https://x.com/i/status/2104670271412093363
5c9c36d53ca123dfe8d42071,narrative_object,character,0.4058,0.1626,0.8,needs_review,https://x.com/i/status/2104670271412093363
5c9c36d53ca123dfe8d42071,context_dependence,insufficient,0.3882,0.0093,0.8,insufficient,https://x.com/i/status/2104670271412093363
d6daed8cc2d4920da6651c74,relevance,insufficient,0.504,0.0579,0.8,insufficient,https://x.com/i/status/2104670259060101346
d6daed8cc2d4920da6651c74,event,technical,0.5435,0.2898,0.8,needs_review,https://x.com/i/status/2104670259060101346
d6daed8cc2d4920da6651c74,claim,announcement,0.3205,0.0683,0.8,needs_review,https://x.com/i/status/2104670259060101346
d6daed8cc2d4920da6651c74,tone,neutral,0.4681,0.1558,0.8,needs_review,https://x.com/i/status/2104670259060101346
d6daed8cc2d4920da6651c74,importance,sector,0.6193,0.2385,0.8,needs_review,https://x.com/i/status/2104670259060101346
d6daed8cc2d4920da6651c74,urgency,none,0.5298,0.2026,0.8,needs_review,https://x.com/i/status/2104670259060101346
d6daed8cc2d4920da6651c74,promotion,promotional,0.269,0.0019,0.8,needs_review,https://x.com/i/status/2104670259060101346
d6daed8cc2d4920da6651c74,token_reference,absent,0.6515,0.2153,0.8,needs_review,https://x.com/i/status/2104670259060101346
d6daed8cc2d4920da6651c74,narrative_object,product,0.387,0.2176,0.8,needs_review,https://x.com/i/status/2104670259060101346
d6daed8cc2d4920da6651c74,context_dependence,standalone,0.4196,0.0183,0.8,needs_review,https://x.com/i/status/2104670259060101346
f086de79b3e502ee75a08082,relevance,noise,0.4133,0.0549,0.8,needs_review,https://x.com/i/status/2104670239245955315
f086de79b3e502ee75a08082,event,incident,0.965,0.8921,0.8,accepted,https://x.com/i/status/2104670239245955315
f086de79b3e502ee75a08082,claim,allegation,0.7999,0.6962,0.8,needs_review,https://x.com/i/status/2104670239245955315
f086de79b3e502ee75a08082,tone,negative,0.4241,0.1383,0.8,needs_review,https://x.com/i/status/2104670239245955315
f086de79b3e502ee75a08082,importance,insufficient,0.5526,0.159,0.8,insufficient,https://x.com/i/status/2104670239245955315
f086de79b3e502ee75a08082,urgency,immediate,0.6968,0.363,0.8,needs_review,https://x.com/i/status/2104670239245955315
f086de79b3e502ee75a08082,promotion,promotional,0.4804,0.0988,0.8,needs_review,https://x.com/i/status/2104670239245955315
f086de79b3e502ee75a08082,token_reference,absent,0.5944,0.1322,0.8,needs_review,https://x.com/i/status/2104670239245955315
f086de79b3e502ee75a08082,narrative_object,absent,0.6174,0.3225,0.8,needs_review,https://x.com/i/status/2104670239245955315
f086de79b3e502ee75a08082,context_dependence,standalone,0.4293,0.0193,0.8,needs_review,https://x.com/i/status/2104670239245955315
2ee81a08d82edf8a8b00bc30,relevance,insufficient,0.5996,0.1396,0.8,needs_review,https://www.fool.com/investing/2026/09/28/not-nvidia-not-amd-broadcoms-custom-silicon-busine/
2ee81a08d82edf8a8b00bc30,event,technical,0.607,0.4542,0.8,needs_review,https://www.fool.com/investing/2026/09/28/not-nvidia-not-amd-broadcoms-custom-silicon-busine/
2ee81a08d82edf8a8b00bc30,claim,announcement,0.7005,0.4099,0.8,needs_review,https://www.fool.com/investing/2026/09/28/not-nvidia-not-amd-broadcoms-custom-silicon-busine/
2ee81a08d82edf8a8b00bc30,tone,positive,0.2628,0.0613,0.8,needs_review,https://www.fool.com/investing/2026/09/28/not-nvidia-not-amd-broadcoms-custom-silicon-busine/
2ee81a08d82edf8a8b00bc30,importance,project,0.3999,0.1233,0.8,needs_review,https://www.fool.com/investing/2026/09/28/not-nvidia-not-amd-broadcoms-custom-silicon-busine/
2ee81a08d82edf8a8b00bc30,urgency,none,0.5875,0.2796,0.8,needs_review,https://www.fool.com/investing/2026/09/28/not-nvidia-not-amd-broadcoms-custom-silicon-busine/
2ee81a08d82edf8a8b00bc30,promotion,insufficient,0.4438,0.0711,0.8,needs_review,https://www.fool.com/investing/2026/09/28/not-nvidia-not-amd-broadcoms-custom-silicon-busine/
2ee81a08d82edf8a8b00bc30,token_reference,absent,0.6366,0.1792,0.8,needs_review,https://www.fool.com/investing/2026/09/28/not-nvidia-not-amd-broadcoms-custom-silicon-busine/
2ee81a08d82edf8a8b00bc30,narrative_object,absent,0.6603,0.3688,0.8,needs_review,https://www.fool.com/investing/2026/09/28/not-nvidia-not-amd-broadcoms-custom-silicon-busine/
2ee81a08d82edf8a8b00bc30,context_dependence,insufficient,0.485,0.0599,0.8,needs_review,https://www.fool.com/investing/2026/09/28/not-nvidia-not-amd-broadcoms-custom-silicon-busine/
aa5836fa9fa54cd5fc954099,relevance,insufficient,0.4567,0.0753,0.8,insufficient,https://x.com/i/status/2104667458829238461
aa5836fa9fa54cd5fc954099,event,other,0.5582,0.3652,0.8,needs_review,https://x.com/i/status/2104667458829238461
aa5836fa9fa54cd5fc954099,claim,insufficient,0.5448,0.2215,0.8,insufficient,https://x.com/i/status/2104667458829238461
aa5836fa9fa54cd5fc954099,tone,insufficient,0.3073,0.0777,0.8,insufficient,https://x.com/i/status/2104667458829238461
aa5836fa9fa54cd5fc954099,importance,insufficient,0.6817,0.3059,0.8,insufficient,https://x.com/i/status/2104667458829238461
aa5836fa9fa54cd5fc954099,urgency,none,0.8108,0.5191,0.8,accepted,https://x.com/i/status/2104667458829238461
aa5836fa9fa54cd5fc954099,promotion,insufficient,0.4906,0.1139,0.8,insufficient,https://x.com/i/status/2104667458829238461
aa5836fa9fa54cd5fc954099,token_reference,absent,0.7402,0.3146,0.8,needs_review,https://x.com/i/status/2104667458829238461
aa5836fa9fa54cd5fc954099,narrative_object,cultural,0.4204,0.2517,0.8,needs_review,https://x.com/i/status/2104667458829238461
aa5836fa9fa54cd5fc954099,context_dependence,standalone,0.5105,0.0898,0.8,needs_review,https://x.com/i/status/2104667458829238461
099ae665790bdf46bb55005b,relevance,insufficient,0.6067,0.1431,0.8,insufficient,https://github.com/microsoft/CCF/commit/b8aa5e702d94cf0bff8b74ecaaa10754379c9a14
099ae665790bdf46bb55005b,event,technical,0.9349,0.8381,0.8,accepted,https://github.com/microsoft/CCF/commit/b8aa5e702d94cf0bff8b74ecaaa10754379c9a14
099ae665790bdf46bb55005b,claim,announcement,0.552,0.36,0.8,needs_review,https://github.com/microsoft/CCF/commit/b8aa5e702d94cf0bff8b74ecaaa10754379c9a14
099ae665790bdf46bb55005b,tone,insufficient,0.3892,0.1163,0.8,insufficient,https://github.com/microsoft/CCF/commit/b8aa5e702d94cf0bff8b74ecaaa10754379c9a14
099ae665790bdf46bb55005b,importance,project,0.5127,0.1736,0.8,needs_review,https://github.com/microsoft/CCF/commit/b8aa5e702d94cf0bff8b74ecaaa10754379c9a14
099ae665790bdf46bb55005b,urgency,none,0.5917,0.1981,0.8,needs_review,https://github.com/microsoft/CCF/commit/b8aa5e702d94cf0bff8b74ecaaa10754379c9a14
099ae665790bdf46bb55005b,promotion,insufficient,0.4646,0.0812,0.8,insufficient,https://github.com/microsoft/CCF/commit/b8aa5e702d94cf0bff8b74ecaaa10754379c9a14
099ae665790bdf46bb55005b,token_reference,absent,0.8483,0.5186,0.8,accepted,https://github.com/microsoft/CCF/commit/b8aa5e702d94cf0bff8b74ecaaa10754379c9a14
099ae665790bdf46bb55005b,narrative_object,absent,0.8313,0.5989,0.8,accepted,https://github.com/microsoft/CCF/commit/b8aa5e702d94cf0bff8b74ecaaa10754379c9a14
099ae665790bdf46bb55005b,context_dependence,standalone,0.4762,0.0728,0.8,needs_review,https://github.com/microsoft/CCF/commit/b8aa5e702d94cf0bff8b74ecaaa10754379c9a14
50558961597a681ed40bdd29,relevance,insufficient,0.5107,0.0706,0.8,insufficient,https://x.com/i/status/2104670173227897093
50558961597a681ed40bdd29,event,technical,0.5073,0.3245,0.8,needs_review,https://x.com/i/status/2104670173227897093
50558961597a681ed40bdd29,claim,insufficient,0.4051,0.1544,0.8,insufficient,https://x.com/i/status/2104670173227897093
50558961597a681ed40bdd29,tone,neutral,0.398,0.0995,0.8,needs_review,https://x.com/i/status/2104670173227897093
50558961597a681ed40bdd29,importance,insufficient,0.5472,0.1587,0.8,insufficient,https://x.com/i/status/2104670173227897093
50558961597a681ed40bdd29,urgency,none,0.6081,0.2646,0.8,needs_review,https://x.com/i/status/2104670173227897093
50558961597a681ed40bdd29,promotion,insufficient,0.4572,0.0732,0.8,insufficient,https://x.com/i/status/2104670173227897093
50558961597a681ed40bdd29,token_reference,absent,0.7296,0.3061,0.8,needs_review,https://x.com/i/status/2104670173227897093
50558961597a681ed40bdd29,narrative_object,cultural,0.3979,0.1645,0.8,needs_review,https://x.com/i/status/2104670173227897093
50558961597a681ed40bdd29,context_dependence,standalone,0.4233,0.0183,0.8,needs_review,https://x.com/i/status/2104670173227897093
27a4c89add2982039e9bcf6e,relevance,informative,0.4959,0.0623,0.8,needs_review,https://x.com/i/status/2104521962974507490
27a4c89add2982039e9bcf6e,event,launch,0.6548,0.5787,0.8,needs_review,https://x.com/i/status/2104521962974507490
27a4c89add2982039e9bcf6e,claim,announcement,0.8464,0.6513,0.8,accepted,https://x.com/i/status/2104521962974507490
27a4c89add2982039e9bcf6e,tone,positive,0.3756,0.0557,0.8,needs_review,https://x.com/i/status/2104521962974507490
27a4c89add2982039e9bcf6e,importance,routine,0.3869,0.0959,0.8,needs_review,https://x.com/i/status/2104521962974507490
27a4c89add2982039e9bcf6e,urgency,scheduled,0.5454,0.1713,0.8,needs_review,https://x.com/i/status/2104521962974507490
27a4c89add2982039e9bcf6e,promotion,promotional,0.5128,0.1182,0.8,needs_review,https://x.com/i/status/2104521962974507490
27a4c89add2982039e9bcf6e,token_reference,absent,0.565,0.1052,0.8,needs_review,https://x.com/i/status/2104521962974507490
27a4c89add2982039e9bcf6e,narrative_object,product,0.704,0.4122,0.8,needs_review,https://x.com/i/status/2104521962974507490
27a4c89add2982039e9bcf6e,context_dependence,dependent,0.4953,0.0524,0.8,needs_review,https://x.com/i/status/2104521962974507490
e4b9369f307223d7319914d1,relevance,insufficient,0.4563,0.0708,0.8,needs_review,https://x.com/i/status/2104670161362112931
e4b9369f307223d7319914d1,event,technical,0.6832,0.5848,0.8,needs_review,https://x.com/i/status/2104670161362112931
e4b9369f307223d7319914d1,claim,announcement,0.8428,0.6262,0.8,needs_review,https://x.com/i/status/2104670161362112931
e4b9369f307223d7319914d1,tone,negative,0.274,0.0337,0.8,needs_review,https://x.com/i/status/2104670161362112931
e4b9369f307223d7319914d1,importance,project,0.4401,0.0854,0.8,needs_review,https://x.com/i/status/2104670161362112931
e4b9369f307223d7319914d1,urgency,none,0.4456,0.1039,0.8,needs_review,https://x.com/i/status/2104670161362112931
e4b9369f307223d7319914d1,promotion,promotional,0.3749,0.0278,0.8,needs_review,https://x.com/i/status/2104670161362112931
e4b9369f307223d7319914d1,token_reference,absent,0.6672,0.2116,0.8,needs_review,https://x.com/i/status/2104670161362112931
e4b9369f307223d7319914d1,narrative_object,product,0.7433,0.4659,0.8,needs_review,https://x.com/i/status/2104670161362112931
e4b9369f307223d7319914d1,context_dependence,dependent,0.5156,0.0642,0.8,needs_review,https://x.com/i/status/2104670161362112931
6168dd72c1d6abc1864b7526,relevance,informative,0.3795,0.01,0.8,needs_review,https://x.com/i/status/2104670129191833637
6168dd72c1d6abc1864b7526,event,other,0.6849,0.4502,0.8,needs_review,https://x.com/i/status/2104670129191833637
6168dd72c1d6abc1864b7526,claim,insufficient,0.4191,0.1992,0.8,insufficient,https://x.com/i/status/2104670129191833637
6168dd72c1d6abc1864b7526,tone,positive,0.277,0.0603,0.8,needs_review,https://x.com/i/status/2104670129191833637
6168dd72c1d6abc1864b7526,importance,insufficient,0.377,0.0411,0.8,insufficient,https://x.com/i/status/2104670129191833637
6168dd72c1d6abc1864b7526,urgency,none,0.517,0.1219,0.8,needs_review,https://x.com/i/status/2104670129191833637
6168dd72c1d6abc1864b7526,promotion,promotional,0.4524,0.0781,0.8,needs_review,https://x.com/i/status/2104670129191833637
6168dd72c1d6abc1864b7526,token_reference,absent,0.6204,0.1562,0.8,needs_review,https://x.com/i/status/2104670129191833637
6168dd72c1d6abc1864b7526,narrative_object,absent,0.5397,0.2058,0.8,needs_review,https://x.com/i/status/2104670129191833637
6168dd72c1d6abc1864b7526,context_dependence,standalone,0.3964,0.0242,0.8,needs_review,https://x.com/i/status/2104670129191833637
4bac5eb4b1fd9099b44e414f,relevance,insufficient,0.6794,0.2371,0.8,insufficient,https://x.com/i/status/2104670079535157388
4bac5eb4b1fd9099b44e414f,event,partnership,0.8797,0.7428,0.8,accepted,https://x.com/i/status/2104670079535157388
4bac5eb4b1fd9099b44e414f,claim,announcement,0.8814,0.7096,0.8,accepted,https://x.com/i/status/2104670079535157388
4bac5eb4b1fd9099b44e414f,tone,insufficient,0.358,0.0978,0.8,insufficient,https://x.com/i/status/2104670079535157388
4bac5eb4b1fd9099b44e414f,importance,project,0.5555,0.1862,0.8,needs_review,https://x.com/i/status/2104670079535157388
4bac5eb4b1fd9099b44e414f,urgency,none,0.6564,0.3159,0.8,needs_review,https://x.com/i/status/2104670079535157388
4bac5eb4b1fd9099b44e414f,promotion,promotional,0.5384,0.1492,0.8,needs_review,https://x.com/i/status/2104670079535157388
4bac5eb4b1fd9099b44e414f,token_reference,absent,0.796,0.4137,0.8,needs_review,https://x.com/i/status/2104670079535157388
4bac5eb4b1fd9099b44e414f,narrative_object,absent,0.6586,0.4736,0.8,needs_review,https://x.com/i/status/2104670079535157388
4bac5eb4b1fd9099b44e414f,context_dependence,standalone,0.4545,0.037,0.8,needs_review,https://x.com/i/status/2104670079535157388
e964b70746fbb1052b4514bf,relevance,informative,0.4627,0.0435,0.8,needs_review,https://github.com/microsoft/litebox/commit/6a1a3b57c4ca84726b12da919d561c739166f636
e964b70746fbb1052b4514bf,event,technical,0.9793,0.9347,0.8,accepted,https://github.com/microsoft/litebox/commit/6a1a3b57c4ca84726b12da919d561c739166f636
e964b70746fbb1052b4514bf,claim,announcement,0.8183,0.6115,0.8,accepted,https://github.com/microsoft/litebox/commit/6a1a3b57c4ca84726b12da919d561c739166f636
e964b70746fbb1052b4514bf,tone,neutral,0.2957,0.0577,0.8,needs_review,https://github.com/microsoft/litebox/commit/6a1a3b57c4ca84726b12da919d561c739166f636
e964b70746fbb1052b4514bf,importance,routine,0.5221,0.136,0.8,needs_review,https://github.com/microsoft/litebox/commit/6a1a3b57c4ca84726b12da919d561c739166f636
e964b70746fbb1052b4514bf,urgency,none,0.604,0.2239,0.8,needs_review,https://github.com/microsoft/litebox/commit/6a1a3b57c4ca84726b12da919d561c739166f636
e964b70746fbb1052b4514bf,promotion,informational,0.4295,0.0687,0.8,needs_review,https://github.com/microsoft/litebox/commit/6a1a3b57c4ca84726b12da919d561c739166f636
e964b70746fbb1052b4514bf,token_reference,absent,0.8391,0.5001,0.8,accepted,https://github.com/microsoft/litebox/commit/6a1a3b57c4ca84726b12da919d561c739166f636
e964b70746fbb1052b4514bf,narrative_object,product,0.4443,0.1937,0.8,needs_review,https://github.com/microsoft/litebox/commit/6a1a3b57c4ca84726b12da919d561c739166f636
e964b70746fbb1052b4514bf,context_dependence,standalone,0.4651,0.0338,0.8,needs_review,https://github.com/microsoft/litebox/commit/6a1a3b57c4ca84726b12da919d561c739166f636
ecfc4b40857a80ee4060abdf,relevance,insufficient,0.4412,0.0406,0.8,insufficient,https://x.com/i/status/2104670059754901871
ecfc4b40857a80ee4060abdf,event,other,0.5317,0.3922,0.8,needs_review,https://x.com/i/status/2104670059754901871
ecfc4b40857a80ee4060abdf,claim,insufficient,0.477,0.1964,0.8,insufficient,https://x.com/i/status/2104670059754901871
ecfc4b40857a80ee4060abdf,tone,neutral,0.3441,0.0872,0.8,needs_review,https://x.com/i/status/2104670059754901871
ecfc4b40857a80ee4060abdf,importance,insufficient,0.7223,0.354,0.8,insufficient,https://x.com/i/status/2104670059754901871
ecfc4b40857a80ee4060abdf,urgency,none,0.7569,0.4431,0.8,needs_review,https://x.com/i/status/2104670059754901871
ecfc4b40857a80ee4060abdf,promotion,promotional,0.6566,0.2778,0.8,needs_review,https://x.com/i/status/2104670059754901871
ecfc4b40857a80ee4060abdf,token_reference,absent,0.763,0.3531,0.8,needs_review,https://x.com/i/status/2104670059754901871
ecfc4b40857a80ee4060abdf,narrative_object,absent,0.9483,0.8323,0.8,accepted,https://x.com/i/status/2104670059754901871
ecfc4b40857a80ee4060abdf,context_dependence,dependent,0.3996,0.0102,0.8,needs_review,https://x.com/i/status/2104670059754901871
e28ca8a02e9edfa09c90dfc7,relevance,insufficient,0.5145,0.0651,0.8,insufficient,https://github.com/facebook/astryx/commit/1bebbe2590fe810dd4dbdf2586ea3189c606fe09
e28ca8a02e9edfa09c90dfc7,event,other,0.8876,0.7378,0.8,accepted,https://github.com/facebook/astryx/commit/1bebbe2590fe810dd4dbdf2586ea3189c606fe09
e28ca8a02e9edfa09c90dfc7,claim,insufficient,0.4002,0.0899,0.8,insufficient,https://github.com/facebook/astryx/commit/1bebbe2590fe810dd4dbdf2586ea3189c606fe09
e28ca8a02e9edfa09c90dfc7,tone,insufficient,0.3818,0.1207,0.8,insufficient,https://github.com/facebook/astryx/commit/1bebbe2590fe810dd4dbdf2586ea3189c606fe09
e28ca8a02e9edfa09c90dfc7,importance,insufficient,0.6946,0.3168,0.8,insufficient,https://github.com/facebook/astryx/commit/1bebbe2590fe810dd4dbdf2586ea3189c606fe09
e28ca8a02e9edfa09c90dfc7,urgency,none,0.6777,0.3614,0.8,needs_review,https://github.com/facebook/astryx/commit/1bebbe2590fe810dd4dbdf2586ea3189c606fe09
e28ca8a02e9edfa09c90dfc7,promotion,insufficient,0.3411,0.0232,0.8,insufficient,https://github.com/facebook/astryx/commit/1bebbe2590fe810dd4dbdf2586ea3189c606fe09
e28ca8a02e9edfa09c90dfc7,token_reference,absent,0.8818,0.5948,0.8,accepted,https://github.com/facebook/astryx/commit/1bebbe2590fe810dd4dbdf2586ea3189c606fe09
e28ca8a02e9edfa09c90dfc7,narrative_object,absent,0.9031,0.7265,0.8,accepted,https://github.com/facebook/astryx/commit/1bebbe2590fe810dd4dbdf2586ea3189c606fe09
e28ca8a02e9edfa09c90dfc7,context_dependence,standalone,0.4863,0.0508,0.8,needs_review,https://github.com/facebook/astryx/commit/1bebbe2590fe810dd4dbdf2586ea3189c606fe09
7494c073e40306a7e142c5b3,relevance,informative,0.5219,0.0897,0.8,needs_review,https://x.com/i/status/2104670045301350547
7494c073e40306a7e142c5b3,event,other,0.4197,0.256,0.8,needs_review,https://x.com/i/status/2104670045301350547
7494c073e40306a7e142c5b3,claim,announcement,0.9764,0.9205,0.8,accepted,https://x.com/i/status/2104670045301350547
7494c073e40306a7e142c5b3,tone,positive,0.4563,0.135,0.8,needs_review,https://x.com/i/status/2104670045301350547
7494c073e40306a7e142c5b3,importance,insufficient,0.6289,0.2516,0.8,insufficient,https://x.com/i/status/2104670045301350547
7494c073e40306a7e142c5b3,urgency,none,0.6858,0.3433,0.8,needs_review,https://x.com/i/status/2104670045301350547
7494c073e40306a7e142c5b3,promotion,promotional,0.6946,0.3145,0.8,needs_review,https://x.com/i/status/2104670045301350547
7494c073e40306a7e142c5b3,token_reference,absent,0.4349,0.03,0.8,needs_review,https://x.com/i/status/2104670045301350547
7494c073e40306a7e142c5b3,narrative_object,absent,0.7099,0.4004,0.8,needs_review,https://x.com/i/status/2104670045301350547
7494c073e40306a7e142c5b3,context_dependence,standalone,0.5223,0.0687,0.8,needs_review,https://x.com/i/status/2104670045301350547
28720d8480dae335cbd41518,relevance,insufficient,0.6705,0.2155,0.8,insufficient,https://x.com/i/status/2104670037625696407
28720d8480dae335cbd41518,event,incident,0.9156,0.8069,0.8,accepted,https://x.com/i/status/2104670037625696407
28720d8480dae335cbd41518,claim,announcement,0.8628,0.6636,0.8,accepted,https://x.com/i/status/2104670037625696407
28720d8480dae335cbd41518,tone,negative,0.5243,0.2002,0.8,needs_review,https://x.com/i/status/2104670037625696407
28720d8480dae335cbd41518,importance,insufficient,0.4061,0.0578,0.8,insufficient,https://x.com/i/status/2104670037625696407
28720d8480dae335cbd41518,urgency,none,0.4211,0.1306,0.8,needs_review,https://x.com/i/status/2104670037625696407
28720d8480dae335cbd41518,promotion,insufficient,0.446,0.0717,0.8,insufficient,https://x.com/i/status/2104670037625696407
28720d8480dae335cbd41518,token_reference,absent,0.8813,0.5941,0.8,accepted,https://x.com/i/status/2104670037625696407
28720d8480dae335cbd41518,narrative_object,absent,0.8365,0.607,0.8,accepted,https://x.com/i/status/2104670037625696407
28720d8480dae335cbd41518,context_dependence,insufficient,0.5708,0.1154,0.8,insufficient,https://x.com/i/status/2104670037625696407
b4dba7d8e755a21b1274ebd9,relevance,insufficient,0.7035,0.2599,0.8,insufficient,https://x.com/i/status/2104670028771590425
b4dba7d8e755a21b1274ebd9,event,other,0.5187,0.2843,0.8,needs_review,https://x.com/i/status/2104670028771590425
b4dba7d8e755a21b1274ebd9,claim,announcement,0.9584,0.8786,0.8,accepted,https://x.com/i/status/2104670028771590425
b4dba7d8e755a21b1274ebd9,tone,insufficient,0.334,0.0733,0.8,insufficient,https://x.com/i/status/2104670028771590425
b4dba7d8e755a21b1274ebd9,importance,insufficient,0.6252,0.2437,0.8,insufficient,https://x.com/i/status/2104670028771590425
b4dba7d8e755a21b1274ebd9,urgency,none,0.6007,0.2899,0.8,needs_review,https://x.com/i/status/2104670028771590425
b4dba7d8e755a21b1274ebd9,promotion,insufficient,0.4952,0.112,0.8,insufficient,https://x.com/i/status/2104670028771590425
b4dba7d8e755a21b1274ebd9,token_reference,absent,0.8874,0.6105,0.8,accepted,https://x.com/i/status/2104670028771590425
b4dba7d8e755a21b1274ebd9,narrative_object,absent,0.5467,0.273,0.8,needs_review,https://x.com/i/status/2104670028771590425
b4dba7d8e755a21b1274ebd9,context_dependence,insufficient,0.5135,0.0647,0.8,insufficient,https://x.com/i/status/2104670028771590425
16b8d5812774c376e93b9909,relevance,informative,0.6008,0.1488,0.8,needs_review,https://github.com/Shopify/theme-tools/commit/6a9d7a44bfb4489cef37ab52eed7f638fbe9bf3c
16b8d5812774c376e93b9909,event,technical,0.8613,0.6967,0.8,accepted,https://github.com/Shopify/theme-tools/commit/6a9d7a44bfb4489cef37ab52eed7f638fbe9bf3c
16b8d5812774c376e93b9909,claim,insufficient,0.2317,0.0422,0.8,insufficient,https://github.com/Shopify/theme-tools/commit/6a9d7a44bfb4489cef37ab52eed7f638fbe9bf3c
16b8d5812774c376e93b9909,tone,neutral,0.3743,0.105,0.8,needs_review,https://github.com/Shopify/theme-tools/commit/6a9d7a44bfb4489cef37ab52eed7f638fbe9bf3c
16b8d5812774c376e93b9909,importance,routine,0.3092,0.0146,0.8,needs_review,https://github.com/Shopify/theme-tools/commit/6a9d7a44bfb4489cef37ab52eed7f638fbe9bf3c
16b8d5812774c376e93b9909,urgency,none,0.6363,0.2596,0.8,needs_review,https://github.com/Shopify/theme-tools/commit/6a9d7a44bfb4489cef37ab52eed7f638fbe9bf3c
16b8d5812774c376e93b9909,promotion,informational,0.4019,0.0759,0.8,needs_review,https://github.com/Shopify/theme-tools/commit/6a9d7a44bfb4489cef37ab52eed7f638fbe9bf3c
16b8d5812774c376e93b9909,token_reference,absent,0.7924,0.4051,0.8,needs_review,https://github.com/Shopify/theme-tools/commit/6a9d7a44bfb4489cef37ab52eed7f638fbe9bf3c
16b8d5812774c376e93b9909,narrative_object,absent,0.3598,0.1177,0.8,needs_review,https://github.com/Shopify/theme-tools/commit/6a9d7a44bfb4489cef37ab52eed7f638fbe9bf3c
16b8d5812774c376e93b9909,context_dependence,standalone,0.4648,0.0428,0.8,needs_review,https://github.com/Shopify/theme-tools/commit/6a9d7a44bfb4489cef37ab52eed7f638fbe9bf3c
bffb245e5d21040385eaf2b7,relevance,insufficient,0.6475,0.1894,0.8,insufficient,https://github.com/NVIDIA/NemoClaw/commit/a2a2edae928443af611682a35d0ce495cc7457ac
bffb245e5d21040385eaf2b7,event,technical,0.588,0.517,0.8,needs_review,https://github.com/NVIDIA/NemoClaw/commit/a2a2edae928443af611682a35d0ce495cc7457ac
bffb245e5d21040385eaf2b7,claim,correction,0.4392,0.301,0.8,needs_review,https://github.com/NVIDIA/NemoClaw/commit/a2a2edae928443af611682a35d0ce495cc7457ac
bffb245e5d21040385eaf2b7,tone,insufficient,0.3625,0.1425,0.8,insufficient,https://github.com/NVIDIA/NemoClaw/commit/a2a2edae928443af611682a35d0ce495cc7457ac
bffb245e5d21040385eaf2b7,importance,routine,0.4717,0.1525,0.8,needs_review,https://github.com/NVIDIA/NemoClaw/commit/a2a2edae928443af611682a35d0ce495cc7457ac
bffb245e5d21040385eaf2b7,urgency,none,0.685,0.3403,0.8,needs_review,https://github.com/NVIDIA/NemoClaw/commit/a2a2edae928443af611682a35d0ce495cc7457ac
bffb245e5d21040385eaf2b7,promotion,insufficient,0.441,0.1032,0.8,insufficient,https://github.com/NVIDIA/NemoClaw/commit/a2a2edae928443af611682a35d0ce495cc7457ac
bffb245e5d21040385eaf2b7,token_reference,absent,0.8723,0.5729,0.8,accepted,https://github.com/NVIDIA/NemoClaw/commit/a2a2edae928443af611682a35d0ce495cc7457ac
bffb245e5d21040385eaf2b7,narrative_object,absent,0.7875,0.5193,0.8,needs_review,https://github.com/NVIDIA/NemoClaw/commit/a2a2edae928443af611682a35d0ce495cc7457ac
bffb245e5d21040385eaf2b7,context_dependence,insufficient,0.5134,0.0826,0.8,insufficient,https://github.com/NVIDIA/NemoClaw/commit/a2a2edae928443af611682a35d0ce495cc7457ac
5eb59786750ebd6c4950edd6,relevance,insufficient,0.4565,0.0516,0.8,insufficient,https://github.com/intel/llvm/commit/8d752fbc26fe62687b8005438c66e55191fb2db3
5eb59786750ebd6c4950edd6,event,technical,0.9807,0.9389,0.8,accepted,https://github.com/intel/llvm/commit/8d752fbc26fe62687b8005438c66e55191fb2db3
5eb59786750ebd6c4950edd6,claim,insufficient,0.5407,0.3153,0.8,insufficient,https://github.com/intel/llvm/commit/8d752fbc26fe62687b8005438c66e55191fb2db3
5eb59786750ebd6c4950edd6,tone,neutral,0.3503,0.0958,0.8,needs_review,https://github.com/intel/llvm/commit/8d752fbc26fe62687b8005438c66e55191fb2db3
5eb59786750ebd6c4950edd6,importance,project,0.5541,0.1524,0.8,needs_review,https://github.com/intel/llvm/commit/8d752fbc26fe62687b8005438c66e55191fb2db3
5eb59786750ebd6c4950edd6,urgency,none,0.6573,0.3145,0.8,needs_review,https://github.com/intel/llvm/commit/8d752fbc26fe62687b8005438c66e55191fb2db3
5eb59786750ebd6c4950edd6,promotion,insufficient,0.4255,0.0735,0.8,insufficient,https://github.com/intel/llvm/commit/8d752fbc26fe62687b8005438c66e55191fb2db3
5eb59786750ebd6c4950edd6,token_reference,absent,0.8602,0.5444,0.8,accepted,https://github.com/intel/llvm/commit/8d752fbc26fe62687b8005438c66e55191fb2db3
5eb59786750ebd6c4950edd6,narrative_object,product,0.5102,0.2548,0.8,needs_review,https://github.com/intel/llvm/commit/8d752fbc26fe62687b8005438c66e55191fb2db3
5eb59786750ebd6c4950edd6,context_dependence,standalone,0.5604,0.0985,0.8,needs_review,https://github.com/intel/llvm/commit/8d752fbc26fe62687b8005438c66e55191fb2db3
186a97f4a6c64fc57d0dfe58,relevance,insufficient,0.4636,0.0374,0.8,insufficient,https://github.com/microsoft/vscode/commit/ee042590ad1413d899bd1aa055808b55567dc8cd
186a97f4a6c64fc57d0dfe58,event,technical,0.9609,0.8874,0.8,accepted,https://github.com/microsoft/vscode/commit/ee042590ad1413d899bd1aa055808b55567dc8cd
186a97f4a6c64fc57d0dfe58,claim,insufficient,0.4693,0.2695,0.8,insufficient,https://github.com/microsoft/vscode/commit/ee042590ad1413d899bd1aa055808b55567dc8cd
186a97f4a6c64fc57d0dfe58,tone,insufficient,0.3666,0.1271,0.8,insufficient,https://github.com/microsoft/vscode/commit/ee042590ad1413d899bd1aa055808b55567dc8cd
186a97f4a6c64fc57d0dfe58,importance,project,0.3803,0.0315,0.8,needs_review,https://github.com/microsoft/vscode/commit/ee042590ad1413d899bd1aa055808b55567dc8cd
186a97f4a6c64fc57d0dfe58,urgency,none,0.645,0.2816,0.8,needs_review,https://github.com/microsoft/vscode/commit/ee042590ad1413d899bd1aa055808b55567dc8cd
186a97f4a6c64fc57d0dfe58,promotion,insufficient,0.4434,0.0807,0.8,insufficient,https://github.com/microsoft/vscode/commit/ee042590ad1413d899bd1aa055808b55567dc8cd
186a97f4a6c64fc57d0dfe58,token_reference,absent,0.8525,0.5287,0.8,accepted,https://github.com/microsoft/vscode/commit/ee042590ad1413d899bd1aa055808b55567dc8cd
186a97f4a6c64fc57d0dfe58,narrative_object,product,0.4279,0.1495,0.8,needs_review,https://github.com/microsoft/vscode/commit/ee042590ad1413d899bd1aa055808b55567dc8cd
186a97f4a6c64fc57d0dfe58,context_dependence,standalone,0.3605,0.0023,0.8,needs_review,https://github.com/microsoft/vscode/commit/ee042590ad1413d899bd1aa055808b55567dc8cd
9ebdbb5b11b3740c0fda3f42,relevance,insufficient,0.4996,0.0922,0.8,needs_review,https://finance.yahoo.com/technology/ai/articles/trane-technologies-expands-system-architecture-203000710.html
9ebdbb5b11b3740c0fda3f42,event,technical,0.6164,0.5907,0.8,needs_review,https://finance.yahoo.com/technology/ai/articles/trane-technologies-expands-system-architecture-203000710.html
9ebdbb5b11b3740c0fda3f42,claim,announcement,0.9869,0.9523,0.8,needs_review,https://finance.yahoo.com/technology/ai/articles/trane-technologies-expands-system-architecture-203000710.html
9ebdbb5b11b3740c0fda3f42,tone,positive,0.4875,0.1619,0.8,needs_review,https://finance.yahoo.com/technology/ai/articles/trane-technologies-expands-system-architecture-203000710.html
9ebdbb5b11b3740c0fda3f42,importance,project,0.4977,0.1467,0.8,needs_review,https://finance.yahoo.com/technology/ai/articles/trane-technologies-expands-system-architecture-203000710.html
9ebdbb5b11b3740c0fda3f42,urgency,none,0.463,0.122,0.8,needs_review,https://finance.yahoo.com/technology/ai/articles/trane-technologies-expands-system-architecture-203000710.html
9ebdbb5b11b3740c0fda3f42,promotion,promotional,0.4161,0.0563,0.8,needs_review,https://finance.yahoo.com/technology/ai/articles/trane-technologies-expands-system-architecture-203000710.html
9ebdbb5b11b3740c0fda3f42,token_reference,explicit,0.3801,0.0093,0.8,needs_review,https://finance.yahoo.com/technology/ai/articles/trane-technologies-expands-system-architecture-203000710.html
9ebdbb5b11b3740c0fda3f42,narrative_object,product,0.7195,0.4449,0.8,needs_review,https://finance.yahoo.com/technology/ai/articles/trane-technologies-expands-system-architecture-203000710.html
9ebdbb5b11b3740c0fda3f42,context_dependence,standalone,0.4682,0.0356,0.8,needs_review,https://finance.yahoo.com/technology/ai/articles/trane-technologies-expands-system-architecture-203000710.html
10234d87208b862f86326a14,relevance,insufficient,0.5879,0.1235,0.8,insufficient,https://x.com/i/status/2104669980390314161
10234d87208b862f86326a14,event,launch,0.4172,0.2356,0.8,needs_review,https://x.com/i/status/2104669980390314161
10234d87208b862f86326a14,claim,announcement,0.9141,0.7779,0.8,accepted,https://x.com/i/status/2104669980390314161
10234d87208b862f86326a14,tone,positive,0.494,0.1696,0.8,needs_review,https://x.com/i/status/2104669980390314161
10234d87208b862f86326a14,importance,project,0.4178,0.0559,0.8,needs_review,https://x.com/i/status/2104669980390314161
10234d87208b862f86326a14,urgency,none,0.5532,0.1923,0.8,needs_review,https://x.com/i/status/2104669980390314161
10234d87208b862f86326a14,promotion,promotional,0.4642,0.0785,0.8,needs_review,https://x.com/i/status/2104669980390314161
10234d87208b862f86326a14,token_reference,absent,0.719,0.2862,0.8,needs_review,https://x.com/i/status/2104669980390314161
10234d87208b862f86326a14,narrative_object,cultural,0.4798,0.277,0.8,needs_review,https://x.com/i/status/2104669980390314161
10234d87208b862f86326a14,context_dependence,insufficient,0.3512,0.0015,0.8,insufficient,https://x.com/i/status/2104669980390314161
88a8970faa9aebbfc7230dae,relevance,insufficient,0.6575,0.1989,0.8,insufficient,https://x.com/i/status/2104669979887181921
88a8970faa9aebbfc7230dae,event,technical,0.3873,0.292,0.8,needs_review,https://x.com/i/status/2104669979887181921
88a8970faa9aebbfc7230dae,claim,announcement,0.9497,0.85,0.8,accepted,https://x.com/i/status/2104669979887181921
88a8970faa9aebbfc7230dae,tone,positive,0.5336,0.2002,0.8,needs_review,https://x.com/i/status/2104669979887181921
88a8970faa9aebbfc7230dae,importance,insufficient,0.2892,0.0239,0.8,insufficient,https://x.com/i/status/2104669979887181921
88a8970faa9aebbfc7230dae,urgency,none,0.607,0.2546,0.8,needs_review,https://x.com/i/status/2104669979887181921
88a8970faa9aebbfc7230dae,promotion,insufficient,0.3864,0.0508,0.8,insufficient,https://x.com/i/status/2104669979887181921
88a8970faa9aebbfc7230dae,token_reference,absent,0.7904,0.403,0.8,needs_review,https://x.com/i/status/2104669979887181921
88a8970faa9aebbfc7230dae,narrative_object,cultural,0.4585,0.2725,0.8,needs_review,https://x.com/i/status/2104669979887181921
88a8970faa9aebbfc7230dae,context_dependence,insufficient,0.3866,0.0234,0.8,insufficient,https://x.com/i/status/2104669979887181921
bbee74928d5760c9da26413d,relevance,insufficient,0.4657,0.0609,0.8,insufficient,https://x.com/i/status/2104669979857838418
bbee74928d5760c9da26413d,event,launch,0.9083,0.7988,0.8,accepted,https://x.com/i/status/2104669979857838418
bbee74928d5760c9da26413d,claim,announcement,0.9954,0.9805,0.8,accepted,https://x.com/i/status/2104669979857838418
bbee74928d5760c9da26413d,tone,neutral,0.2876,0.0728,0.8,needs_review,https://x.com/i/status/2104669979857838418
bbee74928d5760c9da26413d,importance,project,0.4449,0.1094,0.8,needs_review,https://x.com/i/status/2104669979857838418
bbee74928d5760c9da26413d,urgency,immediate,0.4272,0.1024,0.8,needs_review,https://x.com/i/status/2104669979857838418
bbee74928d5760c9da26413d,promotion,promotional,0.5886,0.1896,0.8,needs_review,https://x.com/i/status/2104669979857838418
bbee74928d5760c9da26413d,token_reference,absent,0.7711,0.3659,0.8,needs_review,https://x.com/i/status/2104669979857838418
bbee74928d5760c9da26413d,narrative_object,absent,0.7134,0.4294,0.8,needs_review,https://x.com/i/status/2104669979857838418
bbee74928d5760c9da26413d,context_dependence,standalone,0.4173,0.0193,0.8,needs_review,https://x.com/i/status/2104669979857838418
3d9ef1824d5bbfd27bdf0fad,relevance,insufficient,0.6395,0.1867,0.8,insufficient,https://x.com/i/status/2104669977592967284
3d9ef1824d5bbfd27bdf0fad,event,other,0.4189,0.3918,0.8,needs_review,https://x.com/i/status/2104669977592967284
3d9ef1824d5bbfd27bdf0fad,claim,announcement,0.7553,0.5683,0.8,needs_review,https://x.com/i/status/2104669977592967284
3d9ef1824d5bbfd27bdf0fad,tone,insufficient,0.3693,0.1242,0.8,insufficient,https://x.com/i/status/2104669977592967284
3d9ef1824d5bbfd27bdf0fad,importance,insufficient,0.6122,0.213,0.8,insufficient,https://x.com/i/status/2104669977592967284
3d9ef1824d5bbfd27bdf0fad,urgency,none,0.6189,0.296,0.8,needs_review,https://x.com/i/status/2104669977592967284
3d9ef1824d5bbfd27bdf0fad,promotion,informational,0.3396,0.0442,0.8,needs_review,https://x.com/i/status/2104669977592967284
3d9ef1824d5bbfd27bdf0fad,token_reference,absent,0.8186,0.4562,0.8,accepted,https://x.com/i/status/2104669977592967284
3d9ef1824d5bbfd27bdf0fad,narrative_object,absent,0.5675,0.2544,0.8,needs_review,https://x.com/i/status/2104669977592967284
3d9ef1824d5bbfd27bdf0fad,context_dependence,insufficient,0.502,0.08,0.8,insufficient,https://x.com/i/status/2104669977592967284
303fb04816da075cdc82f824,relevance,informative,0.4544,0.043,0.8,needs_review,https://github.com/NVIDIA/Personal-AI-Router/commit/bdd010c2c28d2882543590503f525133775b145b
303fb04816da075cdc82f824,event,launch,0.9772,0.9322,0.8,accepted,https://github.com/NVIDIA/Personal-AI-Router/commit/bdd010c2c28d2882543590503f525133775b145b
303fb04816da075cdc82f824,claim,announcement,0.9944,0.9766,0.8,accepted,https://github.com/NVIDIA/Personal-AI-Router/commit/bdd010c2c28d2882543590503f525133775b145b
303fb04816da075cdc82f824,tone,insufficient,0.3408,0.0917,0.8,insufficient,https://github.com/NVIDIA/Personal-AI-Router/commit/bdd010c2c28d2882543590503f525133775b145b
303fb04816da075cdc82f824,importance,routine,0.4428,0.1027,0.8,needs_review,https://github.com/NVIDIA/Personal-AI-Router/commit/bdd010c2c28d2882543590503f525133775b145b
303fb04816da075cdc82f824,urgency,none,0.4397,0.1216,0.8,needs_review,https://github.com/NVIDIA/Personal-AI-Router/commit/bdd010c2c28d2882543590503f525133775b145b
303fb04816da075cdc82f824,promotion,insufficient,0.5316,0.1311,0.8,insufficient,https://github.com/NVIDIA/Personal-AI-Router/commit/bdd010c2c28d2882543590503f525133775b145b
303fb04816da075cdc82f824,token_reference,absent,0.8225,0.465,0.8,accepted,https://github.com/NVIDIA/Personal-AI-Router/commit/bdd010c2c28d2882543590503f525133775b145b
303fb04816da075cdc82f824,narrative_object,absent,0.5019,0.2104,0.8,needs_review,https://github.com/NVIDIA/Personal-AI-Router/commit/bdd010c2c28d2882543590503f525133775b145b
303fb04816da075cdc82f824,context_dependence,standalone,0.48,0.0434,0.8,needs_review,https://github.com/NVIDIA/Personal-AI-Router/commit/bdd010c2c28d2882543590503f525133775b145b
5d0d1b03e2794038067e05ba,relevance,insufficient,0.494,0.0546,0.8,insufficient,https://github.com/facebook/astryx/commit/6a8906811321bbe710d82c0ba7fac96a47807dcc
5d0d1b03e2794038067e05ba,event,other,0.6545,0.5619,0.8,needs_review,https://github.com/facebook/astryx/commit/6a8906811321bbe710d82c0ba7fac96a47807dcc
5d0d1b03e2794038067e05ba,claim,announcement,0.4605,0.3107,0.8,needs_review,https://github.com/facebook/astryx/commit/6a8906811321bbe710d82c0ba7fac96a47807dcc
5d0d1b03e2794038067e05ba,tone,insufficient,0.3839,0.1403,0.8,insufficient,https://github.com/facebook/astryx/commit/6a8906811321bbe710d82c0ba7fac96a47807dcc
5d0d1b03e2794038067e05ba,importance,insufficient,0.4365,0.1207,0.8,insufficient,https://github.com/facebook/astryx/commit/6a8906811321bbe710d82c0ba7fac96a47807dcc
5d0d1b03e2794038067e05ba,urgency,none,0.6552,0.2977,0.8,needs_review,https://github.com/facebook/astryx/commit/6a8906811321bbe710d82c0ba7fac96a47807dcc
5d0d1b03e2794038067e05ba,promotion,insufficient,0.3515,0.0327,0.8,insufficient,https://github.com/facebook/astryx/commit/6a8906811321bbe710d82c0ba7fac96a47807dcc
5d0d1b03e2794038067e05ba,token_reference,absent,0.8976,0.6348,0.8,accepted,https://github.com/facebook/astryx/commit/6a8906811321bbe710d82c0ba7fac96a47807dcc
5d0d1b03e2794038067e05ba,narrative_object,absent,0.8874,0.6908,0.8,accepted,https://github.com/facebook/astryx/commit/6a8906811321bbe710d82c0ba7fac96a47807dcc
5d0d1b03e2794038067e05ba,context_dependence,standalone,0.4648,0.0431,0.8,needs_review,https://github.com/facebook/astryx/commit/6a8906811321bbe710d82c0ba7fac96a47807dcc
82b296679559d992e638355c,relevance,insufficient,0.563,0.1378,0.8,insufficient,https://github.com/NVIDIA/k8s-nim-operator/commit/5697294533d023f05015420adbd74c0f4e7b0a5d
82b296679559d992e638355c,event,technical,0.9747,0.9234,0.8,accepted,https://github.com/NVIDIA/k8s-nim-operator/commit/5697294533d023f05015420adbd74c0f4e7b0a5d
82b296679559d992e638355c,claim,announcement,0.4254,0.3473,0.8,needs_review,https://github.com/NVIDIA/k8s-nim-operator/commit/5697294533d023f05015420adbd74c0f4e7b0a5d
82b296679559d992e638355c,tone,insufficient,0.4211,0.1589,0.8,insufficient,https://github.com/NVIDIA/k8s-nim-operator/commit/5697294533d023f05015420adbd74c0f4e7b0a5d
82b296679559d992e638355c,importance,project,0.462,0.1284,0.8,needs_review,https://github.com/NVIDIA/k8s-nim-operator/commit/5697294533d023f05015420adbd74c0f4e7b0a5d
82b296679559d992e638355c,urgency,none,0.6083,0.2785,0.8,needs_review,https://github.com/NVIDIA/k8s-nim-operator/commit/5697294533d023f05015420adbd74c0f4e7b0a5d
82b296679559d992e638355c,promotion,insufficient,0.4174,0.0831,0.8,insufficient,https://github.com/NVIDIA/k8s-nim-operator/commit/5697294533d023f05015420adbd74c0f4e7b0a5d
82b296679559d992e638355c,token_reference,absent,0.8311,0.4829,0.8,accepted,https://github.com/NVIDIA/k8s-nim-operator/commit/5697294533d023f05015420adbd74c0f4e7b0a5d
82b296679559d992e638355c,narrative_object,absent,0.5684,0.2611,0.8,needs_review,https://github.com/NVIDIA/k8s-nim-operator/commit/5697294533d023f05015420adbd74c0f4e7b0a5d
82b296679559d992e638355c,context_dependence,standalone,0.405,0.0215,0.8,needs_review,https://github.com/NVIDIA/k8s-nim-operator/commit/5697294533d023f05015420adbd74c0f4e7b0a5d
b133044bed21ea6172c75fd3,relevance,insufficient,0.5296,0.0859,0.8,needs_review,https://x.com/i/status/2104669906574733655
b133044bed21ea6172c75fd3,event,other,0.7331,0.4727,0.8,needs_review,https://x.com/i/status/2104669906574733655
b133044bed21ea6172c75fd3,claim,insufficient,0.3718,0.1639,0.8,needs_review,https://x.com/i/status/2104669906574733655
b133044bed21ea6172c75fd3,tone,neutral,0.3078,0.1036,0.8,needs_review,https://x.com/i/status/2104669906574733655
b133044bed21ea6172c75fd3,importance,insufficient,0.7532,0.4021,0.8,needs_review,https://x.com/i/status/2104669906574733655
b133044bed21ea6172c75fd3,urgency,none,0.744,0.4173,0.8,needs_review,https://x.com/i/status/2104669906574733655
b133044bed21ea6172c75fd3,promotion,insufficient,0.4532,0.07,0.8,needs_review,https://x.com/i/status/2104669906574733655
b133044bed21ea6172c75fd3,token_reference,absent,0.6207,0.1794,0.8,needs_review,https://x.com/i/status/2104669906574733655
b133044bed21ea6172c75fd3,narrative_object,absent,0.5909,0.2986,0.8,needs_review,https://x.com/i/status/2104669906574733655
b133044bed21ea6172c75fd3,context_dependence,standalone,0.4838,0.0591,0.8,needs_review,https://x.com/i/status/2104669906574733655
45a16b0c4dc66caf97f2c6ea,relevance,insufficient,0.4845,0.0843,0.8,needs_review,https://www.fool.com/coverage/better-buy/2026/09/28/broadcom-vs-marvell-technology-which-semiconductor-stock-is-a-better-buy-in-2026/
45a16b0c4dc66caf97f2c6ea,event,technical,0.6097,0.3457,0.8,needs_review,https://www.fool.com/coverage/better-buy/2026/09/28/broadcom-vs-marvell-technology-which-semiconductor-stock-is-a-better-buy-in-2026/
45a16b0c4dc66caf97f2c6ea,claim,insufficient,0.4217,0.1629,0.8,needs_review,https://www.fool.com/coverage/better-buy/2026/09/28/broadcom-vs-marvell-technology-which-semiconductor-stock-is-a-better-buy-in-2026/
45a16b0c4dc66caf97f2c6ea,tone,insufficient,0.3148,0.082,0.8,needs_review,https://www.fool.com/coverage/better-buy/2026/09/28/broadcom-vs-marvell-technology-which-semiconductor-stock-is-a-better-buy-in-2026/
45a16b0c4dc66caf97f2c6ea,importance,project,0.3552,0.0946,0.8,needs_review,https://www.fool.com/coverage/better-buy/2026/09/28/broadcom-vs-marvell-technology-which-semiconductor-stock-is-a-better-buy-in-2026/
45a16b0c4dc66caf97f2c6ea,urgency,none,0.7059,0.3762,0.8,needs_review,https://www.fool.com/coverage/better-buy/2026/09/28/broadcom-vs-marvell-technology-which-semiconductor-stock-is-a-better-buy-in-2026/
45a16b0c4dc66caf97f2c6ea,promotion,insufficient,0.3626,0.028,0.8,needs_review,https://www.fool.com/coverage/better-buy/2026/09/28/broadcom-vs-marvell-technology-which-semiconductor-stock-is-a-better-buy-in-2026/
45a16b0c4dc66caf97f2c6ea,token_reference,absent,0.6009,0.1359,0.8,needs_review,https://www.fool.com/coverage/better-buy/2026/09/28/broadcom-vs-marvell-technology-which-semiconductor-stock-is-a-better-buy-in-2026/
45a16b0c4dc66caf97f2c6ea,narrative_object,product,0.8453,0.6329,0.8,needs_review,https://www.fool.com/coverage/better-buy/2026/09/28/broadcom-vs-marvell-technology-which-semiconductor-stock-is-a-better-buy-in-2026/
45a16b0c4dc66caf97f2c6ea,context_dependence,standalone,0.417,0.0164,0.8,needs_review,https://www.fool.com/coverage/better-buy/2026/09/28/broadcom-vs-marvell-technology-which-semiconductor-stock-is-a-better-buy-in-2026/
d186c764551fb7f0f6349a1d,relevance,informative,0.5311,0.1022,0.8,needs_review,https://x.com/i/status/2104668079242518767
d186c764551fb7f0f6349a1d,event,partnership,0.398,0.3918,0.8,needs_review,https://x.com/i/status/2104668079242518767
d186c764551fb7f0f6349a1d,claim,announcement,0.9762,0.9204,0.8,accepted,https://x.com/i/status/2104668079242518767
d186c764551fb7f0f6349a1d,tone,positive,0.5894,0.2449,0.8,needs_review,https://x.com/i/status/2104668079242518767
d186c764551fb7f0f6349a1d,importance,project,0.4202,0.0543,0.8,needs_review,https://x.com/i/status/2104668079242518767
d186c764551fb7f0f6349a1d,urgency,none,0.5201,0.121,0.8,needs_review,https://x.com/i/status/2104668079242518767
d186c764551fb7f0f6349a1d,promotion,promotional,0.5623,0.1651,0.8,needs_review,https://x.com/i/status/2104668079242518767
d186c764551fb7f0f6349a1d,token_reference,absent,0.5331,0.0769,0.8,needs_review,https://x.com/i/status/2104668079242518767
d186c764551fb7f0f6349a1d,narrative_object,product,0.3788,0.0874,0.8,needs_review,https://x.com/i/status/2104668079242518767
d186c764551fb7f0f6349a1d,context_dependence,dependent,0.4156,0.0245,0.8,needs_review,https://x.com/i/status/2104668079242518767
1333a22bf55316961d58f43f,relevance,insufficient,0.5839,0.1211,0.8,insufficient,https://github.com/IBM/simrun/commit/e074fbc35da5ce13ee3ec66e8d49bc04ea42e293
1333a22bf55316961d58f43f,event,technical,0.9856,0.9523,0.8,accepted,https://github.com/IBM/simrun/commit/e074fbc35da5ce13ee3ec66e8d49bc04ea42e293
1333a22bf55316961d58f43f,claim,correction,0.4547,0.3392,0.8,needs_review,https://github.com/IBM/simrun/commit/e074fbc35da5ce13ee3ec66e8d49bc04ea42e293
1333a22bf55316961d58f43f,tone,insufficient,0.3679,0.1228,0.8,insufficient,https://github.com/IBM/simrun/commit/e074fbc35da5ce13ee3ec66e8d49bc04ea42e293
1333a22bf55316961d58f43f,importance,insufficient,0.4302,0.0874,0.8,insufficient,https://github.com/IBM/simrun/commit/e074fbc35da5ce13ee3ec66e8d49bc04ea42e293
1333a22bf55316961d58f43f,urgency,none,0.6537,0.3202,0.8,needs_review,https://github.com/IBM/simrun/commit/e074fbc35da5ce13ee3ec66e8d49bc04ea42e293
1333a22bf55316961d58f43f,promotion,insufficient,0.5162,0.1461,0.8,insufficient,https://github.com/IBM/simrun/commit/e074fbc35da5ce13ee3ec66e8d49bc04ea42e293
1333a22bf55316961d58f43f,token_reference,absent,0.8342,0.4901,0.8,accepted,https://github.com/IBM/simrun/commit/e074fbc35da5ce13ee3ec66e8d49bc04ea42e293
1333a22bf55316961d58f43f,narrative_object,absent,0.5156,0.2075,0.8,needs_review,https://github.com/IBM/simrun/commit/e074fbc35da5ce13ee3ec66e8d49bc04ea42e293
1333a22bf55316961d58f43f,context_dependence,standalone,0.4549,0.0438,0.8,needs_review,https://github.com/IBM/simrun/commit/e074fbc35da5ce13ee3ec66e8d49bc04ea42e293
ae5348c1fc2ffac586eb5e1b,relevance,informative,0.4502,0.0612,0.8,needs_review,https://x.com/i/status/2104669846181159029
ae5348c1fc2ffac586eb5e1b,event,partnership,0.8704,0.7441,0.8,accepted,https://x.com/i/status/2104669846181159029
ae5348c1fc2ffac586eb5e1b,claim,announcement,0.9043,0.7604,0.8,accepted,https://x.com/i/status/2104669846181159029
ae5348c1fc2ffac586eb5e1b,tone,positive,0.5496,0.2118,0.8,needs_review,https://x.com/i/status/2104669846181159029
ae5348c1fc2ffac586eb5e1b,importance,project,0.4388,0.0818,0.8,needs_review,https://x.com/i/status/2104669846181159029
ae5348c1fc2ffac586eb5e1b,urgency,none,0.5712,0.1686,0.8,needs_review,https://x.com/i/status/2104669846181159029
ae5348c1fc2ffac586eb5e1b,promotion,promotional,0.6757,0.2913,0.8,needs_review,https://x.com/i/status/2104669846181159029
ae5348c1fc2ffac586eb5e1b,token_reference,absent,0.697,0.2509,0.8,needs_review,https://x.com/i/status/2104669846181159029
ae5348c1fc2ffac586eb5e1b,narrative_object,product,0.7071,0.3909,0.8,needs_review,https://x.com/i/status/2104669846181159029
ae5348c1fc2ffac586eb5e1b,context_dependence,dependent,0.4034,0.0168,0.8,needs_review,https://x.com/i/status/2104669846181159029
efd43df0da2c09323eb0b02f,relevance,informative,0.4316,0.0511,0.8,needs_review,https://x.com/i/status/2104669811418825107
efd43df0da2c09323eb0b02f,event,technical,0.8721,0.6913,0.8,accepted,https://x.com/i/status/2104669811418825107
efd43df0da2c09323eb0b02f,claim,opinion,0.6596,0.3539,0.8,needs_review,https://x.com/i/status/2104669811418825107
efd43df0da2c09323eb0b02f,tone,negative,0.6225,0.2727,0.8,needs_review,https://x.com/i/status/2104669811418825107
efd43df0da2c09323eb0b02f,importance,sector,0.3225,0.0266,0.8,needs_review,https://x.com/i/status/2104669811418825107
efd43df0da2c09323eb0b02f,urgency,none,0.5198,0.1702,0.8,needs_review,https://x.com/i/status/2104669811418825107
efd43df0da2c09323eb0b02f,promotion,insufficient,0.3471,0.0364,0.8,insufficient,https://x.com/i/status/2104669811418825107
efd43df0da2c09323eb0b02f,token_reference,absent,0.6451,0.1858,0.8,needs_review,https://x.com/i/status/2104669811418825107
efd43df0da2c09323eb0b02f,narrative_object,cultural,0.3671,0.1018,0.8,needs_review,https://x.com/i/status/2104669811418825107
efd43df0da2c09323eb0b02f,context_dependence,standalone,0.4205,0.0466,0.8,needs_review,https://x.com/i/status/2104669811418825107
9f5a4c82dabb3a93cbafeb77,relevance,informative,0.572,0.1338,0.8,needs_review,https://x.com/i/status/2104669792586330227
9f5a4c82dabb3a93cbafeb77,event,launch,0.5167,0.3491,0.8,needs_review,https://x.com/i/status/2104669792586330227
9f5a4c82dabb3a93cbafeb77,claim,announcement,0.589,0.344,0.8,needs_review,https://x.com/i/status/2104669792586330227
9f5a4c82dabb3a93cbafeb77,tone,neutral,0.3217,0.0856,0.8,needs_review,https://x.com/i/status/2104669792586330227
9f5a4c82dabb3a93cbafeb77,importance,insufficient,0.7073,0.3347,0.8,insufficient,https://x.com/i/status/2104669792586330227
9f5a4c82dabb3a93cbafeb77,urgency,none,0.6914,0.3657,0.8,needs_review,https://x.com/i/status/2104669792586330227
9f5a4c82dabb3a93cbafeb77,promotion,promotional,0.4422,0.0919,0.8,needs_review,https://x.com/i/status/2104669792586330227
9f5a4c82dabb3a93cbafeb77,token_reference,absent,0.7184,0.2824,0.8,needs_review,https://x.com/i/status/2104669792586330227
9f5a4c82dabb3a93cbafeb77,narrative_object,absent,0.4137,0.1109,0.8,needs_review,https://x.com/i/status/2104669792586330227
9f5a4c82dabb3a93cbafeb77,context_dependence,standalone,0.4426,0.0366,0.8,needs_review,https://x.com/i/status/2104669792586330227
b69b1bdbedd3d268386c2b0a,relevance,informative,0.5375,0.1117,0.8,needs_review,https://github.com/google/gvisor/commit/86722500472c2c342b57458623fac764d8a71cca
b69b1bdbedd3d268386c2b0a,event,technical,0.9617,0.9052,0.8,accepted,https://github.com/google/gvisor/commit/86722500472c2c342b57458623fac764d8a71cca
b69b1bdbedd3d268386c2b0a,claim,announcement,0.5579,0.4522,0.8,needs_review,https://github.com/google/gvisor/commit/86722500472c2c342b57458623fac764d8a71cca
b69b1bdbedd3d268386c2b0a,tone,mixed,0.2844,0.0668,0.8,needs_review,https://github.com/google/gvisor/commit/86722500472c2c342b57458623fac764d8a71cca
b69b1bdbedd3d268386c2b0a,importance,project,0.4322,0.1492,0.8,needs_review,https://github.com/google/gvisor/commit/86722500472c2c342b57458623fac764d8a71cca
b69b1bdbedd3d268386c2b0a,urgency,none,0.6429,0.2615,0.8,needs_review,https://github.com/google/gvisor/commit/86722500472c2c342b57458623fac764d8a71cca
b69b1bdbedd3d268386c2b0a,promotion,insufficient,0.3637,0.0645,0.8,insufficient,https://github.com/google/gvisor/commit/86722500472c2c342b57458623fac764d8a71cca
b69b1bdbedd3d268386c2b0a,token_reference,absent,0.8578,0.541,0.8,accepted,https://github.com/google/gvisor/commit/86722500472c2c342b57458623fac764d8a71cca
b69b1bdbedd3d268386c2b0a,narrative_object,product,0.5196,0.3494,0.8,needs_review,https://github.com/google/gvisor/commit/86722500472c2c342b57458623fac764d8a71cca
b69b1bdbedd3d268386c2b0a,context_dependence,standalone,0.5285,0.0804,0.8,needs_review,https://github.com/google/gvisor/commit/86722500472c2c342b57458623fac764d8a71cca
9d145bbb0e0702c821ea119f,relevance,insufficient,0.3976,0.0191,0.8,insufficient,https://github.com/facebook/pyrefly/commit/e46f4f2c8f271bc3d1bdd7522095f07c0060a3c2
9d145bbb0e0702c821ea119f,event,technical,0.8805,0.777,0.8,accepted,https://github.com/facebook/pyrefly/commit/e46f4f2c8f271bc3d1bdd7522095f07c0060a3c2
9d145bbb0e0702c821ea119f,claim,correction,0.9485,0.8485,0.8,accepted,https://github.com/facebook/pyrefly/commit/e46f4f2c8f271bc3d1bdd7522095f07c0060a3c2
9d145bbb0e0702c821ea119f,tone,insufficient,0.3503,0.0658,0.8,insufficient,https://github.com/facebook/pyrefly/commit/e46f4f2c8f271bc3d1bdd7522095f07c0060a3c2
9d145bbb0e0702c821ea119f,importance,routine,0.4624,0.1014,0.8,needs_review,https://github.com/facebook/pyrefly/commit/e46f4f2c8f271bc3d1bdd7522095f07c0060a3c2
9d145bbb0e0702c821ea119f,urgency,none,0.4992,0.107,0.8,needs_review,https://github.com/facebook/pyrefly/commit/e46f4f2c8f271bc3d1bdd7522095f07c0060a3c2
9d145bbb0e0702c821ea119f,promotion,insufficient,0.4096,0.0464,0.8,insufficient,https://github.com/facebook/pyrefly/commit/e46f4f2c8f271bc3d1bdd7522095f07c0060a3c2
9d145bbb0e0702c821ea119f,token_reference,absent,0.7095,0.2812,0.8,needs_review,https://github.com/facebook/pyrefly/commit/e46f4f2c8f271bc3d1bdd7522095f07c0060a3c2
9d145bbb0e0702c821ea119f,narrative_object,product,0.4817,0.2193,0.8,needs_review,https://github.com/facebook/pyrefly/commit/e46f4f2c8f271bc3d1bdd7522095f07c0060a3c2
9d145bbb0e0702c821ea119f,context_dependence,standalone,0.4428,0.0236,0.8,needs_review,https://github.com/facebook/pyrefly/commit/e46f4f2c8f271bc3d1bdd7522095f07c0060a3c2
40be10de431896fbb4a04c93,relevance,insufficient,0.4579,0.0304,0.8,insufficient,https://github.com/alibaba/rtp-llm/commit/ec8de373ac5bc6cd06c3c22176debfeb4ab4469e
40be10de431896fbb4a04c93,event,technical,0.9157,0.8029,0.8,accepted,https://github.com/alibaba/rtp-llm/commit/ec8de373ac5bc6cd06c3c22176debfeb4ab4469e
40be10de431896fbb4a04c93,claim,announcement,0.9281,0.8008,0.8,accepted,https://github.com/alibaba/rtp-llm/commit/ec8de373ac5bc6cd06c3c22176debfeb4ab4469e
40be10de431896fbb4a04c93,tone,insufficient,0.3623,0.1537,0.8,insufficient,https://github.com/alibaba/rtp-llm/commit/ec8de373ac5bc6cd06c3c22176debfeb4ab4469e
40be10de431896fbb4a04c93,importance,routine,0.6204,0.2398,0.8,needs_review,https://github.com/alibaba/rtp-llm/commit/ec8de373ac5bc6cd06c3c22176debfeb4ab4469e
40be10de431896fbb4a04c93,urgency,scheduled,0.4719,0.2093,0.8,needs_review,https://github.com/alibaba/rtp-llm/commit/ec8de373ac5bc6cd06c3c22176debfeb4ab4469e
40be10de431896fbb4a04c93,promotion,insufficient,0.4503,0.1363,0.8,insufficient,https://github.com/alibaba/rtp-llm/commit/ec8de373ac5bc6cd06c3c22176debfeb4ab4469e
40be10de431896fbb4a04c93,token_reference,absent,0.8706,0.568,0.8,accepted,https://github.com/alibaba/rtp-llm/commit/ec8de373ac5bc6cd06c3c22176debfeb4ab4469e
40be10de431896fbb4a04c93,narrative_object,absent,0.8116,0.6253,0.8,accepted,https://github.com/alibaba/rtp-llm/commit/ec8de373ac5bc6cd06c3c22176debfeb4ab4469e
40be10de431896fbb4a04c93,context_dependence,standalone,0.4823,0.0639,0.8,needs_review,https://github.com/alibaba/rtp-llm/commit/ec8de373ac5bc6cd06c3c22176debfeb4ab4469e
a0127a71499eb07be7159347,relevance,,,,0.8,needs_review,https://github.com/ROCm/hrx-system/commit/cc8aedc8c3a8172e89755bacee8e1e36a3965a99
a0127a71499eb07be7159347,event,,,,0.8,needs_review,https://github.com/ROCm/hrx-system/commit/cc8aedc8c3a8172e89755bacee8e1e36a3965a99
a0127a71499eb07be7159347,claim,,,,0.8,needs_review,https://github.com/ROCm/hrx-system/commit/cc8aedc8c3a8172e89755bacee8e1e36a3965a99
a0127a71499eb07be7159347,tone,,,,0.8,needs_review,https://github.com/ROCm/hrx-system/commit/cc8aedc8c3a8172e89755bacee8e1e36a3965a99
a0127a71499eb07be7159347,importance,,,,0.8,needs_review,https://github.com/ROCm/hrx-system/commit/cc8aedc8c3a8172e89755bacee8e1e36a3965a99
a0127a71499eb07be7159347,urgency,,,,0.8,needs_review,https://github.com/ROCm/hrx-system/commit/cc8aedc8c3a8172e89755bacee8e1e36a3965a99
a0127a71499eb07be7159347,promotion,,,,0.8,needs_review,https://github.com/ROCm/hrx-system/commit/cc8aedc8c3a8172e89755bacee8e1e36a3965a99
a0127a71499eb07be7159347,token_reference,,,,0.8,needs_review,https://github.com/ROCm/hrx-system/commit/cc8aedc8c3a8172e89755bacee8e1e36a3965a99
a0127a71499eb07be7159347,narrative_object,,,,0.8,needs_review,https://github.com/ROCm/hrx-system/commit/cc8aedc8c3a8172e89755bacee8e1e36a3965a99
a0127a71499eb07be7159347,context_dependence,,,,0.8,needs_review,https://github.com/ROCm/hrx-system/commit/cc8aedc8c3a8172e89755bacee8e1e36a3965a99
872f0dc06a94dfa1b6c61dda,relevance,insufficient,0.5227,0.1039,0.8,insufficient,https://github.com/NVIDIA/SkillSpector/commit/7164f47686f408058696fafcf84c6d21ccc68de8
872f0dc06a94dfa1b6c61dda,event,technical,0.8685,0.7617,0.8,accepted,https://github.com/NVIDIA/SkillSpector/commit/7164f47686f408058696fafcf84c6d21ccc68de8
872f0dc06a94dfa1b6c61dda,claim,announcement,0.4273,0.27,0.8,needs_review,https://github.com/NVIDIA/SkillSpector/commit/7164f47686f408058696fafcf84c6d21ccc68de8
872f0dc06a94dfa1b6c61dda,tone,neutral,0.3404,0.1122,0.8,needs_review,https://github.com/NVIDIA/SkillSpector/commit/7164f47686f408058696fafcf84c6d21ccc68de8
872f0dc06a94dfa1b6c61dda,importance,routine,0.3777,0.0823,0.8,needs_review,https://github.com/NVIDIA/SkillSpector/commit/7164f47686f408058696fafcf84c6d21ccc68de8
872f0dc06a94dfa1b6c61dda,urgency,none,0.6767,0.3285,0.8,needs_review,https://github.com/NVIDIA/SkillSpector/commit/7164f47686f408058696fafcf84c6d21ccc68de8
872f0dc06a94dfa1b6c61dda,promotion,insufficient,0.4175,0.0836,0.8,insufficient,https://github.com/NVIDIA/SkillSpector/commit/7164f47686f408058696fafcf84c6d21ccc68de8
872f0dc06a94dfa1b6c61dda,token_reference,absent,0.79,0.4005,0.8,needs_review,https://github.com/NVIDIA/SkillSpector/commit/7164f47686f408058696fafcf84c6d21ccc68de8
872f0dc06a94dfa1b6c61dda,narrative_object,absent,0.8241,0.5766,0.8,accepted,https://github.com/NVIDIA/SkillSpector/commit/7164f47686f408058696fafcf84c6d21ccc68de8
872f0dc06a94dfa1b6c61dda,context_dependence,standalone,0.4124,0.0294,0.8,needs_review,https://github.com/NVIDIA/SkillSpector/commit/7164f47686f408058696fafcf84c6d21ccc68de8
4961bd69ca7b0478f0becc64,relevance,insufficient,0.5344,0.1508,0.8,insufficient,https://github.com/IBM/bob-l3/commit/876734b38e5e58cbc93f0119c17afb8b47c34059
4961bd69ca7b0478f0becc64,event,technical,0.5035,0.5196,0.8,needs_review,https://github.com/IBM/bob-l3/commit/876734b38e5e58cbc93f0119c17afb8b47c34059
4961bd69ca7b0478f0becc64,claim,insufficient,0.7016,0.4649,0.8,insufficient,https://github.com/IBM/bob-l3/commit/876734b38e5e58cbc93f0119c17afb8b47c34059
4961bd69ca7b0478f0becc64,tone,insufficient,0.4933,0.1911,0.8,insufficient,https://github.com/IBM/bob-l3/commit/876734b38e5e58cbc93f0119c17afb8b47c34059
4961bd69ca7b0478f0becc64,importance,routine,0.4844,0.2579,0.8,needs_review,https://github.com/IBM/bob-l3/commit/876734b38e5e58cbc93f0119c17afb8b47c34059
4961bd69ca7b0478f0becc64,urgency,none,0.6889,0.3967,0.8,needs_review,https://github.com/IBM/bob-l3/commit/876734b38e5e58cbc93f0119c17afb8b47c34059
4961bd69ca7b0478f0becc64,promotion,insufficient,0.5992,0.202,0.8,insufficient,https://github.com/IBM/bob-l3/commit/876734b38e5e58cbc93f0119c17afb8b47c34059
4961bd69ca7b0478f0becc64,token_reference,absent,0.784,0.39,0.8,needs_review,https://github.com/IBM/bob-l3/commit/876734b38e5e58cbc93f0119c17afb8b47c34059
4961bd69ca7b0478f0becc64,narrative_object,product,0.4926,0.3973,0.8,needs_review,https://github.com/IBM/bob-l3/commit/876734b38e5e58cbc93f0119c17afb8b47c34059
4961bd69ca7b0478f0becc64,context_dependence,insufficient,0.4461,0.0811,0.8,insufficient,https://github.com/IBM/bob-l3/commit/876734b38e5e58cbc93f0119c17afb8b47c34059
149f7e344060a82f951b46bc,relevance,,,,0.8,needs_review,https://x.com/i/status/2104669698495598851
149f7e344060a82f951b46bc,event,,,,0.8,needs_review,https://x.com/i/status/2104669698495598851
149f7e344060a82f951b46bc,claim,,,,0.8,needs_review,https://x.com/i/status/2104669698495598851
149f7e344060a82f951b46bc,tone,,,,0.8,needs_review,https://x.com/i/status/2104669698495598851
149f7e344060a82f951b46bc,importance,,,,0.8,needs_review,https://x.com/i/status/2104669698495598851
149f7e344060a82f951b46bc,urgency,,,,0.8,needs_review,https://x.com/i/status/2104669698495598851
149f7e344060a82f951b46bc,promotion,,,,0.8,needs_review,https://x.com/i/status/2104669698495598851
149f7e344060a82f951b46bc,token_reference,,,,0.8,needs_review,https://x.com/i/status/2104669698495598851
149f7e344060a82f951b46bc,narrative_object,,,,0.8,needs_review,https://x.com/i/status/2104669698495598851
149f7e344060a82f951b46bc,context_dependence,,,,0.8,needs_review,https://x.com/i/status/2104669698495598851
617bf50f424399866ed4ce9d,relevance,insufficient,0.5497,0.0898,0.8,needs_review,https://x.com/i/status/2104669685283520719
617bf50f424399866ed4ce9d,event,other,0.7149,0.4459,0.8,needs_review,https://x.com/i/status/2104669685283520719
617bf50f424399866ed4ce9d,claim,insufficient,0.3988,0.1917,0.8,needs_review,https://x.com/i/status/2104669685283520719
617bf50f424399866ed4ce9d,tone,negative,0.2917,0.1191,0.8,needs_review,https://x.com/i/status/2104669685283520719
617bf50f424399866ed4ce9d,importance,insufficient,0.7362,0.3752,0.8,needs_review,https://x.com/i/status/2104669685283520719
617bf50f424399866ed4ce9d,urgency,none,0.7052,0.379,0.8,needs_review,https://x.com/i/status/2104669685283520719
617bf50f424399866ed4ce9d,promotion,insufficient,0.4878,0.0975,0.8,needs_review,https://x.com/i/status/2104669685283520719
617bf50f424399866ed4ce9d,token_reference,absent,0.7514,0.3338,0.8,needs_review,https://x.com/i/status/2104669685283520719
617bf50f424399866ed4ce9d,narrative_object,absent,0.6599,0.3619,0.8,needs_review,https://x.com/i/status/2104669685283520719
617bf50f424399866ed4ce9d,context_dependence,standalone,0.4972,0.0603,0.8,needs_review,https://x.com/i/status/2104669685283520719
dace6b288cfebf2ec4f8b12c,relevance,,,,0.8,needs_review,https://x.com/i/status/2104669682204811460
dace6b288cfebf2ec4f8b12c,event,,,,0.8,needs_review,https://x.com/i/status/2104669682204811460
dace6b288cfebf2ec4f8b12c,claim,,,,0.8,needs_review,https://x.com/i/status/2104669682204811460
dace6b288cfebf2ec4f8b12c,tone,,,,0.8,needs_review,https://x.com/i/status/2104669682204811460
dace6b288cfebf2ec4f8b12c,importance,,,,0.8,needs_review,https://x.com/i/status/2104669682204811460
dace6b288cfebf2ec4f8b12c,urgency,,,,0.8,needs_review,https://x.com/i/status/2104669682204811460
dace6b288cfebf2ec4f8b12c,promotion,,,,0.8,needs_review,https://x.com/i/status/2104669682204811460
dace6b288cfebf2ec4f8b12c,token_reference,,,,0.8,needs_review,https://x.com/i/status/2104669682204811460
dace6b288cfebf2ec4f8b12c,narrative_object,,,,0.8,needs_review,https://x.com/i/status/2104669682204811460
dace6b288cfebf2ec4f8b12c,context_dependence,,,,0.8,needs_review,https://x.com/i/status/2104669682204811460
d6a184fb82b683b66c46c662,relevance,insufficient,0.3987,0.0251,0.8,insufficient,https://github.com/microsoft/microsoft-ui-xaml/commit/6c9296bf4ec23a9090c91811ec1240fa372c2c01
d6a184fb82b683b66c46c662,event,technical,0.9879,0.9576,0.8,accepted,https://github.com/microsoft/microsoft-ui-xaml/commit/6c9296bf4ec23a9090c91811ec1240fa372c2c01
d6a184fb82b683b66c46c662,claim,correction,0.4294,0.3138,0.8,needs_review,https://github.com/microsoft/microsoft-ui-xaml/commit/6c9296bf4ec23a9090c91811ec1240fa372c2c01
d6a184fb82b683b66c46c662,tone,insufficient,0.3689,0.1371,0.8,insufficient,https://github.com/microsoft/microsoft-ui-xaml/commit/6c9296bf4ec23a9090c91811ec1240fa372c2c01
d6a184fb82b683b66c46c662,importance,routine,0.5113,0.1478,0.8,needs_review,https://github.com/microsoft/microsoft-ui-xaml/commit/6c9296bf4ec23a9090c91811ec1240fa372c2c01
d6a184fb82b683b66c46c662,urgency,none,0.5771,0.1751,0.8,needs_review,https://github.com/microsoft/microsoft-ui-xaml/commit/6c9296bf4ec23a9090c91811ec1240fa372c2c01
d6a184fb82b683b66c46c662,promotion,insufficient,0.4868,0.1109,0.8,insufficient,https://github.com/microsoft/microsoft-ui-xaml/commit/6c9296bf4ec23a9090c91811ec1240fa372c2c01
d6a184fb82b683b66c46c662,token_reference,absent,0.7438,0.3216,0.8,needs_review,https://github.com/microsoft/microsoft-ui-xaml/commit/6c9296bf4ec23a9090c91811ec1240fa372c2c01
d6a184fb82b683b66c46c662,narrative_object,product,0.5958,0.2845,0.8,needs_review,https://github.com/microsoft/microsoft-ui-xaml/commit/6c9296bf4ec23a9090c91811ec1240fa372c2c01
d6a184fb82b683b66c46c662,context_dependence,standalone,0.4364,0.0242,0.8,needs_review,https://github.com/microsoft/microsoft-ui-xaml/commit/6c9296bf4ec23a9090c91811ec1240fa372c2c01
fca3cf84afd009892ad78d42,relevance,,,,0.8,needs_review,https://x.com/i/status/2104669677712756737
fca3cf84afd009892ad78d42,event,,,,0.8,needs_review,https://x.com/i/status/2104669677712756737
fca3cf84afd009892ad78d42,claim,,,,0.8,needs_review,https://x.com/i/status/2104669677712756737
fca3cf84afd009892ad78d42,tone,,,,0.8,needs_review,https://x.com/i/status/2104669677712756737
fca3cf84afd009892ad78d42,importance,,,,0.8,needs_review,https://x.com/i/status/2104669677712756737
fca3cf84afd009892ad78d42,urgency,,,,0.8,needs_review,https://x.com/i/status/2104669677712756737
fca3cf84afd009892ad78d42,promotion,,,,0.8,needs_review,https://x.com/i/status/2104669677712756737
fca3cf84afd009892ad78d42,token_reference,,,,0.8,needs_review,https://x.com/i/status/2104669677712756737
fca3cf84afd009892ad78d42,narrative_object,,,,0.8,needs_review,https://x.com/i/status/2104669677712756737
fca3cf84afd009892ad78d42,context_dependence,,,,0.8,needs_review,https://x.com/i/status/2104669677712756737
216125fe746302a26fd2dcba,relevance,informative,0.4223,0.0671,0.8,needs_review,https://github.com/microsoft/mxc/commit/e804c07a5e995fa3bb197c97bf0048e719d8b1ec
216125fe746302a26fd2dcba,event,technical,0.7787,0.5815,0.8,needs_review,https://github.com/microsoft/mxc/commit/e804c07a5e995fa3bb197c97bf0048e719d8b1ec
216125fe746302a26fd2dcba,claim,insufficient,0.498,0.2152,0.8,insufficient,https://github.com/microsoft/mxc/commit/e804c07a5e995fa3bb197c97bf0048e719d8b1ec
216125fe746302a26fd2dcba,tone,neutral,0.3139,0.0794,0.8,needs_review,https://github.com/microsoft/mxc/commit/e804c07a5e995fa3bb197c97bf0048e719d8b1ec
216125fe746302a26fd2dcba,importance,insufficient,0.4428,0.0859,0.8,insufficient,https://github.com/microsoft/mxc/commit/e804c07a5e995fa3bb197c97bf0048e719d8b1ec
216125fe746302a26fd2dcba,urgency,none,0.6914,0.3568,0.8,needs_review,https://github.com/microsoft/mxc/commit/e804c07a5e995fa3bb197c97bf0048e719d8b1ec
216125fe746302a26fd2dcba,promotion,informational,0.338,0.0442,0.8,needs_review,https://github.com/microsoft/mxc/commit/e804c07a5e995fa3bb197c97bf0048e719d8b1ec
216125fe746302a26fd2dcba,token_reference,absent,0.7922,0.404,0.8,needs_review,https://github.com/microsoft/mxc/commit/e804c07a5e995fa3bb197c97bf0048e719d8b1ec
216125fe746302a26fd2dcba,narrative_object,person,0.64,0.3277,0.8,needs_review,https://github.com/microsoft/mxc/commit/e804c07a5e995fa3bb197c97bf0048e719d8b1ec
216125fe746302a26fd2dcba,context_dependence,standalone,0.5537,0.0931,0.8,needs_review,https://github.com/microsoft/mxc/commit/e804c07a5e995fa3bb197c97bf0048e719d8b1ec
4c429c79f1c4d3213d267651,relevance,insufficient,0.5158,0.0891,0.8,insufficient,https://github.com/ROCm/rocm-systems/commit/85061ce04527b09a185990974654b72e71839c1a
4c429c79f1c4d3213d267651,event,technical,0.9953,0.9811,0.8,accepted,https://github.com/ROCm/rocm-systems/commit/85061ce04527b09a185990974654b72e71839c1a
4c429c79f1c4d3213d267651,claim,correction,0.6935,0.4648,0.8,needs_review,https://github.com/ROCm/rocm-systems/commit/85061ce04527b09a185990974654b72e71839c1a
4c429c79f1c4d3213d267651,tone,insufficient,0.3381,0.1288,0.8,insufficient,https://github.com/ROCm/rocm-systems/commit/85061ce04527b09a185990974654b72e71839c1a
4c429c79f1c4d3213d267651,importance,routine,0.6916,0.319,0.8,needs_review,https://github.com/ROCm/rocm-systems/commit/85061ce04527b09a185990974654b72e71839c1a
4c429c79f1c4d3213d267651,urgency,none,0.5906,0.2183,0.8,needs_review,https://github.com/ROCm/rocm-systems/commit/85061ce04527b09a185990974654b72e71839c1a
4c429c79f1c4d3213d267651,promotion,insufficient,0.565,0.1732,0.8,insufficient,https://github.com/ROCm/rocm-systems/commit/85061ce04527b09a185990974654b72e71839c1a
4c429c79f1c4d3213d267651,token_reference,absent,0.8838,0.6018,0.8,accepted,https://github.com/ROCm/rocm-systems/commit/85061ce04527b09a185990974654b72e71839c1a
4c429c79f1c4d3213d267651,narrative_object,absent,0.5026,0.1793,0.8,needs_review,https://github.com/ROCm/rocm-systems/commit/85061ce04527b09a185990974654b72e71839c1a
4c429c79f1c4d3213d267651,context_dependence,insufficient,0.4231,0.0318,0.8,insufficient,https://github.com/ROCm/rocm-systems/commit/85061ce04527b09a185990974654b72e71839c1a
b9cb2f1be94ef65823bada81,relevance,insufficient,0.5389,0.0902,0.8,insufficient,https://github.com/alibaba/rtp-llm/commit/aff0b858ad93969a5881775cf7df526d84668254
b9cb2f1be94ef65823bada81,event,technical,0.5606,0.4594,0.8,needs_review,https://github.com/alibaba/rtp-llm/commit/aff0b858ad93969a5881775cf7df526d84668254
b9cb2f1be94ef65823bada81,claim,insufficient,0.3843,0.2147,0.8,insufficient,https://github.com/alibaba/rtp-llm/commit/aff0b858ad93969a5881775cf7df526d84668254
b9cb2f1be94ef65823bada81,tone,neutral,0.3268,0.0805,0.8,needs_review,https://github.com/alibaba/rtp-llm/commit/aff0b858ad93969a5881775cf7df526d84668254
b9cb2f1be94ef65823bada81,importance,insufficient,0.5584,0.2087,0.8,insufficient,https://github.com/alibaba/rtp-llm/commit/aff0b858ad93969a5881775cf7df526d84668254
b9cb2f1be94ef65823bada81,urgency,none,0.7173,0.3922,0.8,needs_review,https://github.com/alibaba/rtp-llm/commit/aff0b858ad93969a5881775cf7df526d84668254
b9cb2f1be94ef65823bada81,promotion,promotional,0.8065,0.4927,0.8,accepted,https://github.com/alibaba/rtp-llm/commit/aff0b858ad93969a5881775cf7df526d84668254
b9cb2f1be94ef65823bada81,token_reference,absent,0.8481,0.5179,0.8,accepted,https://github.com/alibaba/rtp-llm/commit/aff0b858ad93969a5881775cf7df526d84668254
b9cb2f1be94ef65823bada81,narrative_object,absent,0.6805,0.3714,0.8,needs_review,https://github.com/alibaba/rtp-llm/commit/aff0b858ad93969a5881775cf7df526d84668254
b9cb2f1be94ef65823bada81,context_dependence,insufficient,0.4349,0.0698,0.8,insufficient,https://github.com/alibaba/rtp-llm/commit/aff0b858ad93969a5881775cf7df526d84668254
1228a4c6873815df53b8f580,relevance,noise,0.6749,0.2752,0.8,needs_review,https://github.com/NVIDIA/cuda-python/commit/a341ad385bf67e62d29f702346ab0b22ec0258c3
1228a4c6873815df53b8f580,event,technical,0.6843,0.5393,0.8,needs_review,https://github.com/NVIDIA/cuda-python/commit/a341ad385bf67e62d29f702346ab0b22ec0258c3
1228a4c6873815df53b8f580,claim,announcement,0.6899,0.5443,0.8,needs_review,https://github.com/NVIDIA/cuda-python/commit/a341ad385bf67e62d29f702346ab0b22ec0258c3
1228a4c6873815df53b8f580,tone,insufficient,0.5471,0.2575,0.8,insufficient,https://github.com/NVIDIA/cuda-python/commit/a341ad385bf67e62d29f702346ab0b22ec0258c3
1228a4c6873815df53b8f580,importance,insufficient,0.4497,0.1835,0.8,insufficient,https://github.com/NVIDIA/cuda-python/commit/a341ad385bf67e62d29f702346ab0b22ec0258c3
1228a4c6873815df53b8f580,urgency,none,0.6201,0.2445,0.8,needs_review,https://github.com/NVIDIA/cuda-python/commit/a341ad385bf67e62d29f702346ab0b22ec0258c3
1228a4c6873815df53b8f580,promotion,insufficient,0.4597,0.1052,0.8,insufficient,https://github.com/NVIDIA/cuda-python/commit/a341ad385bf67e62d29f702346ab0b22ec0258c3
1228a4c6873815df53b8f580,token_reference,absent,0.8097,0.4432,0.8,accepted,https://github.com/NVIDIA/cuda-python/commit/a341ad385bf67e62d29f702346ab0b22ec0258c3
1228a4c6873815df53b8f580,narrative_object,absent,0.659,0.4384,0.8,needs_review,https://github.com/NVIDIA/cuda-python/commit/a341ad385bf67e62d29f702346ab0b22ec0258c3
1228a4c6873815df53b8f580,context_dependence,insufficient,0.6335,0.2064,0.8,insufficient,https://github.com/NVIDIA/cuda-python/commit/a341ad385bf67e62d29f702346ab0b22ec0258c3
6010c263aecd25d3cf71cda1,relevance,insufficient,0.4413,0.0397,0.8,insufficient,https://x.com/i/status/2104669514734702740
6010c263aecd25d3cf71cda1,event,launch,0.4182,0.289,0.8,needs_review,https://x.com/i/status/2104669514734702740
6010c263aecd25d3cf71cda1,claim,opinion,0.646,0.3297,0.8,needs_review,https://x.com/i/status/2104669514734702740
6010c263aecd25d3cf71cda1,tone,neutral,0.2498,0.0111,0.8,needs_review,https://x.com/i/status/2104669514734702740
6010c263aecd25d3cf71cda1,importance,insufficient,0.4417,0.0668,0.8,insufficient,https://x.com/i/status/2104669514734702740
6010c263aecd25d3cf71cda1,urgency,none,0.646,0.2946,0.8,needs_review,https://x.com/i/status/2104669514734702740
6010c263aecd25d3cf71cda1,promotion,insufficient,0.3103,0.0121,0.8,insufficient,https://x.com/i/status/2104669514734702740
6010c263aecd25d3cf71cda1,token_reference,absent,0.587,0.1304,0.8,needs_review,https://x.com/i/status/2104669514734702740
6010c263aecd25d3cf71cda1,narrative_object,absent,0.3369,0.1322,0.8,needs_review,https://x.com/i/status/2104669514734702740
6010c263aecd25d3cf71cda1,context_dependence,standalone,0.4761,0.0766,0.8,needs_review,https://x.com/i/status/2104669514734702740
faf2c7ba0012b41b3f7aee4c,relevance,,,,0.8,needs_review,https://github.com/ROCm/hrx-system/commit/578d9e0940ec153df92c3027ee3f9378405cbbb2
faf2c7ba0012b41b3f7aee4c,event,,,,0.8,needs_review,https://github.com/ROCm/hrx-system/commit/578d9e0940ec153df92c3027ee3f9378405cbbb2
faf2c7ba0012b41b3f7aee4c,claim,,,,0.8,needs_review,https://github.com/ROCm/hrx-system/commit/578d9e0940ec153df92c3027ee3f9378405cbbb2
faf2c7ba0012b41b3f7aee4c,tone,,,,0.8,needs_review,https://github.com/ROCm/hrx-system/commit/578d9e0940ec153df92c3027ee3f9378405cbbb2
faf2c7ba0012b41b3f7aee4c,importance,,,,0.8,needs_review,https://github.com/ROCm/hrx-system/commit/578d9e0940ec153df92c3027ee3f9378405cbbb2
faf2c7ba0012b41b3f7aee4c,urgency,,,,0.8,needs_review,https://github.com/ROCm/hrx-system/commit/578d9e0940ec153df92c3027ee3f9378405cbbb2
faf2c7ba0012b41b3f7aee4c,promotion,,,,0.8,needs_review,https://github.com/ROCm/hrx-system/commit/578d9e0940ec153df92c3027ee3f9378405cbbb2
faf2c7ba0012b41b3f7aee4c,token_reference,,,,0.8,needs_review,https://github.com/ROCm/hrx-system/commit/578d9e0940ec153df92c3027ee3f9378405cbbb2
faf2c7ba0012b41b3f7aee4c,narrative_object,,,,0.8,needs_review,https://github.com/ROCm/hrx-system/commit/578d9e0940ec153df92c3027ee3f9378405cbbb2
faf2c7ba0012b41b3f7aee4c,context_dependence,,,,0.8,needs_review,https://github.com/ROCm/hrx-system/commit/578d9e0940ec153df92c3027ee3f9378405cbbb2
3d6693c99d07075166adb88b,relevance,informative,0.404,0.0126,0.8,needs_review,https://x.com/i/status/2104669481050239464
3d6693c99d07075166adb88b,event,launch,0.878,0.7679,0.8,accepted,https://x.com/i/status/2104669481050239464
3d6693c99d07075166adb88b,claim,announcement,0.99,0.9618,0.8,accepted,https://x.com/i/status/2104669481050239464
3d6693c99d07075166adb88b,tone,positive,0.3772,0.0976,0.8,needs_review,https://x.com/i/status/2104669481050239464
3d6693c99d07075166adb88b,importance,routine,0.4321,0.0859,0.8,needs_review,https://x.com/i/status/2104669481050239464
3d6693c99d07075166adb88b,urgency,scheduled,0.3645,0.039,0.8,needs_review,https://x.com/i/status/2104669481050239464
3d6693c99d07075166adb88b,promotion,promotional,0.8529,0.5828,0.8,accepted,https://x.com/i/status/2104669481050239464
3d6693c99d07075166adb88b,token_reference,absent,0.4627,0.0392,0.8,needs_review,https://x.com/i/status/2104669481050239464
3d6693c99d07075166adb88b,narrative_object,cultural,0.3945,0.2226,0.8,needs_review,https://x.com/i/status/2104669481050239464
3d6693c99d07075166adb88b,context_dependence,dependent,0.4043,0.0102,0.8,needs_review,https://x.com/i/status/2104669481050239464
d411bd2dfc2d4842cefc854a,relevance,insufficient,0.5894,0.1415,0.8,insufficient,https://x.com/i/status/2104669467322278387
d411bd2dfc2d4842cefc854a,event,other,0.4333,0.2733,0.8,needs_review,https://x.com/i/status/2104669467322278387
d411bd2dfc2d4842cefc854a,claim,insufficient,0.435,0.1712,0.8,insufficient,https://x.com/i/status/2104669467322278387
d411bd2dfc2d4842cefc854a,tone,neutral,0.2719,0.0576,0.8,needs_review,https://x.com/i/status/2104669467322278387
d411bd2dfc2d4842cefc854a,importance,insufficient,0.5038,0.1427,0.8,insufficient,https://x.com/i/status/2104669467322278387
d411bd2dfc2d4842cefc854a,urgency,none,0.6669,0.3525,0.8,needs_review,https://x.com/i/status/2104669467322278387
d411bd2dfc2d4842cefc854a,promotion,insufficient,0.3575,0.0381,0.8,insufficient,https://x.com/i/status/2104669467322278387
d411bd2dfc2d4842cefc854a,token_reference,absent,0.4676,0.0401,0.8,needs_review,https://x.com/i/status/2104669467322278387
d411bd2dfc2d4842cefc854a,narrative_object,absent,0.3071,0.0931,0.8,needs_review,https://x.com/i/status/2104669467322278387
d411bd2dfc2d4842cefc854a,context_dependence,insufficient,0.4091,0.0121,0.8,insufficient,https://x.com/i/status/2104669467322278387
ba4e7dc21ade72ed3bbcaeaf,relevance,insufficient,0.5763,0.1243,0.8,insufficient,https://github.com/IBM/simrun/commit/a8bb21a151a402426f976e485f6ffaac463ef47c
ba4e7dc21ade72ed3bbcaeaf,event,technical,0.9722,0.9242,0.8,accepted,https://github.com/IBM/simrun/commit/a8bb21a151a402426f976e485f6ffaac463ef47c
ba4e7dc21ade72ed3bbcaeaf,claim,announcement,0.5442,0.3884,0.8,needs_review,https://github.com/IBM/simrun/commit/a8bb21a151a402426f976e485f6ffaac463ef47c
ba4e7dc21ade72ed3bbcaeaf,tone,insufficient,0.4338,0.1667,0.8,insufficient,https://github.com/IBM/simrun/commit/a8bb21a151a402426f976e485f6ffaac463ef47c
ba4e7dc21ade72ed3bbcaeaf,importance,routine,0.6042,0.2305,0.8,needs_review,https://github.com/IBM/simrun/commit/a8bb21a151a402426f976e485f6ffaac463ef47c
ba4e7dc21ade72ed3bbcaeaf,urgency,none,0.6428,0.2756,0.8,needs_review,https://github.com/IBM/simrun/commit/a8bb21a151a402426f976e485f6ffaac463ef47c
ba4e7dc21ade72ed3bbcaeaf,promotion,insufficient,0.5917,0.2089,0.8,insufficient,https://github.com/IBM/simrun/commit/a8bb21a151a402426f976e485f6ffaac463ef47c
ba4e7dc21ade72ed3bbcaeaf,token_reference,absent,0.8388,0.4972,0.8,accepted,https://github.com/IBM/simrun/commit/a8bb21a151a402426f976e485f6ffaac463ef47c
ba4e7dc21ade72ed3bbcaeaf,narrative_object,absent,0.7734,0.5285,0.8,needs_review,https://github.com/IBM/simrun/commit/a8bb21a151a402426f976e485f6ffaac463ef47c
ba4e7dc21ade72ed3bbcaeaf,context_dependence,insufficient,0.468,0.078,0.8,insufficient,https://github.com/IBM/simrun/commit/a8bb21a151a402426f976e485f6ffaac463ef47c
c0a65788a8aa992b793f5479,relevance,insufficient,0.5175,0.0654,0.8,insufficient,https://x.com/i/status/2104669449567568234
c0a65788a8aa992b793f5479,event,launch,0.8818,0.7595,0.8,accepted,https://x.com/i/status/2104669449567568234
c0a65788a8aa992b793f5479,claim,announcement,0.991,0.9651,0.8,accepted,https://x.com/i/status/2104669449567568234
c0a65788a8aa992b793f5479,tone,insufficient,0.2551,0.0594,0.8,insufficient,https://x.com/i/status/2104669449567568234
c0a65788a8aa992b793f5479,importance,project,0.5229,0.15,0.8,needs_review,https://x.com/i/status/2104669449567568234
c0a65788a8aa992b793f5479,urgency,none,0.6003,0.2167,0.8,needs_review,https://x.com/i/status/2104669449567568234
c0a65788a8aa992b793f5479,promotion,promotional,0.8809,0.6434,0.8,accepted,https://x.com/i/status/2104669449567568234
c0a65788a8aa992b793f5479,token_reference,absent,0.6094,0.1463,0.8,needs_review,https://x.com/i/status/2104669449567568234
c0a65788a8aa992b793f5479,narrative_object,cultural,0.3927,0.1917,0.8,needs_review,https://x.com/i/status/2104669449567568234
c0a65788a8aa992b793f5479,context_dependence,dependent,0.3846,0.0113,0.8,needs_review,https://x.com/i/status/2104669449567568234
3d6403c9fff47c598eaafa32,relevance,,,,0.8,needs_review,https://github.com/aws/aws-durable-execution-sdk-js/commit/29d06f922a4ec06995ffca11d1348a404dc0c062
3d6403c9fff47c598eaafa32,event,,,,0.8,needs_review,https://github.com/aws/aws-durable-execution-sdk-js/commit/29d06f922a4ec06995ffca11d1348a404dc0c062
3d6403c9fff47c598eaafa32,claim,,,,0.8,needs_review,https://github.com/aws/aws-durable-execution-sdk-js/commit/29d06f922a4ec06995ffca11d1348a404dc0c062
3d6403c9fff47c598eaafa32,tone,,,,0.8,needs_review,https://github.com/aws/aws-durable-execution-sdk-js/commit/29d06f922a4ec06995ffca11d1348a404dc0c062
3d6403c9fff47c598eaafa32,importance,,,,0.8,needs_review,https://github.com/aws/aws-durable-execution-sdk-js/commit/29d06f922a4ec06995ffca11d1348a404dc0c062
3d6403c9fff47c598eaafa32,urgency,,,,0.8,needs_review,https://github.com/aws/aws-durable-execution-sdk-js/commit/29d06f922a4ec06995ffca11d1348a404dc0c062
3d6403c9fff47c598eaafa32,promotion,,,,0.8,needs_review,https://github.com/aws/aws-durable-execution-sdk-js/commit/29d06f922a4ec06995ffca11d1348a404dc0c062
3d6403c9fff47c598eaafa32,token_reference,,,,0.8,needs_review,https://github.com/aws/aws-durable-execution-sdk-js/commit/29d06f922a4ec06995ffca11d1348a404dc0c062
3d6403c9fff47c598eaafa32,narrative_object,,,,0.8,needs_review,https://github.com/aws/aws-durable-execution-sdk-js/commit/29d06f922a4ec06995ffca11d1348a404dc0c062
3d6403c9fff47c598eaafa32,context_dependence,,,,0.8,needs_review,https://github.com/aws/aws-durable-execution-sdk-js/commit/29d06f922a4ec06995ffca11d1348a404dc0c062
f19678577f547426ede8831e,relevance,insufficient,0.6367,0.2123,0.8,insufficient,https://github.com/microsoft/garnet/commit/e98b54cd2f52ffdb35dbe4e9b24303246e5ead5c
f19678577f547426ede8831e,event,technical,0.9148,0.8222,0.8,accepted,https://github.com/microsoft/garnet/commit/e98b54cd2f52ffdb35dbe4e9b24303246e5ead5c
f19678577f547426ede8831e,claim,insufficient,0.5023,0.4025,0.8,insufficient,https://github.com/microsoft/garnet/commit/e98b54cd2f52ffdb35dbe4e9b24303246e5ead5c
f19678577f547426ede8831e,tone,insufficient,0.7438,0.4901,0.8,insufficient,https://github.com/microsoft/garnet/commit/e98b54cd2f52ffdb35dbe4e9b24303246e5ead5c
f19678577f547426ede8831e,importance,routine,0.6372,0.2521,0.8,needs_review,https://github.com/microsoft/garnet/commit/e98b54cd2f52ffdb35dbe4e9b24303246e5ead5c
f19678577f547426ede8831e,urgency,none,0.6771,0.45,0.8,needs_review,https://github.com/microsoft/garnet/commit/e98b54cd2f52ffdb35dbe4e9b24303246e5ead5c
f19678577f547426ede8831e,promotion,insufficient,0.8364,0.6043,0.8,insufficient,https://github.com/microsoft/garnet/commit/e98b54cd2f52ffdb35dbe4e9b24303246e5ead5c
f19678577f547426ede8831e,token_reference,absent,0.8466,0.5131,0.8,accepted,https://github.com/microsoft/garnet/commit/e98b54cd2f52ffdb35dbe4e9b24303246e5ead5c
f19678577f547426ede8831e,narrative_object,product,0.7331,0.5005,0.8,needs_review,https://github.com/microsoft/garnet/commit/e98b54cd2f52ffdb35dbe4e9b24303246e5ead5c
f19678577f547426ede8831e,context_dependence,insufficient,0.4295,0.0228,0.8,insufficient,https://github.com/microsoft/garnet/commit/e98b54cd2f52ffdb35dbe4e9b24303246e5ead5c
4c11f7eeded23844f2a0c003,relevance,insufficient,0.5919,0.1291,0.8,insufficient,https://x.com/i/status/2104645563648032928
4c11f7eeded23844f2a0c003,event,launch,0.4359,0.3231,0.8,needs_review,https://x.com/i/status/2104645563648032928
4c11f7eeded23844f2a0c003,claim,insufficient,0.4272,0.2908,0.8,insufficient,https://x.com/i/status/2104645563648032928
4c11f7eeded23844f2a0c003,tone,insufficient,0.2765,0.0622,0.8,insufficient,https://x.com/i/status/2104645563648032928
4c11f7eeded23844f2a0c003,importance,insufficient,0.6673,0.2966,0.8,insufficient,https://x.com/i/status/2104645563648032928
4c11f7eeded23844f2a0c003,urgency,none,0.6599,0.3617,0.8,needs_review,https://x.com/i/status/2104645563648032928
4c11f7eeded23844f2a0c003,promotion,insufficient,0.4124,0.0525,0.8,insufficient,https://x.com/i/status/2104645563648032928
4c11f7eeded23844f2a0c003,token_reference,absent,0.8127,0.4453,0.8,accepted,https://x.com/i/status/2104645563648032928
4c11f7eeded23844f2a0c003,narrative_object,absent,0.5709,0.248,0.8,needs_review,https://x.com/i/status/2104645563648032928
4c11f7eeded23844f2a0c003,context_dependence,insufficient,0.4988,0.0747,0.8,insufficient,https://x.com/i/status/2104645563648032928
11fd77c6bc0d88de1202b08f,relevance,informative,0.4549,0.0803,0.8,needs_review,https://x.com/i/status/2104669390130278901
11fd77c6bc0d88de1202b08f,event,technical,0.3697,0.2494,0.8,needs_review,https://x.com/i/status/2104669390130278901
11fd77c6bc0d88de1202b08f,claim,insufficient,0.3527,0.1208,0.8,insufficient,https://x.com/i/status/2104669390130278901
11fd77c6bc0d88de1202b08f,tone,neutral,0.3269,0.0467,0.8,needs_review,https://x.com/i/status/2104669390130278901
11fd77c6bc0d88de1202b08f,importance,insufficient,0.3931,0.0716,0.8,insufficient,https://x.com/i/status/2104669390130278901
11fd77c6bc0d88de1202b08f,urgency,none,0.5598,0.2024,0.8,needs_review,https://x.com/i/status/2104669390130278901
11fd77c6bc0d88de1202b08f,promotion,promotional,0.4296,0.0591,0.8,needs_review,https://x.com/i/status/2104669390130278901
11fd77c6bc0d88de1202b08f,token_reference,absent,0.7301,0.3052,0.8,needs_review,https://x.com/i/status/2104669390130278901
11fd77c6bc0d88de1202b08f,narrative_object,absent,0.4303,0.1604,0.8,needs_review,https://x.com/i/status/2104669390130278901
11fd77c6bc0d88de1202b08f,context_dependence,standalone,0.3574,0.0021,0.8,needs_review,https://x.com/i/status/2104669390130278901
0bf89d683d7f6429ec03966e,relevance,insufficient,0.7863,0.4022,0.8,insufficient,https://github.com/microsoft/garnet/commit/09307b36266498bf66829b677dff7791ae2dcd32
0bf89d683d7f6429ec03966e,event,technical,0.9281,0.8514,0.8,accepted,https://github.com/microsoft/garnet/commit/09307b36266498bf66829b677dff7791ae2dcd32
0bf89d683d7f6429ec03966e,claim,insufficient,0.6774,0.5488,0.8,insufficient,https://github.com/microsoft/garnet/commit/09307b36266498bf66829b677dff7791ae2dcd32
0bf89d683d7f6429ec03966e,tone,insufficient,0.752,0.4794,0.8,insufficient,https://github.com/microsoft/garnet/commit/09307b36266498bf66829b677dff7791ae2dcd32
0bf89d683d7f6429ec03966e,importance,sector,0.3993,0.1274,0.8,needs_review,https://github.com/microsoft/garnet/commit/09307b36266498bf66829b677dff7791ae2dcd32
0bf89d683d7f6429ec03966e,urgency,none,0.7331,0.5059,0.8,needs_review,https://github.com/microsoft/garnet/commit/09307b36266498bf66829b677dff7791ae2dcd32
0bf89d683d7f6429ec03966e,promotion,insufficient,0.8877,0.7211,0.8,insufficient,https://github.com/microsoft/garnet/commit/09307b36266498bf66829b677dff7791ae2dcd32
0bf89d683d7f6429ec03966e,token_reference,absent,0.7342,0.3071,0.8,needs_review,https://github.com/microsoft/garnet/commit/09307b36266498bf66829b677dff7791ae2dcd32
0bf89d683d7f6429ec03966e,narrative_object,product,0.7192,0.4945,0.8,needs_review,https://github.com/microsoft/garnet/commit/09307b36266498bf66829b677dff7791ae2dcd32
0bf89d683d7f6429ec03966e,context_dependence,insufficient,0.5376,0.0923,0.8,insufficient,https://github.com/microsoft/garnet/commit/09307b36266498bf66829b677dff7791ae2dcd32
00a056c018034470450adde6,relevance,noise,0.7596,0.3464,0.8,needs_review,https://x.com/i/status/2104669375253147746
00a056c018034470450adde6,event,launch,0.7549,0.613,0.8,needs_review,https://x.com/i/status/2104669375253147746
00a056c018034470450adde6,claim,announcement,0.864,0.7014,0.8,accepted,https://x.com/i/status/2104669375253147746
00a056c018034470450adde6,tone,neutral,0.5627,0.3358,0.8,needs_review,https://x.com/i/status/2104669375253147746
00a056c018034470450adde6,importance,routine,0.5034,0.1634,0.8,needs_review,https://x.com/i/status/2104669375253147746
00a056c018034470450adde6,urgency,none,0.9874,0.9415,0.8,accepted,https://x.com/i/status/2104669375253147746
00a056c018034470450adde6,promotion,promotional,0.7409,0.4006,0.8,needs_review,https://x.com/i/status/2104669375253147746
00a056c018034470450adde6,token_reference,possible,0.5472,0.0975,0.8,needs_review,https://x.com/i/status/2104669375253147746
00a056c018034470450adde6,narrative_object,product,0.6122,0.466,0.8,needs_review,https://x.com/i/status/2104669375253147746
00a056c018034470450adde6,context_dependence,standalone,0.4586,0.0565,0.8,needs_review,https://x.com/i/status/2104669375253147746
0464b93efa2a1ea6fd0b384d,relevance,insufficient,0.3778,0.004,0.8,insufficient,https://x.com/i/status/2104597137170252114
0464b93efa2a1ea6fd0b384d,event,regulation,0.6873,0.4678,0.8,needs_review,https://x.com/i/status/2104597137170252114
0464b93efa2a1ea6fd0b384d,claim,correction,0.9258,0.7866,0.8,accepted,https://x.com/i/status/2104597137170252114
0464b93efa2a1ea6fd0b384d,tone,negative,0.4341,0.1428,0.8,needs_review,https://x.com/i/status/2104597137170252114
0464b93efa2a1ea6fd0b384d,importance,sector,0.6677,0.3299,0.8,needs_review,https://x.com/i/status/2104597137170252114
0464b93efa2a1ea6fd0b384d,urgency,none,0.7452,0.4113,0.8,needs_review,https://x.com/i/status/2104597137170252114
0464b93efa2a1ea6fd0b384d,promotion,insufficient,0.8403,0.5916,0.8,insufficient,https://x.com/i/status/2104597137170252114
0464b93efa2a1ea6fd0b384d,token_reference,explicit,0.8148,0.4919,0.8,accepted,https://x.com/i/status/2104597137170252114
0464b93efa2a1ea6fd0b384d,narrative_object,absent,0.5331,0.3342,0.8,needs_review,https://x.com/i/status/2104597137170252114
0464b93efa2a1ea6fd0b384d,context_dependence,standalone,0.8906,0.6315,0.8,accepted,https://x.com/i/status/2104597137170252114
7cb78422ac96a7d44012b596,relevance,noise,0.4356,0.0681,0.8,needs_review,https://x.com/i/status/2104647869701767473
7cb78422ac96a7d44012b596,event,incident,0.4602,0.3594,0.8,needs_review,https://x.com/i/status/2104647869701767473
7cb78422ac96a7d44012b596,claim,correction,0.8723,0.7203,0.8,accepted,https://x.com/i/status/2104647869701767473
7cb78422ac96a7d44012b596,tone,negative,0.3039,0.1096,0.8,needs_review,https://x.com/i/status/2104647869701767473
7cb78422ac96a7d44012b596,importance,sector,0.5171,0.1743,0.8,needs_review,https://x.com/i/status/2104647869701767473
7cb78422ac96a7d44012b596,urgency,none,0.6316,0.2798,0.8,needs_review,https://x.com/i/status/2104647869701767473
7cb78422ac96a7d44012b596,promotion,insufficient,0.9057,0.7466,0.8,insufficient,https://x.com/i/status/2104647869701767473
7cb78422ac96a7d44012b596,token_reference,absent,0.8073,0.4627,0.8,accepted,https://x.com/i/status/2104647869701767473
7cb78422ac96a7d44012b596,narrative_object,absent,0.764,0.5934,0.8,needs_review,https://x.com/i/status/2104647869701767473
7cb78422ac96a7d44012b596,context_dependence,dependent,0.3694,0.0082,0.8,needs_review,https://x.com/i/status/2104647869701767473
198f061583ffa8c1408140c8,relevance,insufficient,0.4969,0.125,0.8,insufficient,https://x.com/i/status/2104669369460777215
198f061583ffa8c1408140c8,event,other,0.8311,0.6673,0.8,accepted,https://x.com/i/status/2104669369460777215
198f061583ffa8c1408140c8,claim,insufficient,0.9234,0.7981,0.8,insufficient,https://x.com/i/status/2104669369460777215
198f061583ffa8c1408140c8,tone,insufficient,0.3584,0.1427,0.8,insufficient,https://x.com/i/status/2104669369460777215
198f061583ffa8c1408140c8,importance,insufficient,0.7225,0.3765,0.8,insufficient,https://x.com/i/status/2104669369460777215
198f061583ffa8c1408140c8,urgency,none,0.8832,0.6725,0.8,accepted,https://x.com/i/status/2104669369460777215
198f061583ffa8c1408140c8,promotion,insufficient,0.8368,0.6048,0.8,insufficient,https://x.com/i/status/2104669369460777215
198f061583ffa8c1408140c8,token_reference,absent,0.6931,0.2893,0.8,needs_review,https://x.com/i/status/2104669369460777215
198f061583ffa8c1408140c8,narrative_object,cultural,0.7484,0.5075,0.8,needs_review,https://x.com/i/status/2104669369460777215
198f061583ffa8c1408140c8,context_dependence,insufficient,0.5012,0.0893,0.8,insufficient,https://x.com/i/status/2104669369460777215
bf617de9030e08dbd1242776,relevance,insufficient,0.5648,0.1178,0.8,insufficient,https://x.com/i/status/2104669345716560075
bf617de9030e08dbd1242776,event,launch,0.5423,0.518,0.8,needs_review,https://x.com/i/status/2104669345716560075
bf617de9030e08dbd1242776,claim,announcement,0.9197,0.802,0.8,accepted,https://x.com/i/status/2104669345716560075
bf617de9030e08dbd1242776,tone,positive,0.5065,0.2317,0.8,needs_review,https://x.com/i/status/2104669345716560075
bf617de9030e08dbd1242776,importance,project,0.6471,0.2835,0.8,needs_review,https://x.com/i/status/2104669345716560075
bf617de9030e08dbd1242776,urgency,none,0.5689,0.2482,0.8,needs_review,https://x.com/i/status/2104669345716560075
bf617de9030e08dbd1242776,promotion,informational,0.4115,0.0866,0.8,needs_review,https://x.com/i/status/2104669345716560075
bf617de9030e08dbd1242776,token_reference,absent,0.8391,0.4982,0.8,accepted,https://x.com/i/status/2104669345716560075
bf617de9030e08dbd1242776,narrative_object,absent,0.7041,0.3812,0.8,needs_review,https://x.com/i/status/2104669345716560075
bf617de9030e08dbd1242776,context_dependence,insufficient,0.3973,0.0081,0.8,insufficient,https://x.com/i/status/2104669345716560075
ab87d5100a197bc06d904f20,relevance,informative,0.4968,0.0965,0.8,needs_review,https://github.com/amd/playbooks/commit/3bea068ba03c0929fc439dc2acc387784fe9aeaf
ab87d5100a197bc06d904f20,event,technical,0.9948,0.9792,0.8,accepted,https://github.com/amd/playbooks/commit/3bea068ba03c0929fc439dc2acc387784fe9aeaf
ab87d5100a197bc06d904f20,claim,correction,0.7515,0.4941,0.8,needs_review,https://github.com/amd/playbooks/commit/3bea068ba03c0929fc439dc2acc387784fe9aeaf
ab87d5100a197bc06d904f20,tone,insufficient,0.3473,0.0945,0.8,insufficient,https://github.com/amd/playbooks/commit/3bea068ba03c0929fc439dc2acc387784fe9aeaf
ab87d5100a197bc06d904f20,importance,routine,0.56,0.1946,0.8,needs_review,https://github.com/amd/playbooks/commit/3bea068ba03c0929fc439dc2acc387784fe9aeaf
ab87d5100a197bc06d904f20,urgency,none,0.5635,0.1962,0.8,needs_review,https://github.com/amd/playbooks/commit/3bea068ba03c0929fc439dc2acc387784fe9aeaf
ab87d5100a197bc06d904f20,promotion,insufficient,0.5459,0.1651,0.8,insufficient,https://github.com/amd/playbooks/commit/3bea068ba03c0929fc439dc2acc387784fe9aeaf
ab87d5100a197bc06d904f20,token_reference,absent,0.8802,0.592,0.8,accepted,https://github.com/amd/playbooks/commit/3bea068ba03c0929fc439dc2acc387784fe9aeaf
ab87d5100a197bc06d904f20,narrative_object,absent,0.5217,0.2807,0.8,needs_review,https://github.com/amd/playbooks/commit/3bea068ba03c0929fc439dc2acc387784fe9aeaf
ab87d5100a197bc06d904f20,context_dependence,standalone,0.4433,0.0449,0.8,needs_review,https://github.com/amd/playbooks/commit/3bea068ba03c0929fc439dc2acc387784fe9aeaf
2ecc49bc19761aaa2e282bf7,relevance,insufficient,0.6102,0.146,0.8,insufficient,https://github.com/ROCm/rocm-systems/commit/166f27d6a2fa8b1d3d02588b35152c3a7ed2016c
2ecc49bc19761aaa2e282bf7,event,technical,0.9733,0.9211,0.8,accepted,https://github.com/ROCm/rocm-systems/commit/166f27d6a2fa8b1d3d02588b35152c3a7ed2016c
2ecc49bc19761aaa2e282bf7,claim,insufficient,0.7055,0.423,0.8,insufficient,https://github.com/ROCm/rocm-systems/commit/166f27d6a2fa8b1d3d02588b35152c3a7ed2016c
2ecc49bc19761aaa2e282bf7,tone,insufficient,0.5145,0.2283,0.8,insufficient,https://github.com/ROCm/rocm-systems/commit/166f27d6a2fa8b1d3d02588b35152c3a7ed2016c
2ecc49bc19761aaa2e282bf7,importance,routine,0.3664,0.0863,0.8,needs_review,https://github.com/ROCm/rocm-systems/commit/166f27d6a2fa8b1d3d02588b35152c3a7ed2016c
2ecc49bc19761aaa2e282bf7,urgency,none,0.6133,0.2443,0.8,needs_review,https://github.com/ROCm/rocm-systems/commit/166f27d6a2fa8b1d3d02588b35152c3a7ed2016c
2ecc49bc19761aaa2e282bf7,promotion,insufficient,0.6234,0.2254,0.8,insufficient,https://github.com/ROCm/rocm-systems/commit/166f27d6a2fa8b1d3d02588b35152c3a7ed2016c
2ecc49bc19761aaa2e282bf7,token_reference,absent,0.8802,0.593,0.8,accepted,https://github.com/ROCm/rocm-systems/commit/166f27d6a2fa8b1d3d02588b35152c3a7ed2016c
2ecc49bc19761aaa2e282bf7,narrative_object,absent,0.6339,0.3572,0.8,needs_review,https://github.com/ROCm/rocm-systems/commit/166f27d6a2fa8b1d3d02588b35152c3a7ed2016c
2ecc49bc19761aaa2e282bf7,context_dependence,standalone,0.4508,0.0993,0.8,needs_review,https://github.com/ROCm/rocm-systems/commit/166f27d6a2fa8b1d3d02588b35152c3a7ed2016c
38c289a0a1ecd778f0e7f5ed,relevance,insufficient,0.5648,0.1178,0.8,insufficient,https://x.com/i/status/2104669269959070102
38c289a0a1ecd778f0e7f5ed,event,launch,0.5423,0.518,0.8,needs_review,https://x.com/i/status/2104669269959070102
38c289a0a1ecd778f0e7f5ed,claim,announcement,0.9197,0.802,0.8,accepted,https://x.com/i/status/2104669269959070102
38c289a0a1ecd778f0e7f5ed,tone,positive,0.5065,0.2317,0.8,needs_review,https://x.com/i/status/2104669269959070102
38c289a0a1ecd778f0e7f5ed,importance,project,0.6471,0.2835,0.8,needs_review,https://x.com/i/status/2104669269959070102
38c289a0a1ecd778f0e7f5ed,urgency,none,0.5689,0.2482,0.8,needs_review,https://x.com/i/status/2104669269959070102
38c289a0a1ecd778f0e7f5ed,promotion,informational,0.4115,0.0866,0.8,needs_review,https://x.com/i/status/2104669269959070102
38c289a0a1ecd778f0e7f5ed,token_reference,absent,0.8391,0.4982,0.8,accepted,https://x.com/i/status/2104669269959070102
38c289a0a1ecd778f0e7f5ed,narrative_object,absent,0.7041,0.3812,0.8,needs_review,https://x.com/i/status/2104669269959070102
38c289a0a1ecd778f0e7f5ed,context_dependence,insufficient,0.3973,0.0081,0.8,insufficient,https://x.com/i/status/2104669269959070102
3c243351dc0b970a2488309d,relevance,informative,0.6723,0.2194,0.8,needs_review,https://github.com/NVIDIA/IsaacTeleop/commit/b52fa3cdbd7663faa0df42e3166e8e6993d3fd1e
3c243351dc0b970a2488309d,event,technical,0.9914,0.9675,0.8,accepted,https://github.com/NVIDIA/IsaacTeleop/commit/b52fa3cdbd7663faa0df42e3166e8e6993d3fd1e
3c243351dc0b970a2488309d,claim,opinion,0.5865,0.2769,0.8,needs_review,https://github.com/NVIDIA/IsaacTeleop/commit/b52fa3cdbd7663faa0df42e3166e8e6993d3fd1e
3c243351dc0b970a2488309d,tone,neutral,0.3373,0.0505,0.8,needs_review,https://github.com/NVIDIA/IsaacTeleop/commit/b52fa3cdbd7663faa0df42e3166e8e6993d3fd1e
3c243351dc0b970a2488309d,importance,routine,0.4946,0.1281,0.8,needs_review,https://github.com/NVIDIA/IsaacTeleop/commit/b52fa3cdbd7663faa0df42e3166e8e6993d3fd1e
3c243351dc0b970a2488309d,urgency,none,0.5192,0.1239,0.8,needs_review,https://github.com/NVIDIA/IsaacTeleop/commit/b52fa3cdbd7663faa0df42e3166e8e6993d3fd1e
3c243351dc0b970a2488309d,promotion,informational,0.4178,0.0512,0.8,needs_review,https://github.com/NVIDIA/IsaacTeleop/commit/b52fa3cdbd7663faa0df42e3166e8e6993d3fd1e
3c243351dc0b970a2488309d,token_reference,absent,0.7229,0.2901,0.8,needs_review,https://github.com/NVIDIA/IsaacTeleop/commit/b52fa3cdbd7663faa0df42e3166e8e6993d3fd1e
3c243351dc0b970a2488309d,narrative_object,product,0.6286,0.3158,0.8,needs_review,https://github.com/NVIDIA/IsaacTeleop/commit/b52fa3cdbd7663faa0df42e3166e8e6993d3fd1e
3c243351dc0b970a2488309d,context_dependence,standalone,0.4289,0.0325,0.8,needs_review,https://github.com/NVIDIA/IsaacTeleop/commit/b52fa3cdbd7663faa0df42e3166e8e6993d3fd1e
677adc9802bc581051729ffe,relevance,insufficient,0.4564,0.045,0.8,insufficient,https://x.com/i/status/2104669255904211390
677adc9802bc581051729ffe,event,other,0.4052,0.1673,0.8,needs_review,https://x.com/i/status/2104669255904211390
677adc9802bc581051729ffe,claim,insufficient,0.3819,0.1465,0.8,insufficient,https://x.com/i/status/2104669255904211390
677adc9802bc581051729ffe,tone,neutral,0.3042,0.0645,0.8,needs_review,https://x.com/i/status/2104669255904211390
677adc9802bc581051729ffe,importance,routine,0.4404,0.0721,0.8,needs_review,https://x.com/i/status/2104669255904211390
677adc9802bc581051729ffe,urgency,none,0.5703,0.1931,0.8,needs_review,https://x.com/i/status/2104669255904211390
677adc9802bc581051729ffe,promotion,insufficient,0.3368,0.0316,0.8,insufficient,https://x.com/i/status/2104669255904211390
677adc9802bc581051729ffe,token_reference,absent,0.6697,0.2143,0.8,needs_review,https://x.com/i/status/2104669255904211390
677adc9802bc581051729ffe,narrative_object,absent,0.5517,0.233,0.8,needs_review,https://x.com/i/status/2104669255904211390
677adc9802bc581051729ffe,context_dependence,standalone,0.4625,0.0692,0.8,needs_review,https://x.com/i/status/2104669255904211390
a8be6f4e49ebe674ab185273,relevance,insufficient,0.6291,0.1661,0.8,insufficient,https://x.com/i/status/2104669243677741137
a8be6f4e49ebe674ab185273,event,other,0.6315,0.3516,0.8,needs_review,https://x.com/i/status/2104669243677741137
a8be6f4e49ebe674ab185273,claim,insufficient,0.583,0.2938,0.8,insufficient,https://x.com/i/status/2104669243677741137
a8be6f4e49ebe674ab185273,tone,negative,0.5756,0.2637,0.8,needs_review,https://x.com/i/status/2104669243677741137
a8be6f4e49ebe674ab185273,importance,insufficient,0.6296,0.2452,0.8,insufficient,https://x.com/i/status/2104669243677741137
a8be6f4e49ebe674ab185273,urgency,none,0.6664,0.4076,0.8,needs_review,https://x.com/i/status/2104669243677741137
a8be6f4e49ebe674ab185273,promotion,insufficient,0.4538,0.0971,0.8,insufficient,https://x.com/i/status/2104669243677741137
a8be6f4e49ebe674ab185273,token_reference,absent,0.9137,0.6817,0.8,accepted,https://x.com/i/status/2104669243677741137
a8be6f4e49ebe674ab185273,narrative_object,absent,0.7292,0.4113,0.8,needs_review,https://x.com/i/status/2104669243677741137
a8be6f4e49ebe674ab185273,context_dependence,insufficient,0.4993,0.0881,0.8,insufficient,https://x.com/i/status/2104669243677741137
7901d3f2ee9af921aa62c469,relevance,insufficient,0.4976,0.0907,0.8,insufficient,https://x.com/i/status/2104669240225677473
7901d3f2ee9af921aa62c469,event,other,0.6053,0.3826,0.8,needs_review,https://x.com/i/status/2104669240225677473
7901d3f2ee9af921aa62c469,claim,insufficient,0.4571,0.1721,0.8,insufficient,https://x.com/i/status/2104669240225677473
7901d3f2ee9af921aa62c469,tone,insufficient,0.3211,0.0872,0.8,insufficient,https://x.com/i/status/2104669240225677473
7901d3f2ee9af921aa62c469,importance,insufficient,0.7301,0.3666,0.8,insufficient,https://x.com/i/status/2104669240225677473
7901d3f2ee9af921aa62c469,urgency,none,0.7053,0.3943,0.8,needs_review,https://x.com/i/status/2104669240225677473
7901d3f2ee9af921aa62c469,promotion,promotional,0.6139,0.233,0.8,needs_review,https://x.com/i/status/2104669240225677473
7901d3f2ee9af921aa62c469,token_reference,absent,0.7858,0.3948,0.8,needs_review,https://x.com/i/status/2104669240225677473
7901d3f2ee9af921aa62c469,narrative_object,absent,0.928,0.7806,0.8,accepted,https://x.com/i/status/2104669240225677473
7901d3f2ee9af921aa62c469,context_dependence,insufficient,0.4155,0.0152,0.8,insufficient,https://x.com/i/status/2104669240225677473
f4efda62912c2062f187bd45,relevance,insufficient,0.4555,0.0583,0.8,insufficient,https://github.com/google/closure-templates/commit/b273c5afead10ba26f3f42753cbde1a8e1f00919
f4efda62912c2062f187bd45,event,technical,0.9618,0.8996,0.8,accepted,https://github.com/google/closure-templates/commit/b273c5afead10ba26f3f42753cbde1a8e1f00919
f4efda62912c2062f187bd45,claim,correction,0.4598,0.2214,0.8,needs_review,https://github.com/google/closure-templates/commit/b273c5afead10ba26f3f42753cbde1a8e1f00919
f4efda62912c2062f187bd45,tone,insufficient,0.3111,0.0662,0.8,insufficient,https://github.com/google/closure-templates/commit/b273c5afead10ba26f3f42753cbde1a8e1f00919
f4efda62912c2062f187bd45,importance,routine,0.4981,0.1262,0.8,needs_review,https://github.com/google/closure-templates/commit/b273c5afead10ba26f3f42753cbde1a8e1f00919
f4efda62912c2062f187bd45,urgency,none,0.6727,0.3064,0.8,needs_review,https://github.com/google/closure-templates/commit/b273c5afead10ba26f3f42753cbde1a8e1f00919
f4efda62912c2062f187bd45,promotion,insufficient,0.3608,0.0271,0.8,insufficient,https://github.com/google/closure-templates/commit/b273c5afead10ba26f3f42753cbde1a8e1f00919
f4efda62912c2062f187bd45,token_reference,absent,0.8548,0.536,0.8,accepted,https://github.com/google/closure-templates/commit/b273c5afead10ba26f3f42753cbde1a8e1f00919
f4efda62912c2062f187bd45,narrative_object,absent,0.5399,0.3061,0.8,needs_review,https://github.com/google/closure-templates/commit/b273c5afead10ba26f3f42753cbde1a8e1f00919
f4efda62912c2062f187bd45,context_dependence,standalone,0.4663,0.0449,0.8,needs_review,https://github.com/google/closure-templates/commit/b273c5afead10ba26f3f42753cbde1a8e1f00919
f7f199e5d791d51064df6f7e,relevance,insufficient,0.4048,0.0398,0.8,needs_review,https://x.com/i/status/2104669199536922963
f7f199e5d791d51064df6f7e,event,other,0.7601,0.5101,0.8,needs_review,https://x.com/i/status/2104669199536922963
f7f199e5d791d51064df6f7e,claim,insufficient,0.3503,0.151,0.8,needs_review,https://x.com/i/status/2104669199536922963
f7f199e5d791d51064df6f7e,tone,negative,0.4041,0.142,0.8,needs_review,https://x.com/i/status/2104669199536922963
f7f199e5d791d51064df6f7e,importance,insufficient,0.6937,0.3134,0.8,needs_review,https://x.com/i/status/2104669199536922963
f7f199e5d791d51064df6f7e,urgency,none,0.8095,0.5106,0.8,needs_review,https://x.com/i/status/2104669199536922963
f7f199e5d791d51064df6f7e,promotion,insufficient,0.4295,0.0646,0.8,needs_review,https://x.com/i/status/2104669199536922963
f7f199e5d791d51064df6f7e,token_reference,explicit,0.4822,0.0601,0.8,needs_review,https://x.com/i/status/2104669199536922963
f7f199e5d791d51064df6f7e,narrative_object,absent,0.6166,0.3286,0.8,needs_review,https://x.com/i/status/2104669199536922963
f7f199e5d791d51064df6f7e,context_dependence,standalone,0.4615,0.0504,0.8,needs_review,https://x.com/i/status/2104669199536922963
d604178d7297ea366070d935,relevance,insufficient,0.5508,0.0904,0.8,insufficient,https://x.com/i/status/2104669191714587028
d604178d7297ea366070d935,event,partnership,0.4265,0.2511,0.8,needs_review,https://x.com/i/status/2104669191714587028
d604178d7297ea366070d935,claim,insufficient,0.4664,0.2885,0.8,insufficient,https://x.com/i/status/2104669191714587028
d604178d7297ea366070d935,tone,insufficient,0.2855,0.068,0.8,insufficient,https://x.com/i/status/2104669191714587028
d604178d7297ea366070d935,importance,insufficient,0.7329,0.3731,0.8,insufficient,https://x.com/i/status/2104669191714587028
d604178d7297ea366070d935,urgency,none,0.6965,0.3614,0.8,needs_review,https://x.com/i/status/2104669191714587028
d604178d7297ea366070d935,promotion,promotional,0.334,0.0322,0.8,needs_review,https://x.com/i/status/2104669191714587028
d604178d7297ea366070d935,token_reference,absent,0.7179,0.2833,0.8,needs_review,https://x.com/i/status/2104669191714587028
d604178d7297ea366070d935,narrative_object,absent,0.8112,0.543,0.8,accepted,https://x.com/i/status/2104669191714587028
d604178d7297ea366070d935,context_dependence,insufficient,0.4714,0.0424,0.8,insufficient,https://x.com/i/status/2104669191714587028
222dd689e0b0b5da866fe30d,relevance,informative,0.6514,0.1961,0.8,needs_review,https://github.com/google/crubit/commit/91ede23089d23498bd06da7e958bc76c108a00fd
222dd689e0b0b5da866fe30d,event,technical,0.9743,0.9233,0.8,accepted,https://github.com/google/crubit/commit/91ede23089d23498bd06da7e958bc76c108a00fd
222dd689e0b0b5da866fe30d,claim,correction,0.4088,0.2365,0.8,needs_review,https://github.com/google/crubit/commit/91ede23089d23498bd06da7e958bc76c108a00fd
222dd689e0b0b5da866fe30d,tone,neutral,0.3307,0.0694,0.8,needs_review,https://github.com/google/crubit/commit/91ede23089d23498bd06da7e958bc76c108a00fd
222dd689e0b0b5da866fe30d,importance,routine,0.5938,0.2364,0.8,needs_review,https://github.com/google/crubit/commit/91ede23089d23498bd06da7e958bc76c108a00fd
222dd689e0b0b5da866fe30d,urgency,none,0.5603,0.2033,0.8,needs_review,https://github.com/google/crubit/commit/91ede23089d23498bd06da7e958bc76c108a00fd
222dd689e0b0b5da866fe30d,promotion,informational,0.3062,0.0074,0.8,needs_review,https://github.com/google/crubit/commit/91ede23089d23498bd06da7e958bc76c108a00fd
222dd689e0b0b5da866fe30d,token_reference,absent,0.7874,0.3985,0.8,needs_review,https://github.com/google/crubit/commit/91ede23089d23498bd06da7e958bc76c108a00fd
222dd689e0b0b5da866fe30d,narrative_object,product,0.5328,0.2527,0.8,needs_review,https://github.com/google/crubit/commit/91ede23089d23498bd06da7e958bc76c108a00fd
222dd689e0b0b5da866fe30d,context_dependence,standalone,0.4137,0.0316,0.8,needs_review,https://github.com/google/crubit/commit/91ede23089d23498bd06da7e958bc76c108a00fd
87cfff56a2e3adcf7816e5a6,relevance,insufficient,0.5576,0.1233,0.8,insufficient,https://x.com/i/status/2104628794384675124
87cfff56a2e3adcf7816e5a6,event,technical,0.3681,0.2341,0.8,needs_review,https://x.com/i/status/2104628794384675124
87cfff56a2e3adcf7816e5a6,claim,insufficient,0.4182,0.1461,0.8,insufficient,https://x.com/i/status/2104628794384675124
87cfff56a2e3adcf7816e5a6,tone,positive,0.2531,0.0097,0.8,needs_review,https://x.com/i/status/2104628794384675124
87cfff56a2e3adcf7816e5a6,importance,insufficient,0.3993,0.0685,0.8,insufficient,https://x.com/i/status/2104628794384675124
87cfff56a2e3adcf7816e5a6,urgency,none,0.6073,0.2872,0.8,needs_review,https://x.com/i/status/2104628794384675124
87cfff56a2e3adcf7816e5a6,promotion,promotional,0.3847,0.0873,0.8,needs_review,https://x.com/i/status/2104628794384675124
87cfff56a2e3adcf7816e5a6,token_reference,absent,0.7471,0.3271,0.8,needs_review,https://x.com/i/status/2104628794384675124
87cfff56a2e3adcf7816e5a6,narrative_object,absent,0.5326,0.2611,0.8,needs_review,https://x.com/i/status/2104628794384675124
87cfff56a2e3adcf7816e5a6,context_dependence,insufficient,0.4004,0.0225,0.8,insufficient,https://x.com/i/status/2104628794384675124
4a3320117d63223428538c6c,relevance,noise,0.5018,0.0933,0.8,needs_review,https://x.com/i/status/2104669157962768467
4a3320117d63223428538c6c,event,other,0.5752,0.2844,0.8,needs_review,https://x.com/i/status/2104669157962768467
4a3320117d63223428538c6c,claim,insufficient,0.34,0.1456,0.8,needs_review,https://x.com/i/status/2104669157962768467
4a3320117d63223428538c6c,tone,insufficient,0.3045,0.0811,0.8,needs_review,https://x.com/i/status/2104669157962768467
4a3320117d63223428538c6c,importance,insufficient,0.6121,0.2129,0.8,needs_review,https://x.com/i/status/2104669157962768467
4a3320117d63223428538c6c,urgency,none,0.6975,0.3471,0.8,needs_review,https://x.com/i/status/2104669157962768467
4a3320117d63223428538c6c,promotion,insufficient,0.3754,0.0432,0.8,needs_review,https://x.com/i/status/2104669157962768467
4a3320117d63223428538c6c,token_reference,absent,0.4465,0.0541,0.8,needs_review,https://x.com/i/status/2104669157962768467
4a3320117d63223428538c6c,narrative_object,absent,0.6391,0.3266,0.8,needs_review,https://x.com/i/status/2104669157962768467
4a3320117d63223428538c6c,context_dependence,standalone,0.3738,0.0035,0.8,needs_review,https://x.com/i/status/2104669157962768467
60aa88a7dad5f37c09f6b34b,relevance,insufficient,0.555,0.0949,0.8,insufficient,https://github.com/IBM/simrun/commit/16005f7c0372cad6f7bf389fe8e4c22de3194e8c
60aa88a7dad5f37c09f6b34b,event,technical,0.9764,0.9295,0.8,accepted,https://github.com/IBM/simrun/commit/16005f7c0372cad6f7bf389fe8e4c22de3194e8c
60aa88a7dad5f37c09f6b34b,claim,correction,0.3547,0.2561,0.8,needs_review,https://github.com/IBM/simrun/commit/16005f7c0372cad6f7bf389fe8e4c22de3194e8c
60aa88a7dad5f37c09f6b34b,tone,insufficient,0.4285,0.1628,0.8,insufficient,https://github.com/IBM/simrun/commit/16005f7c0372cad6f7bf389fe8e4c22de3194e8c
60aa88a7dad5f37c09f6b34b,importance,routine,0.3848,0.0914,0.8,needs_review,https://github.com/IBM/simrun/commit/16005f7c0372cad6f7bf389fe8e4c22de3194e8c
60aa88a7dad5f37c09f6b34b,urgency,none,0.6751,0.3361,0.8,needs_review,https://github.com/IBM/simrun/commit/16005f7c0372cad6f7bf389fe8e4c22de3194e8c
60aa88a7dad5f37c09f6b34b,promotion,insufficient,0.4873,0.1159,0.8,insufficient,https://github.com/IBM/simrun/commit/16005f7c0372cad6f7bf389fe8e4c22de3194e8c
60aa88a7dad5f37c09f6b34b,token_reference,absent,0.8287,0.4764,0.8,accepted,https://github.com/IBM/simrun/commit/16005f7c0372cad6f7bf389fe8e4c22de3194e8c
60aa88a7dad5f37c09f6b34b,narrative_object,person,0.4643,0.1962,0.8,needs_review,https://github.com/IBM/simrun/commit/16005f7c0372cad6f7bf389fe8e4c22de3194e8c
60aa88a7dad5f37c09f6b34b,context_dependence,standalone,0.4101,0.0269,0.8,needs_review,https://github.com/IBM/simrun/commit/16005f7c0372cad6f7bf389fe8e4c22de3194e8c
bc007948b8d2385c09012b4e,relevance,informative,0.5518,0.1254,0.8,needs_review,https://github.com/palantir/gradle-jdks/commit/cb275dcf8f54381b5a63bbb66e83888b45d6dcf6
bc007948b8d2385c09012b4e,event,technical,0.9825,0.9425,0.8,accepted,https://github.com/palantir/gradle-jdks/commit/cb275dcf8f54381b5a63bbb66e83888b45d6dcf6
bc007948b8d2385c09012b4e,claim,insufficient,0.5849,0.2995,0.8,insufficient,https://github.com/palantir/gradle-jdks/commit/cb275dcf8f54381b5a63bbb66e83888b45d6dcf6
bc007948b8d2385c09012b4e,tone,neutral,0.3658,0.1653,0.8,needs_review,https://github.com/palantir/gradle-jdks/commit/cb275dcf8f54381b5a63bbb66e83888b45d6dcf6
bc007948b8d2385c09012b4e,importance,routine,0.3098,0.0264,0.8,needs_review,https://github.com/palantir/gradle-jdks/commit/cb275dcf8f54381b5a63bbb66e83888b45d6dcf6
bc007948b8d2385c09012b4e,urgency,none,0.6684,0.3333,0.8,needs_review,https://github.com/palantir/gradle-jdks/commit/cb275dcf8f54381b5a63bbb66e83888b45d6dcf6
bc007948b8d2385c09012b4e,promotion,insufficient,0.4465,0.1008,0.8,insufficient,https://github.com/palantir/gradle-jdks/commit/cb275dcf8f54381b5a63bbb66e83888b45d6dcf6
bc007948b8d2385c09012b4e,token_reference,absent,0.7722,0.3697,0.8,needs_review,https://github.com/palantir/gradle-jdks/commit/cb275dcf8f54381b5a63bbb66e83888b45d6dcf6
bc007948b8d2385c09012b4e,narrative_object,absent,0.3759,0.1977,0.8,needs_review,https://github.com/palantir/gradle-jdks/commit/cb275dcf8f54381b5a63bbb66e83888b45d6dcf6
bc007948b8d2385c09012b4e,context_dependence,standalone,0.4802,0.0421,0.8,needs_review,https://github.com/palantir/gradle-jdks/commit/cb275dcf8f54381b5a63bbb66e83888b45d6dcf6
1eceea35bae086d7852f3b58,relevance,insufficient,0.586,0.1258,0.8,insufficient,https://x.com/i/status/2104669049385078857
1eceea35bae086d7852f3b58,event,technical,0.7191,0.561,0.8,needs_review,https://x.com/i/status/2104669049385078857
1eceea35bae086d7852f3b58,claim,announcement,0.7974,0.5758,0.8,needs_review,https://x.com/i/status/2104669049385078857
1eceea35bae086d7852f3b58,tone,positive,0.3779,0.1065,0.8,needs_review,https://x.com/i/status/2104669049385078857
1eceea35bae086d7852f3b58,importance,insufficient,0.4335,0.0898,0.8,insufficient,https://x.com/i/status/2104669049385078857
1eceea35bae086d7852f3b58,urgency,none,0.6666,0.3381,0.8,needs_review,https://x.com/i/status/2104669049385078857
1eceea35bae086d7852f3b58,promotion,promotional,0.3968,0.0531,0.8,needs_review,https://x.com/i/status/2104669049385078857
1eceea35bae086d7852f3b58,token_reference,absent,0.7938,0.408,0.8,needs_review,https://x.com/i/status/2104669049385078857
1eceea35bae086d7852f3b58,narrative_object,product,0.551,0.3212,0.8,needs_review,https://x.com/i/status/2104669049385078857
1eceea35bae086d7852f3b58,context_dependence,insufficient,0.3544,0.001,0.8,insufficient,https://x.com/i/status/2104669049385078857
607c7963aee7f542bef0f644,relevance,insufficient,0.398,0.0084,0.8,needs_review,https://x.com/i/status/2104668957521391772
607c7963aee7f542bef0f644,event,listing,0.6348,0.3859,0.8,needs_review,https://x.com/i/status/2104668957521391772
607c7963aee7f542bef0f644,claim,allegation,0.5479,0.2659,0.8,needs_review,https://x.com/i/status/2104668957521391772
607c7963aee7f542bef0f644,tone,insufficient,0.3074,0.0794,0.8,needs_review,https://x.com/i/status/2104668957521391772
607c7963aee7f542bef0f644,importance,insufficient,0.5703,0.1705,0.8,needs_review,https://x.com/i/status/2104668957521391772
607c7963aee7f542bef0f644,urgency,none,0.6643,0.2868,0.8,needs_review,https://x.com/i/status/2104668957521391772
607c7963aee7f542bef0f644,promotion,promotional,0.3313,0.0297,0.8,needs_review,https://x.com/i/status/2104668957521391772
607c7963aee7f542bef0f644,token_reference,absent,0.5699,0.1451,0.8,needs_review,https://x.com/i/status/2104668957521391772
607c7963aee7f542bef0f644,narrative_object,absent,0.7158,0.3956,0.8,needs_review,https://x.com/i/status/2104668957521391772
607c7963aee7f542bef0f644,context_dependence,dependent,0.5598,0.1094,0.8,needs_review,https://x.com/i/status/2104668957521391772
50194ed054887813eacb08fc,relevance,informative,0.5764,0.1152,0.8,needs_review,https://github.com/google/tcmalloc/commit/6ac6cda85123c16c066fe8ab25b9387a883819c6
50194ed054887813eacb08fc,event,technical,0.915,0.7992,0.8,accepted,https://github.com/google/tcmalloc/commit/6ac6cda85123c16c066fe8ab25b9387a883819c6
50194ed054887813eacb08fc,claim,opinion,0.2774,0.0717,0.8,needs_review,https://github.com/google/tcmalloc/commit/6ac6cda85123c16c066fe8ab25b9387a883819c6
50194ed054887813eacb08fc,tone,neutral,0.2766,0.028,0.8,needs_review,https://github.com/google/tcmalloc/commit/6ac6cda85123c16c066fe8ab25b9387a883819c6
50194ed054887813eacb08fc,importance,routine,0.5638,0.195,0.8,needs_review,https://github.com/google/tcmalloc/commit/6ac6cda85123c16c066fe8ab25b9387a883819c6
50194ed054887813eacb08fc,urgency,scheduled,0.431,0.0686,0.8,needs_review,https://github.com/google/tcmalloc/commit/6ac6cda85123c16c066fe8ab25b9387a883819c6
50194ed054887813eacb08fc,promotion,informational,0.3898,0.0345,0.8,needs_review,https://github.com/google/tcmalloc/commit/6ac6cda85123c16c066fe8ab25b9387a883819c6
50194ed054887813eacb08fc,token_reference,absent,0.689,0.2486,0.8,needs_review,https://github.com/google/tcmalloc/commit/6ac6cda85123c16c066fe8ab25b9387a883819c6
50194ed054887813eacb08fc,narrative_object,product,0.6457,0.329,0.8,needs_review,https://github.com/google/tcmalloc/commit/6ac6cda85123c16c066fe8ab25b9387a883819c6
50194ed054887813eacb08fc,context_dependence,standalone,0.4203,0.0363,0.8,needs_review,https://github.com/google/tcmalloc/commit/6ac6cda85123c16c066fe8ab25b9387a883819c6
f804fb9a4fcd6c6e16f181ee,relevance,noise,0.5069,0.0771,0.8,needs_review,https://github.com/facebookresearch/project_superdex/commit/d3d5cae0bc8be9269b6886b0b2526487a01f9fb3
f804fb9a4fcd6c6e16f181ee,event,technical,0.7469,0.6205,0.8,needs_review,https://github.com/facebookresearch/project_superdex/commit/d3d5cae0bc8be9269b6886b0b2526487a01f9fb3
f804fb9a4fcd6c6e16f181ee,claim,announcement,0.9764,0.9246,0.8,accepted,https://github.com/facebookresearch/project_superdex/commit/d3d5cae0bc8be9269b6886b0b2526487a01f9fb3
f804fb9a4fcd6c6e16f181ee,tone,insufficient,0.3637,0.0909,0.8,insufficient,https://github.com/facebookresearch/project_superdex/commit/d3d5cae0bc8be9269b6886b0b2526487a01f9fb3
f804fb9a4fcd6c6e16f181ee,importance,project,0.5132,0.1763,0.8,needs_review,https://github.com/facebookresearch/project_superdex/commit/d3d5cae0bc8be9269b6886b0b2526487a01f9fb3
f804fb9a4fcd6c6e16f181ee,urgency,none,0.6673,0.2904,0.8,needs_review,https://github.com/facebookresearch/project_superdex/commit/d3d5cae0bc8be9269b6886b0b2526487a01f9fb3
f804fb9a4fcd6c6e16f181ee,promotion,promotional,0.4078,0.0643,0.8,needs_review,https://github.com/facebookresearch/project_superdex/commit/d3d5cae0bc8be9269b6886b0b2526487a01f9fb3
f804fb9a4fcd6c6e16f181ee,token_reference,absent,0.8046,0.432,0.8,accepted,https://github.com/facebookresearch/project_superdex/commit/d3d5cae0bc8be9269b6886b0b2526487a01f9fb3
f804fb9a4fcd6c6e16f181ee,narrative_object,product,0.438,0.3005,0.8,needs_review,https://github.com/facebookresearch/project_superdex/commit/d3d5cae0bc8be9269b6886b0b2526487a01f9fb3
f804fb9a4fcd6c6e16f181ee,context_dependence,standalone,0.401,0.0204,0.8,needs_review,https://github.com/facebookresearch/project_superdex/commit/d3d5cae0bc8be9269b6886b0b2526487a01f9fb3
76004a0c38204553feb52b1e,relevance,insufficient,0.6242,0.1817,0.8,insufficient,https://x.com/i/status/2104665927984001366
76004a0c38204553feb52b1e,event,other,0.5151,0.2644,0.8,needs_review,https://x.com/i/status/2104665927984001366
76004a0c38204553feb52b1e,claim,insufficient,0.6829,0.4205,0.8,insufficient,https://x.com/i/status/2104665927984001366
76004a0c38204553feb52b1e,tone,insufficient,0.4004,0.1167,0.8,insufficient,https://x.com/i/status/2104665927984001366
76004a0c38204553feb52b1e,importance,insufficient,0.5172,0.1429,0.8,insufficient,https://x.com/i/status/2104665927984001366
76004a0c38204553feb52b1e,urgency,none,0.6445,0.3319,0.8,needs_review,https://x.com/i/status/2104665927984001366
76004a0c38204553feb52b1e,promotion,insufficient,0.4125,0.136,0.8,insufficient,https://x.com/i/status/2104665927984001366
76004a0c38204553feb52b1e,token_reference,absent,0.8844,0.6019,0.8,accepted,https://x.com/i/status/2104665927984001366
76004a0c38204553feb52b1e,narrative_object,product,0.4342,0.2521,0.8,needs_review,https://x.com/i/status/2104665927984001366
76004a0c38204553feb52b1e,context_dependence,standalone,0.5184,0.1257,0.8,needs_review,https://x.com/i/status/2104665927984001366
44cc89af3d146c1dffd5baa6,relevance,informative,0.4825,0.0553,0.8,needs_review,https://x.com/i/status/2104668932472778964
44cc89af3d146c1dffd5baa6,event,other,0.4388,0.1912,0.8,needs_review,https://x.com/i/status/2104668932472778964
44cc89af3d146c1dffd5baa6,claim,insufficient,0.471,0.2026,0.8,needs_review,https://x.com/i/status/2104668932472778964
44cc89af3d146c1dffd5baa6,tone,positive,0.2847,0.0237,0.8,needs_review,https://x.com/i/status/2104668932472778964
44cc89af3d146c1dffd5baa6,importance,insufficient,0.448,0.1734,0.8,needs_review,https://x.com/i/status/2104668932472778964
44cc89af3d146c1dffd5baa6,urgency,none,0.6363,0.263,0.8,needs_review,https://x.com/i/status/2104668932472778964
44cc89af3d146c1dffd5baa6,promotion,promotional,0.3854,0.0352,0.8,needs_review,https://x.com/i/status/2104668932472778964
44cc89af3d146c1dffd5baa6,token_reference,absent,0.6546,0.199,0.8,needs_review,https://x.com/i/status/2104668932472778964
44cc89af3d146c1dffd5baa6,narrative_object,product,0.4688,0.3209,0.8,needs_review,https://x.com/i/status/2104668932472778964
44cc89af3d146c1dffd5baa6,context_dependence,standalone,0.4649,0.0515,0.8,needs_review,https://x.com/i/status/2104668932472778964
f2be3e79db670ae0ff9eb4ff,relevance,insufficient,0.457,0.0816,0.8,insufficient,https://github.com/google/skills_lint.dart/commit/a1c25680a7f24b6ddb16c8c41fe7a92a4bed3080
f2be3e79db670ae0ff9eb4ff,event,technical,0.9583,0.883,0.8,accepted,https://github.com/google/skills_lint.dart/commit/a1c25680a7f24b6ddb16c8c41fe7a92a4bed3080
f2be3e79db670ae0ff9eb4ff,claim,correction,0.4471,0.2276,0.8,needs_review,https://github.com/google/skills_lint.dart/commit/a1c25680a7f24b6ddb16c8c41fe7a92a4bed3080
f2be3e79db670ae0ff9eb4ff,tone,insufficient,0.3309,0.0957,0.8,insufficient,https://github.com/google/skills_lint.dart/commit/a1c25680a7f24b6ddb16c8c41fe7a92a4bed3080
f2be3e79db670ae0ff9eb4ff,importance,routine,0.5332,0.1394,0.8,needs_review,https://github.com/google/skills_lint.dart/commit/a1c25680a7f24b6ddb16c8c41fe7a92a4bed3080
f2be3e79db670ae0ff9eb4ff,urgency,none,0.564,0.1828,0.8,needs_review,https://github.com/google/skills_lint.dart/commit/a1c25680a7f24b6ddb16c8c41fe7a92a4bed3080
f2be3e79db670ae0ff9eb4ff,promotion,insufficient,0.4452,0.0853,0.8,insufficient,https://github.com/google/skills_lint.dart/commit/a1c25680a7f24b6ddb16c8c41fe7a92a4bed3080
f2be3e79db670ae0ff9eb4ff,token_reference,absent,0.8512,0.5242,0.8,accepted,https://github.com/google/skills_lint.dart/commit/a1c25680a7f24b6ddb16c8c41fe7a92a4bed3080
f2be3e79db670ae0ff9eb4ff,narrative_object,absent,0.4361,0.227,0.8,needs_review,https://github.com/google/skills_lint.dart/commit/a1c25680a7f24b6ddb16c8c41fe7a92a4bed3080
f2be3e79db670ae0ff9eb4ff,context_dependence,standalone,0.4074,0.0131,0.8,needs_review,https://github.com/google/skills_lint.dart/commit/a1c25680a7f24b6ddb16c8c41fe7a92a4bed3080
342f896432da9e3ff143125e,relevance,insufficient,0.6094,0.1609,0.8,insufficient,https://x.com/i/status/2104668881918828854
342f896432da9e3ff143125e,event,launch,0.5728,0.5367,0.8,needs_review,https://x.com/i/status/2104668881918828854
342f896432da9e3ff143125e,claim,announcement,0.5384,0.3026,0.8,needs_review,https://x.com/i/status/2104668881918828854
342f896432da9e3ff143125e,tone,positive,0.2848,0.0648,0.8,needs_review,https://x.com/i/status/2104668881918828854
342f896432da9e3ff143125e,importance,insufficient,0.3369,0.0483,0.8,insufficient,https://x.com/i/status/2104668881918828854
342f896432da9e3ff143125e,urgency,none,0.5846,0.2571,0.8,needs_review,https://x.com/i/status/2104668881918828854
342f896432da9e3ff143125e,promotion,informational,0.3765,0.0464,0.8,needs_review,https://x.com/i/status/2104668881918828854
342f896432da9e3ff143125e,token_reference,absent,0.7152,0.2806,0.8,needs_review,https://x.com/i/status/2104668881918828854
342f896432da9e3ff143125e,narrative_object,product,0.5037,0.2991,0.8,needs_review,https://x.com/i/status/2104668881918828854
342f896432da9e3ff143125e,context_dependence,insufficient,0.4747,0.0496,0.8,insufficient,https://x.com/i/status/2104668881918828854
52cd151855fc02a679d2bf31,relevance,insufficient,0.5757,0.1209,0.8,insufficient,https://x.com/i/status/2104668867310309381
52cd151855fc02a679d2bf31,event,technical,0.6438,0.4445,0.8,needs_review,https://x.com/i/status/2104668867310309381
52cd151855fc02a679d2bf31,claim,announcement,0.8834,0.7304,0.8,accepted,https://x.com/i/status/2104668867310309381
52cd151855fc02a679d2bf31,tone,positive,0.3483,0.0565,0.8,needs_review,https://x.com/i/status/2104668867310309381
52cd151855fc02a679d2bf31,importance,insufficient,0.4301,0.0847,0.8,insufficient,https://x.com/i/status/2104668867310309381
52cd151855fc02a679d2bf31,urgency,none,0.6108,0.296,0.8,needs_review,https://x.com/i/status/2104668867310309381
52cd151855fc02a679d2bf31,promotion,insufficient,0.3502,0.0202,0.8,insufficient,https://x.com/i/status/2104668867310309381
52cd151855fc02a679d2bf31,token_reference,absent,0.7689,0.3654,0.8,needs_review,https://x.com/i/status/2104668867310309381
52cd151855fc02a679d2bf31,narrative_object,absent,0.6041,0.2685,0.8,needs_review,https://x.com/i/status/2104668867310309381
52cd151855fc02a679d2bf31,context_dependence,insufficient,0.4825,0.044,0.8,insufficient,https://x.com/i/status/2104668867310309381
975c4dfb05b6402c54381df6,relevance,insufficient,0.6657,0.2148,0.8,insufficient,https://github.com/google/tpu-sync/commit/2a13f31e70df620dcd31373f1b1be65c6ec1822a
975c4dfb05b6402c54381df6,event,technical,0.9819,0.9406,0.8,accepted,https://github.com/google/tpu-sync/commit/2a13f31e70df620dcd31373f1b1be65c6ec1822a
975c4dfb05b6402c54381df6,claim,insufficient,0.7248,0.4679,0.8,insufficient,https://github.com/google/tpu-sync/commit/2a13f31e70df620dcd31373f1b1be65c6ec1822a
975c4dfb05b6402c54381df6,tone,insufficient,0.4467,0.1665,0.8,insufficient,https://github.com/google/tpu-sync/commit/2a13f31e70df620dcd31373f1b1be65c6ec1822a
975c4dfb05b6402c54381df6,importance,routine,0.4418,0.1334,0.8,needs_review,https://github.com/google/tpu-sync/commit/2a13f31e70df620dcd31373f1b1be65c6ec1822a
975c4dfb05b6402c54381df6,urgency,none,0.7034,0.3516,0.8,needs_review,https://github.com/google/tpu-sync/commit/2a13f31e70df620dcd31373f1b1be65c6ec1822a
975c4dfb05b6402c54381df6,promotion,insufficient,0.5909,0.1888,0.8,insufficient,https://github.com/google/tpu-sync/commit/2a13f31e70df620dcd31373f1b1be65c6ec1822a
975c4dfb05b6402c54381df6,token_reference,absent,0.8352,0.4934,0.8,accepted,https://github.com/google/tpu-sync/commit/2a13f31e70df620dcd31373f1b1be65c6ec1822a
975c4dfb05b6402c54381df6,narrative_object,product,0.537,0.3432,0.8,needs_review,https://github.com/google/tpu-sync/commit/2a13f31e70df620dcd31373f1b1be65c6ec1822a
975c4dfb05b6402c54381df6,context_dependence,insufficient,0.5968,0.1439,0.8,insufficient,https://github.com/google/tpu-sync/commit/2a13f31e70df620dcd31373f1b1be65c6ec1822a
024bdb76f78121e5f51f4355,relevance,informative,0.4176,0.0172,0.8,needs_review,https://x.com/i/status/2104668864495673686
024bdb76f78121e5f51f4355,event,launch,0.995,0.9807,0.8,accepted,https://x.com/i/status/2104668864495673686
024bdb76f78121e5f51f4355,claim,announcement,0.9963,0.9834,0.8,accepted,https://x.com/i/status/2104668864495673686
024bdb76f78121e5f51f4355,tone,positive,0.4398,0.1298,0.8,needs_review,https://x.com/i/status/2104668864495673686
024bdb76f78121e5f51f4355,importance,project,0.4656,0.1179,0.8,needs_review,https://x.com/i/status/2104668864495673686
024bdb76f78121e5f51f4355,urgency,none,0.3151,0.0358,0.8,needs_review,https://x.com/i/status/2104668864495673686
024bdb76f78121e5f51f4355,promotion,promotional,0.8868,0.6576,0.8,accepted,https://x.com/i/status/2104668864495673686
024bdb76f78121e5f51f4355,token_reference,possible,0.3992,0.0204,0.8,needs_review,https://x.com/i/status/2104668864495673686
024bdb76f78121e5f51f4355,narrative_object,product,0.4197,0.2628,0.8,needs_review,https://x.com/i/status/2104668864495673686
024bdb76f78121e5f51f4355,context_dependence,standalone,0.3731,0.006,0.8,needs_review,https://x.com/i/status/2104668864495673686
ee08866fec86a6b283f039de,relevance,insufficient,0.441,0.0252,0.8,needs_review,https://finance.yahoo.com/markets/stocks/articles/costco-just-got-reality-check-202532104.html
ee08866fec86a6b283f039de,event,partnership,0.2876,0.1329,0.8,needs_review,https://finance.yahoo.com/markets/stocks/articles/costco-just-got-reality-check-202532104.html
ee08866fec86a6b283f039de,claim,announcement,0.9122,0.7667,0.8,needs_review,https://finance.yahoo.com/markets/stocks/articles/costco-just-got-reality-check-202532104.html
ee08866fec86a6b283f039de,tone,positive,0.7413,0.4323,0.8,needs_review,https://finance.yahoo.com/markets/stocks/articles/costco-just-got-reality-check-202532104.html
ee08866fec86a6b283f039de,importance,insufficient,0.3497,0.0253,0.8,needs_review,https://finance.yahoo.com/markets/stocks/articles/costco-just-got-reality-check-202532104.html
ee08866fec86a6b283f039de,urgency,none,0.5987,0.2629,0.8,needs_review,https://finance.yahoo.com/markets/stocks/articles/costco-just-got-reality-check-202532104.html
ee08866fec86a6b283f039de,promotion,insufficient,0.3221,0.0146,0.8,needs_review,https://finance.yahoo.com/markets/stocks/articles/costco-just-got-reality-check-202532104.html
ee08866fec86a6b283f039de,token_reference,absent,0.876,0.5811,0.8,needs_review,https://finance.yahoo.com/markets/stocks/articles/costco-just-got-reality-check-202532104.html
ee08866fec86a6b283f039de,narrative_object,absent,0.4584,0.2451,0.8,needs_review,https://finance.yahoo.com/markets/stocks/articles/costco-just-got-reality-check-202532104.html
ee08866fec86a6b283f039de,context_dependence,standalone,0.3681,0.01,0.8,needs_review,https://finance.yahoo.com/markets/stocks/articles/costco-just-got-reality-check-202532104.html
98ddc76f903a4462c12fa825,relevance,insufficient,0.5401,0.0928,0.8,needs_review,https://x.com/i/status/2104668815284121990
98ddc76f903a4462c12fa825,event,launch,0.7373,0.6359,0.8,needs_review,https://x.com/i/status/2104668815284121990
98ddc76f903a4462c12fa825,claim,announcement,0.4415,0.2328,0.8,needs_review,https://x.com/i/status/2104668815284121990
98ddc76f903a4462c12fa825,tone,neutral,0.2899,0.0592,0.8,needs_review,https://x.com/i/status/2104668815284121990
98ddc76f903a4462c12fa825,importance,insufficient,0.3848,0.0786,0.8,needs_review,https://x.com/i/status/2104668815284121990
98ddc76f903a4462c12fa825,urgency,none,0.6605,0.3211,0.8,needs_review,https://x.com/i/status/2104668815284121990
98ddc76f903a4462c12fa825,promotion,insufficient,0.3555,0.0255,0.8,needs_review,https://x.com/i/status/2104668815284121990
98ddc76f903a4462c12fa825,token_reference,absent,0.7065,0.2663,0.8,needs_review,https://x.com/i/status/2104668815284121990
98ddc76f903a4462c12fa825,narrative_object,product,0.7139,0.4424,0.8,needs_review,https://x.com/i/status/2104668815284121990
98ddc76f903a4462c12fa825,context_dependence,insufficient,0.3888,0.0062,0.8,needs_review,https://x.com/i/status/2104668815284121990
eeb79936eadfa8f7e82f3a00,relevance,noise,0.4022,0.0374,0.8,needs_review,https://x.com/i/status/2104668657800658971
eeb79936eadfa8f7e82f3a00,event,launch,0.9972,0.9885,0.8,accepted,https://x.com/i/status/2104668657800658971
eeb79936eadfa8f7e82f3a00,claim,announcement,0.996,0.9827,0.8,accepted,https://x.com/i/status/2104668657800658971
eeb79936eadfa8f7e82f3a00,tone,insufficient,0.3286,0.0932,0.8,insufficient,https://x.com/i/status/2104668657800658971
eeb79936eadfa8f7e82f3a00,importance,project,0.6423,0.2522,0.8,needs_review,https://x.com/i/status/2104668657800658971
eeb79936eadfa8f7e82f3a00,urgency,none,0.6469,0.2525,0.8,needs_review,https://x.com/i/status/2104668657800658971
eeb79936eadfa8f7e82f3a00,promotion,promotional,0.8315,0.54,0.8,accepted,https://x.com/i/status/2104668657800658971
eeb79936eadfa8f7e82f3a00,token_reference,explicit,0.477,0.0494,0.8,needs_review,https://x.com/i/status/2104668657800658971
eeb79936eadfa8f7e82f3a00,narrative_object,absent,0.5046,0.3169,0.8,needs_review,https://x.com/i/status/2104668657800658971
eeb79936eadfa8f7e82f3a00,context_dependence,dependent,0.4507,0.0316,0.8,needs_review,https://x.com/i/status/2104668657800658971
277de2d125b36f772827af7d,relevance,insufficient,0.4106,0.0415,0.8,insufficient,https://github.com/microsoft/vscode/commit/805f48abc98886c2436f5ac48d5196967f86153e
277de2d125b36f772827af7d,event,technical,0.9948,0.9789,0.8,accepted,https://github.com/microsoft/vscode/commit/805f48abc98886c2436f5ac48d5196967f86153e
277de2d125b36f772827af7d,claim,correction,0.3423,0.1595,0.8,needs_review,https://github.com/microsoft/vscode/commit/805f48abc98886c2436f5ac48d5196967f86153e
277de2d125b36f772827af7d,tone,neutral,0.4224,0.1106,0.8,needs_review,https://github.com/microsoft/vscode/commit/805f48abc98886c2436f5ac48d5196967f86153e
277de2d125b36f772827af7d,importance,routine,0.3828,0.0417,0.8,needs_review,https://github.com/microsoft/vscode/commit/805f48abc98886c2436f5ac48d5196967f86153e
277de2d125b36f772827af7d,urgency,none,0.5681,0.1935,0.8,needs_review,https://github.com/microsoft/vscode/commit/805f48abc98886c2436f5ac48d5196967f86153e
277de2d125b36f772827af7d,promotion,informational,0.3547,0.0599,0.8,needs_review,https://github.com/microsoft/vscode/commit/805f48abc98886c2436f5ac48d5196967f86153e
277de2d125b36f772827af7d,token_reference,absent,0.8711,0.5711,0.8,accepted,https://github.com/microsoft/vscode/commit/805f48abc98886c2436f5ac48d5196967f86153e
277de2d125b36f772827af7d,narrative_object,product,0.3734,0.0792,0.8,needs_review,https://github.com/microsoft/vscode/commit/805f48abc98886c2436f5ac48d5196967f86153e
277de2d125b36f772827af7d,context_dependence,standalone,0.4176,0.0145,0.8,needs_review,https://github.com/microsoft/vscode/commit/805f48abc98886c2436f5ac48d5196967f86153e
8a8b12c6020c817d5dd43566,relevance,insufficient,0.4154,0.0358,0.8,insufficient,https://x.com/i/status/2104668804508950720
8a8b12c6020c817d5dd43566,event,launch,0.8881,0.7933,0.8,accepted,https://x.com/i/status/2104668804508950720
8a8b12c6020c817d5dd43566,claim,announcement,0.9396,0.8296,0.8,accepted,https://x.com/i/status/2104668804508950720
8a8b12c6020c817d5dd43566,tone,insufficient,0.4013,0.1101,0.8,insufficient,https://x.com/i/status/2104668804508950720
8a8b12c6020c817d5dd43566,importance,routine,0.4017,0.068,0.8,needs_review,https://x.com/i/status/2104668804508950720
8a8b12c6020c817d5dd43566,urgency,none,0.4537,0.0706,0.8,needs_review,https://x.com/i/status/2104668804508950720
8a8b12c6020c817d5dd43566,promotion,promotional,0.4253,0.0611,0.8,needs_review,https://x.com/i/status/2104668804508950720
8a8b12c6020c817d5dd43566,token_reference,explicit,0.4486,0.0481,0.8,needs_review,https://x.com/i/status/2104668804508950720
8a8b12c6020c817d5dd43566,narrative_object,product,0.5041,0.3174,0.8,needs_review,https://x.com/i/status/2104668804508950720
8a8b12c6020c817d5dd43566,context_dependence,standalone,0.3918,0.0137,0.8,needs_review,https://x.com/i/status/2104668804508950720
ce4252a2ac556ac5f052a8d7,relevance,insufficient,0.6727,0.2187,0.8,insufficient,https://x.com/i/status/2104668786297086241
ce4252a2ac556ac5f052a8d7,event,other,0.3633,0.2943,0.8,needs_review,https://x.com/i/status/2104668786297086241
ce4252a2ac556ac5f052a8d7,claim,allegation,0.8734,0.7251,0.8,accepted,https://x.com/i/status/2104668786297086241
ce4252a2ac556ac5f052a8d7,tone,negative,0.4555,0.1974,0.8,needs_review,https://x.com/i/status/2104668786297086241
ce4252a2ac556ac5f052a8d7,importance,insufficient,0.7982,0.4795,0.8,insufficient,https://x.com/i/status/2104668786297086241
ce4252a2ac556ac5f052a8d7,urgency,none,0.5877,0.2745,0.8,needs_review,https://x.com/i/status/2104668786297086241
ce4252a2ac556ac5f052a8d7,promotion,insufficient,0.4483,0.0844,0.8,insufficient,https://x.com/i/status/2104668786297086241
ce4252a2ac556ac5f052a8d7,token_reference,absent,0.8328,0.4871,0.8,accepted,https://x.com/i/status/2104668786297086241
ce4252a2ac556ac5f052a8d7,narrative_object,absent,0.7067,0.3866,0.8,needs_review,https://x.com/i/status/2104668786297086241
ce4252a2ac556ac5f052a8d7,context_dependence,insufficient,0.5225,0.0748,0.8,insufficient,https://x.com/i/status/2104668786297086241
3ab614dd9407016ac44391be,relevance,insufficient,0.3994,0.0148,0.8,insufficient,https://github.com/microsoft/artifacts-keyring/commit/929c33b32ad6eab0999d45413d7891f5da16ddc1
3ab614dd9407016ac44391be,event,technical,0.9886,0.9591,0.8,accepted,https://github.com/microsoft/artifacts-keyring/commit/929c33b32ad6eab0999d45413d7891f5da16ddc1
3ab614dd9407016ac44391be,claim,correction,0.5596,0.2931,0.8,needs_review,https://github.com/microsoft/artifacts-keyring/commit/929c33b32ad6eab0999d45413d7891f5da16ddc1
3ab614dd9407016ac44391be,tone,negative,0.5567,0.229,0.8,needs_review,https://github.com/microsoft/artifacts-keyring/commit/929c33b32ad6eab0999d45413d7891f5da16ddc1
3ab614dd9407016ac44391be,importance,project,0.5006,0.1494,0.8,needs_review,https://github.com/microsoft/artifacts-keyring/commit/929c33b32ad6eab0999d45413d7891f5da16ddc1
3ab614dd9407016ac44391be,urgency,none,0.5037,0.1082,0.8,needs_review,https://github.com/microsoft/artifacts-keyring/commit/929c33b32ad6eab0999d45413d7891f5da16ddc1
3ab614dd9407016ac44391be,promotion,insufficient,0.3466,0.0221,0.8,insufficient,https://github.com/microsoft/artifacts-keyring/commit/929c33b32ad6eab0999d45413d7891f5da16ddc1
3ab614dd9407016ac44391be,token_reference,absent,0.7714,0.3723,0.8,needs_review,https://github.com/microsoft/artifacts-keyring/commit/929c33b32ad6eab0999d45413d7891f5da16ddc1
3ab614dd9407016ac44391be,narrative_object,product,0.5339,0.2459,0.8,needs_review,https://github.com/microsoft/artifacts-keyring/commit/929c33b32ad6eab0999d45413d7891f5da16ddc1
3ab614dd9407016ac44391be,context_dependence,standalone,0.5252,0.0714,0.8,needs_review,https://github.com/microsoft/artifacts-keyring/commit/929c33b32ad6eab0999d45413d7891f5da16ddc1
cc3d5c2fc6573a8dfb2aeeb8,relevance,insufficient,0.4473,0.0432,0.8,insufficient,https://github.com/microsoft/azure-linux-dev-tools/commit/565a1713e1e54bd34d0ec94fa7f652fcb5dc7966
cc3d5c2fc6573a8dfb2aeeb8,event,technical,0.9174,0.8057,0.8,accepted,https://github.com/microsoft/azure-linux-dev-tools/commit/565a1713e1e54bd34d0ec94fa7f652fcb5dc7966
cc3d5c2fc6573a8dfb2aeeb8,claim,correction,0.4434,0.297,0.8,needs_review,https://github.com/microsoft/azure-linux-dev-tools/commit/565a1713e1e54bd34d0ec94fa7f652fcb5dc7966
cc3d5c2fc6573a8dfb2aeeb8,tone,insufficient,0.3924,0.1364,0.8,insufficient,https://github.com/microsoft/azure-linux-dev-tools/commit/565a1713e1e54bd34d0ec94fa7f652fcb5dc7966
cc3d5c2fc6573a8dfb2aeeb8,importance,routine,0.5314,0.138,0.8,needs_review,https://github.com/microsoft/azure-linux-dev-tools/commit/565a1713e1e54bd34d0ec94fa7f652fcb5dc7966
cc3d5c2fc6573a8dfb2aeeb8,urgency,none,0.6242,0.2328,0.8,needs_review,https://github.com/microsoft/azure-linux-dev-tools/commit/565a1713e1e54bd34d0ec94fa7f652fcb5dc7966
cc3d5c2fc6573a8dfb2aeeb8,promotion,insufficient,0.493,0.1055,0.8,insufficient,https://github.com/microsoft/azure-linux-dev-tools/commit/565a1713e1e54bd34d0ec94fa7f652fcb5dc7966
cc3d5c2fc6573a8dfb2aeeb8,token_reference,absent,0.8474,0.5153,0.8,accepted,https://github.com/microsoft/azure-linux-dev-tools/commit/565a1713e1e54bd34d0ec94fa7f652fcb5dc7966
cc3d5c2fc6573a8dfb2aeeb8,narrative_object,product,0.4355,0.2301,0.8,needs_review,https://github.com/microsoft/azure-linux-dev-tools/commit/565a1713e1e54bd34d0ec94fa7f652fcb5dc7966
cc3d5c2fc6573a8dfb2aeeb8,context_dependence,standalone,0.4406,0.0326,0.8,needs_review,https://github.com/microsoft/azure-linux-dev-tools/commit/565a1713e1e54bd34d0ec94fa7f652fcb5dc7966
8b6a03ad00852dbc53c390be,relevance,insufficient,0.4512,0.0323,0.8,insufficient,https://x.com/i/status/2104668755468968300
8b6a03ad00852dbc53c390be,event,partnership,0.7104,0.5074,0.8,needs_review,https://x.com/i/status/2104668755468968300
8b6a03ad00852dbc53c390be,claim,announcement,0.3102,0.0841,0.8,needs_review,https://x.com/i/status/2104668755468968300
8b6a03ad00852dbc53c390be,tone,neutral,0.2691,0.0501,0.8,needs_review,https://x.com/i/status/2104668755468968300
8b6a03ad00852dbc53c390be,importance,insufficient,0.363,0.0504,0.8,insufficient,https://x.com/i/status/2104668755468968300
8b6a03ad00852dbc53c390be,urgency,none,0.6526,0.294,0.8,needs_review,https://x.com/i/status/2104668755468968300
8b6a03ad00852dbc53c390be,promotion,promotional,0.3715,0.0303,0.8,needs_review,https://x.com/i/status/2104668755468968300
8b6a03ad00852dbc53c390be,token_reference,absent,0.7993,0.4222,0.8,needs_review,https://x.com/i/status/2104668755468968300
8b6a03ad00852dbc53c390be,narrative_object,absent,0.6603,0.3657,0.8,needs_review,https://x.com/i/status/2104668755468968300
8b6a03ad00852dbc53c390be,context_dependence,standalone,0.4876,0.0462,0.8,needs_review,https://x.com/i/status/2104668755468968300
0159788cf6524ff3ce4e41bd,relevance,insufficient,0.4807,0.1211,0.8,insufficient,https://x.com/i/status/2104668732207268042
0159788cf6524ff3ce4e41bd,event,other,0.7602,0.5292,0.8,needs_review,https://x.com/i/status/2104668732207268042
0159788cf6524ff3ce4e41bd,claim,announcement,0.4653,0.2478,0.8,needs_review,https://x.com/i/status/2104668732207268042
0159788cf6524ff3ce4e41bd,tone,neutral,0.4193,0.1616,0.8,needs_review,https://x.com/i/status/2104668732207268042
0159788cf6524ff3ce4e41bd,importance,insufficient,0.5707,0.227,0.8,insufficient,https://x.com/i/status/2104668732207268042
0159788cf6524ff3ce4e41bd,urgency,none,0.6529,0.3011,0.8,needs_review,https://x.com/i/status/2104668732207268042
0159788cf6524ff3ce4e41bd,promotion,informational,0.3568,0.0354,0.8,needs_review,https://x.com/i/status/2104668732207268042
0159788cf6524ff3ce4e41bd,token_reference,absent,0.7784,0.3815,0.8,needs_review,https://x.com/i/status/2104668732207268042
0159788cf6524ff3ce4e41bd,narrative_object,absent,0.6227,0.3178,0.8,needs_review,https://x.com/i/status/2104668732207268042
0159788cf6524ff3ce4e41bd,context_dependence,dependent,0.4529,0.0412,0.8,needs_review,https://x.com/i/status/2104668732207268042
8c5947451d0c120d0e17f364,relevance,informative,0.5253,0.0771,0.8,needs_review,https://github.com/microsoft/agent-framework-go/commit/6583e0a0145167d92ffe12780b85cd74215425bb
8c5947451d0c120d0e17f364,event,technical,0.6666,0.5515,0.8,needs_review,https://github.com/microsoft/agent-framework-go/commit/6583e0a0145167d92ffe12780b85cd74215425bb
8c5947451d0c120d0e17f364,claim,correction,0.5103,0.3294,0.8,needs_review,https://github.com/microsoft/agent-framework-go/commit/6583e0a0145167d92ffe12780b85cd74215425bb
8c5947451d0c120d0e17f364,tone,neutral,0.3362,0.0937,0.8,needs_review,https://github.com/microsoft/agent-framework-go/commit/6583e0a0145167d92ffe12780b85cd74215425bb
8c5947451d0c120d0e17f364,importance,routine,0.4009,0.0456,0.8,needs_review,https://github.com/microsoft/agent-framework-go/commit/6583e0a0145167d92ffe12780b85cd74215425bb
8c5947451d0c120d0e17f364,urgency,none,0.5342,0.1835,0.8,needs_review,https://github.com/microsoft/agent-framework-go/commit/6583e0a0145167d92ffe12780b85cd74215425bb
8c5947451d0c120d0e17f364,promotion,informational,0.3298,0.0137,0.8,needs_review,https://github.com/microsoft/agent-framework-go/commit/6583e0a0145167d92ffe12780b85cd74215425bb
8c5947451d0c120d0e17f364,token_reference,absent,0.8511,0.526,0.8,accepted,https://github.com/microsoft/agent-framework-go/commit/6583e0a0145167d92ffe12780b85cd74215425bb
8c5947451d0c120d0e17f364,narrative_object,product,0.4719,0.239,0.8,needs_review,https://github.com/microsoft/agent-framework-go/commit/6583e0a0145167d92ffe12780b85cd74215425bb
8c5947451d0c120d0e17f364,context_dependence,standalone,0.4641,0.039,0.8,needs_review,https://github.com/microsoft/agent-framework-go/commit/6583e0a0145167d92ffe12780b85cd74215425bb
cb4b5a4830e737abc0bbbedb,relevance,insufficient,0.4308,0.0587,0.8,insufficient,https://github.com/microsoft/durabletask-go/commit/af79777e455a0ec26804a4c32484afe5ab5628d3
cb4b5a4830e737abc0bbbedb,event,technical,0.9172,0.8066,0.8,accepted,https://github.com/microsoft/durabletask-go/commit/af79777e455a0ec26804a4c32484afe5ab5628d3
cb4b5a4830e737abc0bbbedb,claim,announcement,0.9516,0.855,0.8,accepted,https://github.com/microsoft/durabletask-go/commit/af79777e455a0ec26804a4c32484afe5ab5628d3
cb4b5a4830e737abc0bbbedb,tone,neutral,0.384,0.1278,0.8,needs_review,https://github.com/microsoft/durabletask-go/commit/af79777e455a0ec26804a4c32484afe5ab5628d3
cb4b5a4830e737abc0bbbedb,importance,project,0.3396,0.0455,0.8,needs_review,https://github.com/microsoft/durabletask-go/commit/af79777e455a0ec26804a4c32484afe5ab5628d3
cb4b5a4830e737abc0bbbedb,urgency,none,0.3511,0.0508,0.8,needs_review,https://github.com/microsoft/durabletask-go/commit/af79777e455a0ec26804a4c32484afe5ab5628d3
cb4b5a4830e737abc0bbbedb,promotion,informational,0.3884,0.1125,0.8,needs_review,https://github.com/microsoft/durabletask-go/commit/af79777e455a0ec26804a4c32484afe5ab5628d3
cb4b5a4830e737abc0bbbedb,token_reference,absent,0.7913,0.4037,0.8,needs_review,https://github.com/microsoft/durabletask-go/commit/af79777e455a0ec26804a4c32484afe5ab5628d3
cb4b5a4830e737abc0bbbedb,narrative_object,person,0.3847,0.1499,0.8,needs_review,https://github.com/microsoft/durabletask-go/commit/af79777e455a0ec26804a4c32484afe5ab5628d3
cb4b5a4830e737abc0bbbedb,context_dependence,standalone,0.4937,0.0521,0.8,needs_review,https://github.com/microsoft/durabletask-go/commit/af79777e455a0ec26804a4c32484afe5ab5628d3
2306157fc53e1ce2caf0f8c8,relevance,,,,0.8,needs_review,https://x.com/i/status/2104607532358697003
2306157fc53e1ce2caf0f8c8,event,,,,0.8,needs_review,https://x.com/i/status/2104607532358697003
2306157fc53e1ce2caf0f8c8,claim,,,,0.8,needs_review,https://x.com/i/status/2104607532358697003
2306157fc53e1ce2caf0f8c8,tone,,,,0.8,needs_review,https://x.com/i/status/2104607532358697003
2306157fc53e1ce2caf0f8c8,importance,,,,0.8,needs_review,https://x.com/i/status/2104607532358697003
2306157fc53e1ce2caf0f8c8,urgency,,,,0.8,needs_review,https://x.com/i/status/2104607532358697003
2306157fc53e1ce2caf0f8c8,promotion,,,,0.8,needs_review,https://x.com/i/status/2104607532358697003
2306157fc53e1ce2caf0f8c8,token_reference,,,,0.8,needs_review,https://x.com/i/status/2104607532358697003
2306157fc53e1ce2caf0f8c8,narrative_object,,,,0.8,needs_review,https://x.com/i/status/2104607532358697003
2306157fc53e1ce2caf0f8c8,context_dependence,,,,0.8,needs_review,https://x.com/i/status/2104607532358697003
6d24b63a0aa4a1291e37b111,relevance,,,,0.8,needs_review,https://x.com/i/status/2104668602989183155
6d24b63a0aa4a1291e37b111,event,,,,0.8,needs_review,https://x.com/i/status/2104668602989183155
6d24b63a0aa4a1291e37b111,claim,,,,0.8,needs_review,https://x.com/i/status/2104668602989183155
6d24b63a0aa4a1291e37b111,tone,,,,0.8,needs_review,https://x.com/i/status/2104668602989183155
6d24b63a0aa4a1291e37b111,importance,,,,0.8,needs_review,https://x.com/i/status/2104668602989183155
6d24b63a0aa4a1291e37b111,urgency,,,,0.8,needs_review,https://x.com/i/status/2104668602989183155
6d24b63a0aa4a1291e37b111,promotion,,,,0.8,needs_review,https://x.com/i/status/2104668602989183155
6d24b63a0aa4a1291e37b111,token_reference,,,,0.8,needs_review,https://x.com/i/status/2104668602989183155
6d24b63a0aa4a1291e37b111,narrative_object,,,,0.8,needs_review,https://x.com/i/status/2104668602989183155
6d24b63a0aa4a1291e37b111,context_dependence,,,,0.8,needs_review,https://x.com/i/status/2104668602989183155
d2debacc7f97f8aa44482951,relevance,insufficient,0.4937,0.0497,0.8,insufficient,https://github.com/microsoft/vscode/commit/4443c2aa7d72094175c85432e494ba560fed4611
d2debacc7f97f8aa44482951,event,technical,0.9341,0.8344,0.8,accepted,https://github.com/microsoft/vscode/commit/4443c2aa7d72094175c85432e494ba560fed4611
d2debacc7f97f8aa44482951,claim,announcement,0.8639,0.7139,0.8,accepted,https://github.com/microsoft/vscode/commit/4443c2aa7d72094175c85432e494ba560fed4611
d2debacc7f97f8aa44482951,tone,insufficient,0.4007,0.1457,0.8,insufficient,https://github.com/microsoft/vscode/commit/4443c2aa7d72094175c85432e494ba560fed4611
d2debacc7f97f8aa44482951,importance,project,0.5969,0.2045,0.8,needs_review,https://github.com/microsoft/vscode/commit/4443c2aa7d72094175c85432e494ba560fed4611
d2debacc7f97f8aa44482951,urgency,none,0.4907,0.1696,0.8,needs_review,https://github.com/microsoft/vscode/commit/4443c2aa7d72094175c85432e494ba560fed4611
d2debacc7f97f8aa44482951,promotion,insufficient,0.4498,0.0711,0.8,insufficient,https://github.com/microsoft/vscode/commit/4443c2aa7d72094175c85432e494ba560fed4611
d2debacc7f97f8aa44482951,token_reference,absent,0.8334,0.4883,0.8,accepted,https://github.com/microsoft/vscode/commit/4443c2aa7d72094175c85432e494ba560fed4611
d2debacc7f97f8aa44482951,narrative_object,absent,0.51,0.3027,0.8,needs_review,https://github.com/microsoft/vscode/commit/4443c2aa7d72094175c85432e494ba560fed4611
d2debacc7f97f8aa44482951,context_dependence,insufficient,0.4272,0.0478,0.8,insufficient,https://github.com/microsoft/vscode/commit/4443c2aa7d72094175c85432e494ba560fed4611
db95a3db9e3d17176df28ce4,relevance,insufficient,0.6269,0.1634,0.8,insufficient,https://github.com/microsoft/go-infra/commit/51d7792c3c2a0078b4d602e3600d2b5da128edfe
db95a3db9e3d17176df28ce4,event,launch,0.9444,0.8626,0.8,accepted,https://github.com/microsoft/go-infra/commit/51d7792c3c2a0078b4d602e3600d2b5da128edfe
db95a3db9e3d17176df28ce4,claim,announcement,0.8067,0.6282,0.8,accepted,https://github.com/microsoft/go-infra/commit/51d7792c3c2a0078b4d602e3600d2b5da128edfe
db95a3db9e3d17176df28ce4,tone,insufficient,0.3667,0.1107,0.8,insufficient,https://github.com/microsoft/go-infra/commit/51d7792c3c2a0078b4d602e3600d2b5da128edfe
db95a3db9e3d17176df28ce4,importance,insufficient,0.5041,0.1114,0.8,insufficient,https://github.com/microsoft/go-infra/commit/51d7792c3c2a0078b4d602e3600d2b5da128edfe
db95a3db9e3d17176df28ce4,urgency,none,0.6222,0.265,0.8,needs_review,https://github.com/microsoft/go-infra/commit/51d7792c3c2a0078b4d602e3600d2b5da128edfe
db95a3db9e3d17176df28ce4,promotion,insufficient,0.355,0.05,0.8,insufficient,https://github.com/microsoft/go-infra/commit/51d7792c3c2a0078b4d602e3600d2b5da128edfe
db95a3db9e3d17176df28ce4,token_reference,absent,0.8333,0.4872,0.8,accepted,https://github.com/microsoft/go-infra/commit/51d7792c3c2a0078b4d602e3600d2b5da128edfe
db95a3db9e3d17176df28ce4,narrative_object,absent,0.5216,0.3132,0.8,needs_review,https://github.com/microsoft/go-infra/commit/51d7792c3c2a0078b4d602e3600d2b5da128edfe
db95a3db9e3d17176df28ce4,context_dependence,insufficient,0.4299,0.0378,0.8,insufficient,https://github.com/microsoft/go-infra/commit/51d7792c3c2a0078b4d602e3600d2b5da128edfe
8b1707a18bee1733be3bbdd8,relevance,informative,0.5531,0.126,0.8,needs_review,https://x.com/i/status/2104665475263115678
8b1707a18bee1733be3bbdd8,event,partnership,0.9241,0.8262,0.8,accepted,https://x.com/i/status/2104665475263115678
8b1707a18bee1733be3bbdd8,claim,announcement,0.9752,0.9183,0.8,accepted,https://x.com/i/status/2104665475263115678
8b1707a18bee1733be3bbdd8,tone,positive,0.5795,0.2379,0.8,needs_review,https://x.com/i/status/2104665475263115678
8b1707a18bee1733be3bbdd8,importance,project,0.786,0.4572,0.8,needs_review,https://x.com/i/status/2104665475263115678
8b1707a18bee1733be3bbdd8,urgency,scheduled,0.4147,0.1722,0.8,needs_review,https://x.com/i/status/2104665475263115678
8b1707a18bee1733be3bbdd8,promotion,promotional,0.654,0.2619,0.8,needs_review,https://x.com/i/status/2104665475263115678
8b1707a18bee1733be3bbdd8,token_reference,absent,0.7117,0.2725,0.8,needs_review,https://x.com/i/status/2104665475263115678
8b1707a18bee1733be3bbdd8,narrative_object,product,0.4727,0.2065,0.8,needs_review,https://x.com/i/status/2104665475263115678
8b1707a18bee1733be3bbdd8,context_dependence,standalone,0.3961,0.0084,0.8,needs_review,https://x.com/i/status/2104665475263115678
33bb6453e28f9f170e710b4c,relevance,informative,0.4909,0.0551,0.8,needs_review,https://x.com/i/status/2104668576489873542
33bb6453e28f9f170e710b4c,event,partnership,0.9545,0.8855,0.8,accepted,https://x.com/i/status/2104668576489873542
33bb6453e28f9f170e710b4c,claim,announcement,0.9947,0.9777,0.8,accepted,https://x.com/i/status/2104668576489873542
33bb6453e28f9f170e710b4c,tone,positive,0.7297,0.4157,0.8,needs_review,https://x.com/i/status/2104668576489873542
33bb6453e28f9f170e710b4c,importance,project,0.5992,0.212,0.8,needs_review,https://x.com/i/status/2104668576489873542
33bb6453e28f9f170e710b4c,urgency,none,0.4237,0.0688,0.8,needs_review,https://x.com/i/status/2104668576489873542
33bb6453e28f9f170e710b4c,promotion,promotional,0.7716,0.4322,0.8,needs_review,https://x.com/i/status/2104668576489873542
33bb6453e28f9f170e710b4c,token_reference,absent,0.4714,0.0463,0.8,needs_review,https://x.com/i/status/2104668576489873542
33bb6453e28f9f170e710b4c,narrative_object,product,0.6887,0.3875,0.8,needs_review,https://x.com/i/status/2104668576489873542
33bb6453e28f9f170e710b4c,context_dependence,standalone,0.3782,0.0108,0.8,needs_review,https://x.com/i/status/2104668576489873542
89ded67437aeca7fdaa895d2,relevance,insufficient,0.5207,0.0679,0.8,insufficient,https://github.com/cloudflare/cloudflare-docs/commit/2be98ec3d8e40ec729aa284077cf4a0606639e76
89ded67437aeca7fdaa895d2,event,technical,0.9064,0.7705,0.8,accepted,https://github.com/cloudflare/cloudflare-docs/commit/2be98ec3d8e40ec729aa284077cf4a0606639e76
89ded67437aeca7fdaa895d2,claim,announcement,0.4099,0.2815,0.8,needs_review,https://github.com/cloudflare/cloudflare-docs/commit/2be98ec3d8e40ec729aa284077cf4a0606639e76
89ded67437aeca7fdaa895d2,tone,insufficient,0.3684,0.1117,0.8,insufficient,https://github.com/cloudflare/cloudflare-docs/commit/2be98ec3d8e40ec729aa284077cf4a0606639e76
89ded67437aeca7fdaa895d2,importance,routine,0.4489,0.1171,0.8,needs_review,https://github.com/cloudflare/cloudflare-docs/commit/2be98ec3d8e40ec729aa284077cf4a0606639e76
89ded67437aeca7fdaa895d2,urgency,none,0.5637,0.1653,0.8,needs_review,https://github.com/cloudflare/cloudflare-docs/commit/2be98ec3d8e40ec729aa284077cf4a0606639e76
89ded67437aeca7fdaa895d2,promotion,insufficient,0.3657,0.0301,0.8,insufficient,https://github.com/cloudflare/cloudflare-docs/commit/2be98ec3d8e40ec729aa284077cf4a0606639e76
89ded67437aeca7fdaa895d2,token_reference,absent,0.6899,0.2497,0.8,needs_review,https://github.com/cloudflare/cloudflare-docs/commit/2be98ec3d8e40ec729aa284077cf4a0606639e76
89ded67437aeca7fdaa895d2,narrative_object,absent,0.4347,0.1593,0.8,needs_review,https://github.com/cloudflare/cloudflare-docs/commit/2be98ec3d8e40ec729aa284077cf4a0606639e76
89ded67437aeca7fdaa895d2,context_dependence,standalone,0.4495,0.0308,0.8,needs_review,https://github.com/cloudflare/cloudflare-docs/commit/2be98ec3d8e40ec729aa284077cf4a0606639e76
e49cb2f09ce00ac7f6db3d71,relevance,insufficient,0.5236,0.0741,0.8,insufficient,https://github.com/google/skills_lint.dart/commit/ebdda07a47c6aba851f60d9532821e36faad6e6d
e49cb2f09ce00ac7f6db3d71,event,technical,0.9872,0.9542,0.8,accepted,https://github.com/google/skills_lint.dart/commit/ebdda07a47c6aba851f60d9532821e36faad6e6d
e49cb2f09ce00ac7f6db3d71,claim,announcement,0.5189,0.3047,0.8,needs_review,https://github.com/google/skills_lint.dart/commit/ebdda07a47c6aba851f60d9532821e36faad6e6d
e49cb2f09ce00ac7f6db3d71,tone,insufficient,0.393,0.1116,0.8,insufficient,https://github.com/google/skills_lint.dart/commit/ebdda07a47c6aba851f60d9532821e36faad6e6d
e49cb2f09ce00ac7f6db3d71,importance,routine,0.5584,0.1646,0.8,needs_review,https://github.com/google/skills_lint.dart/commit/ebdda07a47c6aba851f60d9532821e36faad6e6d
e49cb2f09ce00ac7f6db3d71,urgency,none,0.6457,0.2557,0.8,needs_review,https://github.com/google/skills_lint.dart/commit/ebdda07a47c6aba851f60d9532821e36faad6e6d
e49cb2f09ce00ac7f6db3d71,promotion,insufficient,0.4487,0.0699,0.8,insufficient,https://github.com/google/skills_lint.dart/commit/ebdda07a47c6aba851f60d9532821e36faad6e6d
e49cb2f09ce00ac7f6db3d71,token_reference,absent,0.7578,0.3445,0.8,needs_review,https://github.com/google/skills_lint.dart/commit/ebdda07a47c6aba851f60d9532821e36faad6e6d
e49cb2f09ce00ac7f6db3d71,narrative_object,absent,0.5424,0.3258,0.8,needs_review,https://github.com/google/skills_lint.dart/commit/ebdda07a47c6aba851f60d9532821e36faad6e6d
e49cb2f09ce00ac7f6db3d71,context_dependence,standalone,0.3899,0.0145,0.8,needs_review,https://github.com/google/skills_lint.dart/commit/ebdda07a47c6aba851f60d9532821e36faad6e6d
2b9a5ee62bdb2a13f8703209,relevance,informative,0.4448,0.0376,0.8,needs_review,https://x.com/i/status/2104668451633512850
2b9a5ee62bdb2a13f8703209,event,launch,0.9858,0.9546,0.8,accepted,https://x.com/i/status/2104668451633512850
2b9a5ee62bdb2a13f8703209,claim,announcement,0.9696,0.9003,0.8,accepted,https://x.com/i/status/2104668451633512850
2b9a5ee62bdb2a13f8703209,tone,positive,0.357,0.0804,0.8,needs_review,https://x.com/i/status/2104668451633512850
2b9a5ee62bdb2a13f8703209,importance,project,0.578,0.1849,0.8,needs_review,https://x.com/i/status/2104668451633512850
2b9a5ee62bdb2a13f8703209,urgency,none,0.3618,0.0746,0.8,needs_review,https://x.com/i/status/2104668451633512850
2b9a5ee62bdb2a13f8703209,promotion,promotional,0.7777,0.445,0.8,needs_review,https://x.com/i/status/2104668451633512850
2b9a5ee62bdb2a13f8703209,token_reference,absent,0.4923,0.0498,0.8,needs_review,https://x.com/i/status/2104668451633512850
2b9a5ee62bdb2a13f8703209,narrative_object,cultural,0.4453,0.2562,0.8,needs_review,https://x.com/i/status/2104668451633512850
2b9a5ee62bdb2a13f8703209,context_dependence,dependent,0.4347,0.0242,0.8,needs_review,https://x.com/i/status/2104668451633512850
0fdc0df09891a8004b20b6fd,relevance,insufficient,0.4742,0.0886,0.8,insufficient,https://github.com/microsoft/mxc/commit/3483adb1b9e373ec85d87bc37d929b5572469b95
0fdc0df09891a8004b20b6fd,event,technical,0.8149,0.6368,0.8,accepted,https://github.com/microsoft/mxc/commit/3483adb1b9e373ec85d87bc37d929b5572469b95
0fdc0df09891a8004b20b6fd,claim,insufficient,0.6034,0.2934,0.8,insufficient,https://github.com/microsoft/mxc/commit/3483adb1b9e373ec85d87bc37d929b5572469b95
0fdc0df09891a8004b20b6fd,tone,insufficient,0.3266,0.1096,0.8,insufficient,https://github.com/microsoft/mxc/commit/3483adb1b9e373ec85d87bc37d929b5572469b95
0fdc0df09891a8004b20b6fd,importance,project,0.3938,0.112,0.8,needs_review,https://github.com/microsoft/mxc/commit/3483adb1b9e373ec85d87bc37d929b5572469b95
0fdc0df09891a8004b20b6fd,urgency,none,0.6425,0.3351,0.8,needs_review,https://github.com/microsoft/mxc/commit/3483adb1b9e373ec85d87bc37d929b5572469b95
0fdc0df09891a8004b20b6fd,promotion,insufficient,0.4439,0.0665,0.8,insufficient,https://github.com/microsoft/mxc/commit/3483adb1b9e373ec85d87bc37d929b5572469b95
0fdc0df09891a8004b20b6fd,token_reference,absent,0.8044,0.4272,0.8,accepted,https://github.com/microsoft/mxc/commit/3483adb1b9e373ec85d87bc37d929b5572469b95
0fdc0df09891a8004b20b6fd,narrative_object,person,0.3714,0.1241,0.8,needs_review,https://github.com/microsoft/mxc/commit/3483adb1b9e373ec85d87bc37d929b5572469b95
0fdc0df09891a8004b20b6fd,context_dependence,standalone,0.4907,0.0481,0.8,needs_review,https://github.com/microsoft/mxc/commit/3483adb1b9e373ec85d87bc37d929b5572469b95
fc04f258baf562c247e54d39,relevance,insufficient,0.4961,0.0586,0.8,insufficient,https://x.com/i/status/2104668415327883575
fc04f258baf562c247e54d39,event,other,0.6031,0.3749,0.8,needs_review,https://x.com/i/status/2104668415327883575
fc04f258baf562c247e54d39,claim,question,0.5411,0.2984,0.8,needs_review,https://x.com/i/status/2104668415327883575
fc04f258baf562c247e54d39,tone,neutral,0.3464,0.0874,0.8,needs_review,https://x.com/i/status/2104668415327883575
fc04f258baf562c247e54d39,importance,insufficient,0.5031,0.1439,0.8,insufficient,https://x.com/i/status/2104668415327883575
fc04f258baf562c247e54d39,urgency,none,0.719,0.4272,0.8,needs_review,https://x.com/i/status/2104668415327883575
fc04f258baf562c247e54d39,promotion,insufficient,0.3073,0.0115,0.8,insufficient,https://x.com/i/status/2104668415327883575
fc04f258baf562c247e54d39,token_reference,absent,0.5943,0.1368,0.8,needs_review,https://x.com/i/status/2104668415327883575
fc04f258baf562c247e54d39,narrative_object,cultural,0.4136,0.1719,0.8,needs_review,https://x.com/i/status/2104668415327883575
fc04f258baf562c247e54d39,context_dependence,standalone,0.3701,0.0027,0.8,needs_review,https://x.com/i/status/2104668415327883575
80b75bfc38d4df0325d684f9,relevance,informative,0.4612,0.0689,0.8,needs_review,https://github.com/intel/AI-PC-Samples/commit/d0f5d6f52f6adc2ad7b8240410ac643fe2c7cb2e
80b75bfc38d4df0325d684f9,event,technical,0.9861,0.9529,0.8,accepted,https://github.com/intel/AI-PC-Samples/commit/d0f5d6f52f6adc2ad7b8240410ac643fe2c7cb2e
80b75bfc38d4df0325d684f9,claim,insufficient,0.5109,0.1952,0.8,insufficient,https://github.com/intel/AI-PC-Samples/commit/d0f5d6f52f6adc2ad7b8240410ac643fe2c7cb2e
80b75bfc38d4df0325d684f9,tone,insufficient,0.4488,0.1612,0.8,insufficient,https://github.com/intel/AI-PC-Samples/commit/d0f5d6f52f6adc2ad7b8240410ac643fe2c7cb2e
80b75bfc38d4df0325d684f9,importance,project,0.3324,0.0399,0.8,needs_review,https://github.com/intel/AI-PC-Samples/commit/d0f5d6f52f6adc2ad7b8240410ac643fe2c7cb2e
80b75bfc38d4df0325d684f9,urgency,none,0.6373,0.2526,0.8,needs_review,https://github.com/intel/AI-PC-Samples/commit/d0f5d6f52f6adc2ad7b8240410ac643fe2c7cb2e
80b75bfc38d4df0325d684f9,promotion,insufficient,0.4323,0.0875,0.8,insufficient,https://github.com/intel/AI-PC-Samples/commit/d0f5d6f52f6adc2ad7b8240410ac643fe2c7cb2e
80b75bfc38d4df0325d684f9,token_reference,absent,0.828,0.4766,0.8,accepted,https://github.com/intel/AI-PC-Samples/commit/d0f5d6f52f6adc2ad7b8240410ac643fe2c7cb2e
80b75bfc38d4df0325d684f9,narrative_object,product,0.4509,0.1852,0.8,needs_review,https://github.com/intel/AI-PC-Samples/commit/d0f5d6f52f6adc2ad7b8240410ac643fe2c7cb2e
80b75bfc38d4df0325d684f9,context_dependence,standalone,0.3509,0.0007,0.8,needs_review,https://github.com/intel/AI-PC-Samples/commit/d0f5d6f52f6adc2ad7b8240410ac643fe2c7cb2e
fb029593ffdbcaf53c832a77,relevance,insufficient,0.5809,0.1211,0.8,insufficient,https://github.com/ROCm/vllm/commit/e09b63b49961ba5cfa2dc9ce1810cbf350ef0719
fb029593ffdbcaf53c832a77,event,technical,0.9463,0.8616,0.8,accepted,https://github.com/ROCm/vllm/commit/e09b63b49961ba5cfa2dc9ce1810cbf350ef0719
fb029593ffdbcaf53c832a77,claim,insufficient,0.5267,0.2787,0.8,insufficient,https://github.com/ROCm/vllm/commit/e09b63b49961ba5cfa2dc9ce1810cbf350ef0719
fb029593ffdbcaf53c832a77,tone,insufficient,0.4952,0.2088,0.8,insufficient,https://github.com/ROCm/vllm/commit/e09b63b49961ba5cfa2dc9ce1810cbf350ef0719
fb029593ffdbcaf53c832a77,importance,routine,0.3712,0.0935,0.8,needs_review,https://github.com/ROCm/vllm/commit/e09b63b49961ba5cfa2dc9ce1810cbf350ef0719
fb029593ffdbcaf53c832a77,urgency,none,0.6439,0.279,0.8,needs_review,https://github.com/ROCm/vllm/commit/e09b63b49961ba5cfa2dc9ce1810cbf350ef0719
fb029593ffdbcaf53c832a77,promotion,insufficient,0.5925,0.1955,0.8,insufficient,https://github.com/ROCm/vllm/commit/e09b63b49961ba5cfa2dc9ce1810cbf350ef0719
fb029593ffdbcaf53c832a77,token_reference,absent,0.8161,0.4528,0.8,accepted,https://github.com/ROCm/vllm/commit/e09b63b49961ba5cfa2dc9ce1810cbf350ef0719
fb029593ffdbcaf53c832a77,narrative_object,absent,0.8521,0.6257,0.8,accepted,https://github.com/ROCm/vllm/commit/e09b63b49961ba5cfa2dc9ce1810cbf350ef0719
fb029593ffdbcaf53c832a77,context_dependence,insufficient,0.426,0.0398,0.8,insufficient,https://github.com/ROCm/vllm/commit/e09b63b49961ba5cfa2dc9ce1810cbf350ef0719
d5a995b0a3e8e53be6439e81,relevance,informative,0.4296,0.0423,0.8,needs_review,https://x.com/i/status/2104623282310058060
d5a995b0a3e8e53be6439e81,event,listing,0.7185,0.5457,0.8,needs_review,https://x.com/i/status/2104623282310058060
d5a995b0a3e8e53be6439e81,claim,announcement,0.9796,0.9278,0.8,accepted,https://x.com/i/status/2104623282310058060
d5a995b0a3e8e53be6439e81,tone,neutral,0.2982,0.0507,0.8,needs_review,https://x.com/i/status/2104623282310058060
d5a995b0a3e8e53be6439e81,importance,sector,0.3297,0.0119,0.8,needs_review,https://x.com/i/status/2104623282310058060
d5a995b0a3e8e53be6439e81,urgency,none,0.5194,0.1551,0.8,needs_review,https://x.com/i/status/2104623282310058060
d5a995b0a3e8e53be6439e81,promotion,promotional,0.4798,0.091,0.8,needs_review,https://x.com/i/status/2104623282310058060
d5a995b0a3e8e53be6439e81,token_reference,explicit,0.4408,0.0227,0.8,needs_review,https://x.com/i/status/2104623282310058060
d5a995b0a3e8e53be6439e81,narrative_object,absent,0.4057,0.1769,0.8,needs_review,https://x.com/i/status/2104623282310058060
d5a995b0a3e8e53be6439e81,context_dependence,dependent,0.4954,0.0508,0.8,needs_review,https://x.com/i/status/2104623282310058060
908280735f6ad4f251a897ba,relevance,insufficient,0.6528,0.1986,0.8,insufficient,https://x.com/i/status/2104668312986947835
908280735f6ad4f251a897ba,event,other,0.4494,0.3631,0.8,needs_review,https://x.com/i/status/2104668312986947835
908280735f6ad4f251a897ba,claim,insufficient,0.378,0.226,0.8,insufficient,https://x.com/i/status/2104668312986947835
908280735f6ad4f251a897ba,tone,neutral,0.3387,0.1555,0.8,needs_review,https://x.com/i/status/2104668312986947835
908280735f6ad4f251a897ba,importance,insufficient,0.731,0.3752,0.8,insufficient,https://x.com/i/status/2104668312986947835
908280735f6ad4f251a897ba,urgency,none,0.6282,0.3719,0.8,needs_review,https://x.com/i/status/2104668312986947835
908280735f6ad4f251a897ba,promotion,insufficient,0.5539,0.1683,0.8,insufficient,https://x.com/i/status/2104668312986947835
908280735f6ad4f251a897ba,token_reference,absent,0.6891,0.2542,0.8,needs_review,https://x.com/i/status/2104668312986947835
908280735f6ad4f251a897ba,narrative_object,absent,0.702,0.4147,0.8,needs_review,https://x.com/i/status/2104668312986947835
908280735f6ad4f251a897ba,context_dependence,insufficient,0.4267,0.0178,0.8,insufficient,https://x.com/i/status/2104668312986947835
8e84192bd701c3dabdbe5cfc,relevance,informative,0.6028,0.1421,0.8,needs_review,https://github.com/facebook/watchman/commit/947b9259c3a780eafa1c6c446f81f703de4db2f8
8e84192bd701c3dabdbe5cfc,event,technical,0.9785,0.9286,0.8,accepted,https://github.com/facebook/watchman/commit/947b9259c3a780eafa1c6c446f81f703de4db2f8
8e84192bd701c3dabdbe5cfc,claim,correction,0.8729,0.678,0.8,accepted,https://github.com/facebook/watchman/commit/947b9259c3a780eafa1c6c446f81f703de4db2f8
8e84192bd701c3dabdbe5cfc,tone,neutral,0.4004,0.0809,0.8,needs_review,https://github.com/facebook/watchman/commit/947b9259c3a780eafa1c6c446f81f703de4db2f8
8e84192bd701c3dabdbe5cfc,importance,routine,0.4224,0.0842,0.8,needs_review,https://github.com/facebook/watchman/commit/947b9259c3a780eafa1c6c446f81f703de4db2f8
8e84192bd701c3dabdbe5cfc,urgency,none,0.6487,0.2637,0.8,needs_review,https://github.com/facebook/watchman/commit/947b9259c3a780eafa1c6c446f81f703de4db2f8
8e84192bd701c3dabdbe5cfc,promotion,informational,0.5447,0.1437,0.8,needs_review,https://github.com/facebook/watchman/commit/947b9259c3a780eafa1c6c446f81f703de4db2f8
8e84192bd701c3dabdbe5cfc,token_reference,absent,0.6793,0.2271,0.8,needs_review,https://github.com/facebook/watchman/commit/947b9259c3a780eafa1c6c446f81f703de4db2f8
8e84192bd701c3dabdbe5cfc,narrative_object,absent,0.6055,0.2689,0.8,needs_review,https://github.com/facebook/watchman/commit/947b9259c3a780eafa1c6c446f81f703de4db2f8
8e84192bd701c3dabdbe5cfc,context_dependence,standalone,0.5315,0.0771,0.8,needs_review,https://github.com/facebook/watchman/commit/947b9259c3a780eafa1c6c446f81f703de4db2f8
5837a6661309043fbcfb4c92,relevance,informative,0.5957,0.1354,0.8,needs_review,https://github.com/facebook/wangle/commit/7f22be91110968e70f70a447db153bc36c3bff21
5837a6661309043fbcfb4c92,event,technical,0.9769,0.9242,0.8,accepted,https://github.com/facebook/wangle/commit/7f22be91110968e70f70a447db153bc36c3bff21
5837a6661309043fbcfb4c92,claim,correction,0.8632,0.6592,0.8,accepted,https://github.com/facebook/wangle/commit/7f22be91110968e70f70a447db153bc36c3bff21
5837a6661309043fbcfb4c92,tone,neutral,0.397,0.0798,0.8,needs_review,https://github.com/facebook/wangle/commit/7f22be91110968e70f70a447db153bc36c3bff21
5837a6661309043fbcfb4c92,importance,routine,0.432,0.0854,0.8,needs_review,https://github.com/facebook/wangle/commit/7f22be91110968e70f70a447db153bc36c3bff21
5837a6661309043fbcfb4c92,urgency,none,0.655,0.2754,0.8,needs_review,https://github.com/facebook/wangle/commit/7f22be91110968e70f70a447db153bc36c3bff21
5837a6661309043fbcfb4c92,promotion,informational,0.5226,0.1238,0.8,needs_review,https://github.com/facebook/wangle/commit/7f22be91110968e70f70a447db153bc36c3bff21
5837a6661309043fbcfb4c92,token_reference,absent,0.6923,0.2457,0.8,needs_review,https://github.com/facebook/wangle/commit/7f22be91110968e70f70a447db153bc36c3bff21
5837a6661309043fbcfb4c92,narrative_object,absent,0.5476,0.2179,0.8,needs_review,https://github.com/facebook/wangle/commit/7f22be91110968e70f70a447db153bc36c3bff21
5837a6661309043fbcfb4c92,context_dependence,standalone,0.5266,0.0729,0.8,needs_review,https://github.com/facebook/wangle/commit/7f22be91110968e70f70a447db153bc36c3bff21
2494227a6288f7c44a315a35,relevance,informative,0.5874,0.1265,0.8,needs_review,https://github.com/facebook/sapling/commit/6cc0606211a351b708e260d3e2d5d6e2ac6cef56
2494227a6288f7c44a315a35,event,technical,0.9719,0.9108,0.8,accepted,https://github.com/facebook/sapling/commit/6cc0606211a351b708e260d3e2d5d6e2ac6cef56
2494227a6288f7c44a315a35,claim,correction,0.8823,0.6968,0.8,accepted,https://github.com/facebook/sapling/commit/6cc0606211a351b708e260d3e2d5d6e2ac6cef56
2494227a6288f7c44a315a35,tone,neutral,0.3931,0.0807,0.8,needs_review,https://github.com/facebook/sapling/commit/6cc0606211a351b708e260d3e2d5d6e2ac6cef56
2494227a6288f7c44a315a35,importance,routine,0.4115,0.0742,0.8,needs_review,https://github.com/facebook/sapling/commit/6cc0606211a351b708e260d3e2d5d6e2ac6cef56
2494227a6288f7c44a315a35,urgency,none,0.6552,0.273,0.8,needs_review,https://github.com/facebook/sapling/commit/6cc0606211a351b708e260d3e2d5d6e2ac6cef56
2494227a6288f7c44a315a35,promotion,informational,0.533,0.1342,0.8,needs_review,https://github.com/facebook/sapling/commit/6cc0606211a351b708e260d3e2d5d6e2ac6cef56
2494227a6288f7c44a315a35,token_reference,absent,0.698,0.2531,0.8,needs_review,https://github.com/facebook/sapling/commit/6cc0606211a351b708e260d3e2d5d6e2ac6cef56
2494227a6288f7c44a315a35,narrative_object,absent,0.6031,0.2726,0.8,needs_review,https://github.com/facebook/sapling/commit/6cc0606211a351b708e260d3e2d5d6e2ac6cef56
2494227a6288f7c44a315a35,context_dependence,standalone,0.5025,0.0563,0.8,needs_review,https://github.com/facebook/sapling/commit/6cc0606211a351b708e260d3e2d5d6e2ac6cef56
0871a0c2de023cc8aa5942f9,relevance,informative,0.5164,0.0752,0.8,needs_review,https://github.com/facebook/rebalancer/commit/0b2b5d82e85fda7db1ee0e4b358400914c0fe183
0871a0c2de023cc8aa5942f9,event,technical,0.9822,0.939,0.8,accepted,https://github.com/facebook/rebalancer/commit/0b2b5d82e85fda7db1ee0e4b358400914c0fe183
0871a0c2de023cc8aa5942f9,claim,correction,0.8839,0.7001,0.8,accepted,https://github.com/facebook/rebalancer/commit/0b2b5d82e85fda7db1ee0e4b358400914c0fe183
0871a0c2de023cc8aa5942f9,tone,neutral,0.3898,0.0747,0.8,needs_review,https://github.com/facebook/rebalancer/commit/0b2b5d82e85fda7db1ee0e4b358400914c0fe183
0871a0c2de023cc8aa5942f9,importance,routine,0.4226,0.0811,0.8,needs_review,https://github.com/facebook/rebalancer/commit/0b2b5d82e85fda7db1ee0e4b358400914c0fe183
0871a0c2de023cc8aa5942f9,urgency,none,0.6001,0.2198,0.8,needs_review,https://github.com/facebook/rebalancer/commit/0b2b5d82e85fda7db1ee0e4b358400914c0fe183
0871a0c2de023cc8aa5942f9,promotion,informational,0.5152,0.1194,0.8,needs_review,https://github.com/facebook/rebalancer/commit/0b2b5d82e85fda7db1ee0e4b358400914c0fe183
0871a0c2de023cc8aa5942f9,token_reference,absent,0.6917,0.2455,0.8,needs_review,https://github.com/facebook/rebalancer/commit/0b2b5d82e85fda7db1ee0e4b358400914c0fe183
0871a0c2de023cc8aa5942f9,narrative_object,absent,0.5806,0.2471,0.8,needs_review,https://github.com/facebook/rebalancer/commit/0b2b5d82e85fda7db1ee0e4b358400914c0fe183
0871a0c2de023cc8aa5942f9,context_dependence,standalone,0.4868,0.0461,0.8,needs_review,https://github.com/facebook/rebalancer/commit/0b2b5d82e85fda7db1ee0e4b358400914c0fe183
4c5c6fb9f63cb61694ecaabf,relevance,informative,0.5995,0.138,0.8,needs_review,https://github.com/facebook/openr/commit/a71081ada3d9d8391be4ef22025778dd0998d4e2
4c5c6fb9f63cb61694ecaabf,event,technical,0.9774,0.9254,0.8,accepted,https://github.com/facebook/openr/commit/a71081ada3d9d8391be4ef22025778dd0998d4e2
4c5c6fb9f63cb61694ecaabf,claim,correction,0.8869,0.7055,0.8,accepted,https://github.com/facebook/openr/commit/a71081ada3d9d8391be4ef22025778dd0998d4e2
4c5c6fb9f63cb61694ecaabf,tone,neutral,0.3883,0.0716,0.8,needs_review,https://github.com/facebook/openr/commit/a71081ada3d9d8391be4ef22025778dd0998d4e2
4c5c6fb9f63cb61694ecaabf,importance,routine,0.4351,0.0967,0.8,needs_review,https://github.com/facebook/openr/commit/a71081ada3d9d8391be4ef22025778dd0998d4e2
4c5c6fb9f63cb61694ecaabf,urgency,none,0.6456,0.2586,0.8,needs_review,https://github.com/facebook/openr/commit/a71081ada3d9d8391be4ef22025778dd0998d4e2
4c5c6fb9f63cb61694ecaabf,promotion,informational,0.5148,0.1177,0.8,needs_review,https://github.com/facebook/openr/commit/a71081ada3d9d8391be4ef22025778dd0998d4e2
4c5c6fb9f63cb61694ecaabf,token_reference,absent,0.6804,0.2287,0.8,needs_review,https://github.com/facebook/openr/commit/a71081ada3d9d8391be4ef22025778dd0998d4e2
4c5c6fb9f63cb61694ecaabf,narrative_object,absent,0.5903,0.2587,0.8,needs_review,https://github.com/facebook/openr/commit/a71081ada3d9d8391be4ef22025778dd0998d4e2
4c5c6fb9f63cb61694ecaabf,context_dependence,standalone,0.5141,0.0654,0.8,needs_review,https://github.com/facebook/openr/commit/a71081ada3d9d8391be4ef22025778dd0998d4e2
339ef42986dc3995629d4161,relevance,informative,0.6005,0.1401,0.8,needs_review,https://github.com/facebook/mcrouter/commit/2a8c039197cfc2353d067c37bc3166cd6e201acb
339ef42986dc3995629d4161,event,technical,0.9841,0.9445,0.8,accepted,https://github.com/facebook/mcrouter/commit/2a8c039197cfc2353d067c37bc3166cd6e201acb
339ef42986dc3995629d4161,claim,correction,0.8615,0.6562,0.8,accepted,https://github.com/facebook/mcrouter/commit/2a8c039197cfc2353d067c37bc3166cd6e201acb
339ef42986dc3995629d4161,tone,neutral,0.4037,0.0812,0.8,needs_review,https://github.com/facebook/mcrouter/commit/2a8c039197cfc2353d067c37bc3166cd6e201acb
339ef42986dc3995629d4161,importance,routine,0.4563,0.1023,0.8,needs_review,https://github.com/facebook/mcrouter/commit/2a8c039197cfc2353d067c37bc3166cd6e201acb
339ef42986dc3995629d4161,urgency,none,0.6485,0.2694,0.8,needs_review,https://github.com/facebook/mcrouter/commit/2a8c039197cfc2353d067c37bc3166cd6e201acb
339ef42986dc3995629d4161,promotion,informational,0.5244,0.126,0.8,needs_review,https://github.com/facebook/mcrouter/commit/2a8c039197cfc2353d067c37bc3166cd6e201acb
339ef42986dc3995629d4161,token_reference,absent,0.6907,0.2425,0.8,needs_review,https://github.com/facebook/mcrouter/commit/2a8c039197cfc2353d067c37bc3166cd6e201acb
339ef42986dc3995629d4161,narrative_object,absent,0.5894,0.2596,0.8,needs_review,https://github.com/facebook/mcrouter/commit/2a8c039197cfc2353d067c37bc3166cd6e201acb
339ef42986dc3995629d4161,context_dependence,standalone,0.5179,0.0691,0.8,needs_review,https://github.com/facebook/mcrouter/commit/2a8c039197cfc2353d067c37bc3166cd6e201acb
ea02defb41f43a2f52a67961,relevance,informative,0.6243,0.1633,0.8,needs_review,https://github.com/facebook/hhvm/commit/697de2904834eb85c65a756f59809ba95e8a4340
ea02defb41f43a2f52a67961,event,technical,0.977,0.9243,0.8,accepted,https://github.com/facebook/hhvm/commit/697de2904834eb85c65a756f59809ba95e8a4340
ea02defb41f43a2f52a67961,claim,correction,0.8794,0.6906,0.8,accepted,https://github.com/facebook/hhvm/commit/697de2904834eb85c65a756f59809ba95e8a4340
ea02defb41f43a2f52a67961,tone,neutral,0.4011,0.0799,0.8,needs_review,https://github.com/facebook/hhvm/commit/697de2904834eb85c65a756f59809ba95e8a4340
ea02defb41f43a2f52a67961,importance,routine,0.4426,0.0934,0.8,needs_review,https://github.com/facebook/hhvm/commit/697de2904834eb85c65a756f59809ba95e8a4340
ea02defb41f43a2f52a67961,urgency,none,0.6318,0.2385,0.8,needs_review,https://github.com/facebook/hhvm/commit/697de2904834eb85c65a756f59809ba95e8a4340
ea02defb41f43a2f52a67961,promotion,informational,0.549,0.1484,0.8,needs_review,https://github.com/facebook/hhvm/commit/697de2904834eb85c65a756f59809ba95e8a4340
ea02defb41f43a2f52a67961,token_reference,absent,0.6704,0.2158,0.8,needs_review,https://github.com/facebook/hhvm/commit/697de2904834eb85c65a756f59809ba95e8a4340
ea02defb41f43a2f52a67961,narrative_object,absent,0.4783,0.1795,0.8,needs_review,https://github.com/facebook/hhvm/commit/697de2904834eb85c65a756f59809ba95e8a4340
ea02defb41f43a2f52a67961,context_dependence,standalone,0.5187,0.069,0.8,needs_review,https://github.com/facebook/hhvm/commit/697de2904834eb85c65a756f59809ba95e8a4340
885a4c58a2f4254bcbf4fe1f,relevance,informative,0.5576,0.1035,0.8,needs_review,https://github.com/facebook/fbthrift/commit/190be79cc7bec5ab89ecd20c8f2aeb78211b709b
885a4c58a2f4254bcbf4fe1f,event,technical,0.9778,0.9264,0.8,accepted,https://github.com/facebook/fbthrift/commit/190be79cc7bec5ab89ecd20c8f2aeb78211b709b
885a4c58a2f4254bcbf4fe1f,claim,correction,0.8702,0.674,0.8,accepted,https://github.com/facebook/fbthrift/commit/190be79cc7bec5ab89ecd20c8f2aeb78211b709b
885a4c58a2f4254bcbf4fe1f,tone,neutral,0.4044,0.0866,0.8,needs_review,https://github.com/facebook/fbthrift/commit/190be79cc7bec5ab89ecd20c8f2aeb78211b709b
885a4c58a2f4254bcbf4fe1f,importance,routine,0.4156,0.0817,0.8,needs_review,https://github.com/facebook/fbthrift/commit/190be79cc7bec5ab89ecd20c8f2aeb78211b709b
885a4c58a2f4254bcbf4fe1f,urgency,none,0.6371,0.262,0.8,needs_review,https://github.com/facebook/fbthrift/commit/190be79cc7bec5ab89ecd20c8f2aeb78211b709b
885a4c58a2f4254bcbf4fe1f,promotion,informational,0.5224,0.1254,0.8,needs_review,https://github.com/facebook/fbthrift/commit/190be79cc7bec5ab89ecd20c8f2aeb78211b709b
885a4c58a2f4254bcbf4fe1f,token_reference,absent,0.692,0.2477,0.8,needs_review,https://github.com/facebook/fbthrift/commit/190be79cc7bec5ab89ecd20c8f2aeb78211b709b
885a4c58a2f4254bcbf4fe1f,narrative_object,absent,0.5022,0.1836,0.8,needs_review,https://github.com/facebook/fbthrift/commit/190be79cc7bec5ab89ecd20c8f2aeb78211b709b
885a4c58a2f4254bcbf4fe1f,context_dependence,standalone,0.4885,0.0489,0.8,needs_review,https://github.com/facebook/fbthrift/commit/190be79cc7bec5ab89ecd20c8f2aeb78211b709b
e4a3625a98e15fea93ee8132,relevance,informative,0.6068,0.1441,0.8,needs_review,https://github.com/facebook/fboss/commit/defe6ab857ceb041d9724d18f3da44a0a3bc4e2a
e4a3625a98e15fea93ee8132,event,technical,0.9732,0.9141,0.8,accepted,https://github.com/facebook/fboss/commit/defe6ab857ceb041d9724d18f3da44a0a3bc4e2a
e4a3625a98e15fea93ee8132,claim,correction,0.895,0.7221,0.8,accepted,https://github.com/facebook/fboss/commit/defe6ab857ceb041d9724d18f3da44a0a3bc4e2a
e4a3625a98e15fea93ee8132,tone,neutral,0.389,0.0746,0.8,needs_review,https://github.com/facebook/fboss/commit/defe6ab857ceb041d9724d18f3da44a0a3bc4e2a
e4a3625a98e15fea93ee8132,importance,routine,0.4116,0.0911,0.8,needs_review,https://github.com/facebook/fboss/commit/defe6ab857ceb041d9724d18f3da44a0a3bc4e2a
e4a3625a98e15fea93ee8132,urgency,none,0.6383,0.2466,0.8,needs_review,https://github.com/facebook/fboss/commit/defe6ab857ceb041d9724d18f3da44a0a3bc4e2a
e4a3625a98e15fea93ee8132,promotion,informational,0.5403,0.1396,0.8,needs_review,https://github.com/facebook/fboss/commit/defe6ab857ceb041d9724d18f3da44a0a3bc4e2a
e4a3625a98e15fea93ee8132,token_reference,absent,0.7035,0.2609,0.8,needs_review,https://github.com/facebook/fboss/commit/defe6ab857ceb041d9724d18f3da44a0a3bc4e2a
e4a3625a98e15fea93ee8132,narrative_object,absent,0.4453,0.1584,0.8,needs_review,https://github.com/facebook/fboss/commit/defe6ab857ceb041d9724d18f3da44a0a3bc4e2a
e4a3625a98e15fea93ee8132,context_dependence,standalone,0.5079,0.0612,0.8,needs_review,https://github.com/facebook/fboss/commit/defe6ab857ceb041d9724d18f3da44a0a3bc4e2a
a7e7b4a61271422ecb116aeb,relevance,informative,0.5842,0.1246,0.8,needs_review,https://github.com/facebook/BGP/commit/1992a0f9cf306a03f1dc31b979c779b8e1ae2f88
a7e7b4a61271422ecb116aeb,event,technical,0.9695,0.9046,0.8,accepted,https://github.com/facebook/BGP/commit/1992a0f9cf306a03f1dc31b979c779b8e1ae2f88
a7e7b4a61271422ecb116aeb,claim,correction,0.8912,0.7142,0.8,accepted,https://github.com/facebook/BGP/commit/1992a0f9cf306a03f1dc31b979c779b8e1ae2f88
a7e7b4a61271422ecb116aeb,tone,neutral,0.3883,0.0755,0.8,needs_review,https://github.com/facebook/BGP/commit/1992a0f9cf306a03f1dc31b979c779b8e1ae2f88
a7e7b4a61271422ecb116aeb,importance,routine,0.4754,0.1127,0.8,needs_review,https://github.com/facebook/BGP/commit/1992a0f9cf306a03f1dc31b979c779b8e1ae2f88
a7e7b4a61271422ecb116aeb,urgency,none,0.6319,0.2418,0.8,needs_review,https://github.com/facebook/BGP/commit/1992a0f9cf306a03f1dc31b979c779b8e1ae2f88
a7e7b4a61271422ecb116aeb,promotion,informational,0.542,0.1438,0.8,needs_review,https://github.com/facebook/BGP/commit/1992a0f9cf306a03f1dc31b979c779b8e1ae2f88
a7e7b4a61271422ecb116aeb,token_reference,absent,0.6845,0.2353,0.8,needs_review,https://github.com/facebook/BGP/commit/1992a0f9cf306a03f1dc31b979c779b8e1ae2f88
a7e7b4a61271422ecb116aeb,narrative_object,absent,0.4701,0.2011,0.8,needs_review,https://github.com/facebook/BGP/commit/1992a0f9cf306a03f1dc31b979c779b8e1ae2f88
a7e7b4a61271422ecb116aeb,context_dependence,standalone,0.4908,0.0494,0.8,needs_review,https://github.com/facebook/BGP/commit/1992a0f9cf306a03f1dc31b979c779b8e1ae2f88
b1708efdd05fe883f057a088,relevance,noise,0.361,0.0054,0.8,needs_review,https://x.com/i/status/2104668260000301174
b1708efdd05fe883f057a088,event,launch,0.4456,0.4028,0.8,needs_review,https://x.com/i/status/2104668260000301174
b1708efdd05fe883f057a088,claim,announcement,0.9617,0.8878,0.8,accepted,https://x.com/i/status/2104668260000301174
b1708efdd05fe883f057a088,tone,positive,0.4798,0.154,0.8,needs_review,https://x.com/i/status/2104668260000301174
b1708efdd05fe883f057a088,importance,project,0.4925,0.1171,0.8,needs_review,https://x.com/i/status/2104668260000301174
b1708efdd05fe883f057a088,urgency,none,0.374,0.041,0.8,needs_review,https://x.com/i/status/2104668260000301174
b1708efdd05fe883f057a088,promotion,promotional,0.479,0.0895,0.8,needs_review,https://x.com/i/status/2104668260000301174
b1708efdd05fe883f057a088,token_reference,absent,0.6943,0.2472,0.8,needs_review,https://x.com/i/status/2104668260000301174
b1708efdd05fe883f057a088,narrative_object,product,0.4077,0.184,0.8,needs_review,https://x.com/i/status/2104668260000301174
b1708efdd05fe883f057a088,context_dependence,dependent,0.4266,0.0336,0.8,needs_review,https://x.com/i/status/2104668260000301174
02eeeb96ea43d30a665a22ce,relevance,insufficient,0.6239,0.1602,0.8,insufficient,https://github.com/ROCm/rocm-libraries/commit/cf5406bd373f31da8b1d5a4ad1ae9de13dabfdff
02eeeb96ea43d30a665a22ce,event,technical,0.8511,0.7277,0.8,accepted,https://github.com/ROCm/rocm-libraries/commit/cf5406bd373f31da8b1d5a4ad1ae9de13dabfdff
02eeeb96ea43d30a665a22ce,claim,insufficient,0.8285,0.6073,0.8,insufficient,https://github.com/ROCm/rocm-libraries/commit/cf5406bd373f31da8b1d5a4ad1ae9de13dabfdff
02eeeb96ea43d30a665a22ce,tone,insufficient,0.4612,0.2196,0.8,insufficient,https://github.com/ROCm/rocm-libraries/commit/cf5406bd373f31da8b1d5a4ad1ae9de13dabfdff
02eeeb96ea43d30a665a22ce,importance,insufficient,0.5828,0.1964,0.8,insufficient,https://github.com/ROCm/rocm-libraries/commit/cf5406bd373f31da8b1d5a4ad1ae9de13dabfdff
02eeeb96ea43d30a665a22ce,urgency,none,0.6666,0.4172,0.8,needs_review,https://github.com/ROCm/rocm-libraries/commit/cf5406bd373f31da8b1d5a4ad1ae9de13dabfdff
02eeeb96ea43d30a665a22ce,promotion,insufficient,0.5537,0.1867,0.8,insufficient,https://github.com/ROCm/rocm-libraries/commit/cf5406bd373f31da8b1d5a4ad1ae9de13dabfdff
02eeeb96ea43d30a665a22ce,token_reference,absent,0.8799,0.5931,0.8,accepted,https://github.com/ROCm/rocm-libraries/commit/cf5406bd373f31da8b1d5a4ad1ae9de13dabfdff
02eeeb96ea43d30a665a22ce,narrative_object,absent,0.7465,0.4726,0.8,needs_review,https://github.com/ROCm/rocm-libraries/commit/cf5406bd373f31da8b1d5a4ad1ae9de13dabfdff
02eeeb96ea43d30a665a22ce,context_dependence,insufficient,0.579,0.1274,0.8,insufficient,https://github.com/ROCm/rocm-libraries/commit/cf5406bd373f31da8b1d5a4ad1ae9de13dabfdff
ec552626dbc26b24736836ed,relevance,noise,0.4144,0.0462,0.8,needs_review,https://x.com/i/status/2104668151564952047
ec552626dbc26b24736836ed,event,launch,0.9654,0.9062,0.8,accepted,https://x.com/i/status/2104668151564952047
ec552626dbc26b24736836ed,claim,announcement,0.9727,0.912,0.8,accepted,https://x.com/i/status/2104668151564952047
ec552626dbc26b24736836ed,tone,insufficient,0.2521,0.06,0.8,insufficient,https://x.com/i/status/2104668151564952047
ec552626dbc26b24736836ed,importance,project,0.5139,0.1453,0.8,needs_review,https://x.com/i/status/2104668151564952047
ec552626dbc26b24736836ed,urgency,none,0.5206,0.1499,0.8,needs_review,https://x.com/i/status/2104668151564952047
ec552626dbc26b24736836ed,promotion,promotional,0.7895,0.4633,0.8,needs_review,https://x.com/i/status/2104668151564952047
ec552626dbc26b24736836ed,token_reference,absent,0.6905,0.2457,0.8,needs_review,https://x.com/i/status/2104668151564952047
ec552626dbc26b24736836ed,narrative_object,cultural,0.4882,0.2514,0.8,needs_review,https://x.com/i/status/2104668151564952047
ec552626dbc26b24736836ed,context_dependence,standalone,0.3929,0.0135,0.8,needs_review,https://x.com/i/status/2104668151564952047
e28278770e05ff5b76327436,relevance,insufficient,0.6943,0.285,0.8,insufficient,https://github.com/microsoft/garnet/commit/b45278cde6c1279daccc65ce523efa905b57e818
e28278770e05ff5b76327436,event,technical,0.9651,0.9117,0.8,accepted,https://github.com/microsoft/garnet/commit/b45278cde6c1279daccc65ce523efa905b57e818
e28278770e05ff5b76327436,claim,insufficient,0.7303,0.5238,0.8,insufficient,https://github.com/microsoft/garnet/commit/b45278cde6c1279daccc65ce523efa905b57e818
e28278770e05ff5b76327436,tone,insufficient,0.7201,0.4503,0.8,insufficient,https://github.com/microsoft/garnet/commit/b45278cde6c1279daccc65ce523efa905b57e818
e28278770e05ff5b76327436,importance,routine,0.5078,0.2059,0.8,needs_review,https://github.com/microsoft/garnet/commit/b45278cde6c1279daccc65ce523efa905b57e818
e28278770e05ff5b76327436,urgency,none,0.757,0.4961,0.8,needs_review,https://github.com/microsoft/garnet/commit/b45278cde6c1279daccc65ce523efa905b57e818
e28278770e05ff5b76327436,promotion,insufficient,0.5313,0.4468,0.8,insufficient,https://github.com/microsoft/garnet/commit/b45278cde6c1279daccc65ce523efa905b57e818
e28278770e05ff5b76327436,token_reference,absent,0.787,0.3947,0.8,needs_review,https://github.com/microsoft/garnet/commit/b45278cde6c1279daccc65ce523efa905b57e818
e28278770e05ff5b76327436,narrative_object,product,0.7793,0.5442,0.8,needs_review,https://github.com/microsoft/garnet/commit/b45278cde6c1279daccc65ce523efa905b57e818
e28278770e05ff5b76327436,context_dependence,insufficient,0.636,0.1792,0.8,insufficient,https://github.com/microsoft/garnet/commit/b45278cde6c1279daccc65ce523efa905b57e818
131899055be532f86b445467,relevance,insufficient,0.4064,0.0467,0.8,insufficient,https://github.com/palantir/osdk-ts/commit/93a937065d30603398ed2059e95a50c578c132cd
131899055be532f86b445467,event,technical,0.8254,0.7117,0.8,accepted,https://github.com/palantir/osdk-ts/commit/93a937065d30603398ed2059e95a50c578c132cd
131899055be532f86b445467,claim,announcement,0.9764,0.9223,0.8,accepted,https://github.com/palantir/osdk-ts/commit/93a937065d30603398ed2059e95a50c578c132cd
131899055be532f86b445467,tone,insufficient,0.374,0.1422,0.8,insufficient,https://github.com/palantir/osdk-ts/commit/93a937065d30603398ed2059e95a50c578c132cd
131899055be532f86b445467,importance,project,0.4121,0.0918,0.8,needs_review,https://github.com/palantir/osdk-ts/commit/93a937065d30603398ed2059e95a50c578c132cd
131899055be532f86b445467,urgency,none,0.526,0.1797,0.8,needs_review,https://github.com/palantir/osdk-ts/commit/93a937065d30603398ed2059e95a50c578c132cd
131899055be532f86b445467,promotion,promotional,0.3573,0.0412,0.8,needs_review,https://github.com/palantir/osdk-ts/commit/93a937065d30603398ed2059e95a50c578c132cd
131899055be532f86b445467,token_reference,absent,0.7892,0.401,0.8,needs_review,https://github.com/palantir/osdk-ts/commit/93a937065d30603398ed2059e95a50c578c132cd
131899055be532f86b445467,narrative_object,product,0.5928,0.31,0.8,needs_review,https://github.com/palantir/osdk-ts/commit/93a937065d30603398ed2059e95a50c578c132cd
131899055be532f86b445467,context_dependence,standalone,0.4742,0.0415,0.8,needs_review,https://github.com/palantir/osdk-ts/commit/93a937065d30603398ed2059e95a50c578c132cd
0353c92fd7f3cb54aad75656,relevance,insufficient,0.4127,0.0142,0.8,insufficient,https://x.com/i/status/2104668098150211988
0353c92fd7f3cb54aad75656,event,incident,0.9319,0.82,0.8,accepted,https://x.com/i/status/2104668098150211988
0353c92fd7f3cb54aad75656,claim,announcement,0.5236,0.2925,0.8,needs_review,https://x.com/i/status/2104668098150211988
0353c92fd7f3cb54aad75656,tone,negative,0.7102,0.398,0.8,needs_review,https://x.com/i/status/2104668098150211988
0353c92fd7f3cb54aad75656,importance,insufficient,0.4391,0.0716,0.8,insufficient,https://x.com/i/status/2104668098150211988
0353c92fd7f3cb54aad75656,urgency,none,0.5744,0.2068,0.8,needs_review,https://x.com/i/status/2104668098150211988
0353c92fd7f3cb54aad75656,promotion,informational,0.3761,0.0438,0.8,needs_review,https://x.com/i/status/2104668098150211988
0353c92fd7f3cb54aad75656,token_reference,absent,0.7044,0.2621,0.8,needs_review,https://x.com/i/status/2104668098150211988
0353c92fd7f3cb54aad75656,narrative_object,absent,0.7425,0.4584,0.8,needs_review,https://x.com/i/status/2104668098150211988
0353c92fd7f3cb54aad75656,context_dependence,dependent,0.4799,0.0533,0.8,needs_review,https://x.com/i/status/2104668098150211988
6ace64ca51d77e8c56cb2cea,relevance,insufficient,0.4378,0.0379,0.8,insufficient,https://x.com/i/status/2104668086418776443
6ace64ca51d77e8c56cb2cea,event,launch,0.8444,0.702,0.8,accepted,https://x.com/i/status/2104668086418776443
6ace64ca51d77e8c56cb2cea,claim,announcement,0.9767,0.9211,0.8,accepted,https://x.com/i/status/2104668086418776443
6ace64ca51d77e8c56cb2cea,tone,mixed,0.2733,0.0784,0.8,needs_review,https://x.com/i/status/2104668086418776443
6ace64ca51d77e8c56cb2cea,importance,project,0.4976,0.11,0.8,needs_review,https://x.com/i/status/2104668086418776443
6ace64ca51d77e8c56cb2cea,urgency,none,0.5361,0.1458,0.8,needs_review,https://x.com/i/status/2104668086418776443
6ace64ca51d77e8c56cb2cea,promotion,promotional,0.7776,0.4435,0.8,needs_review,https://x.com/i/status/2104668086418776443
6ace64ca51d77e8c56cb2cea,token_reference,absent,0.407,0.0111,0.8,needs_review,https://x.com/i/status/2104668086418776443
6ace64ca51d77e8c56cb2cea,narrative_object,product,0.5869,0.2477,0.8,needs_review,https://x.com/i/status/2104668086418776443
6ace64ca51d77e8c56cb2cea,context_dependence,insufficient,0.465,0.0576,0.8,insufficient,https://x.com/i/status/2104668086418776443
4cc627ec69298d5a0ecc4c64,relevance,,,,0.8,needs_review,https://x.com/i/status/2104668083625365670
4cc627ec69298d5a0ecc4c64,event,,,,0.8,needs_review,https://x.com/i/status/2104668083625365670
4cc627ec69298d5a0ecc4c64,claim,,,,0.8,needs_review,https://x.com/i/status/2104668083625365670
4cc627ec69298d5a0ecc4c64,tone,,,,0.8,needs_review,https://x.com/i/status/2104668083625365670
4cc627ec69298d5a0ecc4c64,importance,,,,0.8,needs_review,https://x.com/i/status/2104668083625365670
4cc627ec69298d5a0ecc4c64,urgency,,,,0.8,needs_review,https://x.com/i/status/2104668083625365670
4cc627ec69298d5a0ecc4c64,promotion,,,,0.8,needs_review,https://x.com/i/status/2104668083625365670
4cc627ec69298d5a0ecc4c64,token_reference,,,,0.8,needs_review,https://x.com/i/status/2104668083625365670
4cc627ec69298d5a0ecc4c64,narrative_object,,,,0.8,needs_review,https://x.com/i/status/2104668083625365670
4cc627ec69298d5a0ecc4c64,context_dependence,,,,0.8,needs_review,https://x.com/i/status/2104668083625365670
331b553fc3fb304e782cc9a8,relevance,insufficient,0.4258,0.0181,0.8,insufficient,https://github.com/NVIDIA/cuda-quantum/commit/8c5e8705aedfccba66f43eae3c51582ff9e3cd6e
331b553fc3fb304e782cc9a8,event,technical,0.8826,0.7507,0.8,accepted,https://github.com/NVIDIA/cuda-quantum/commit/8c5e8705aedfccba66f43eae3c51582ff9e3cd6e
331b553fc3fb304e782cc9a8,claim,correction,0.7763,0.6327,0.8,needs_review,https://github.com/NVIDIA/cuda-quantum/commit/8c5e8705aedfccba66f43eae3c51582ff9e3cd6e
331b553fc3fb304e782cc9a8,tone,insufficient,0.4874,0.2,0.8,insufficient,https://github.com/NVIDIA/cuda-quantum/commit/8c5e8705aedfccba66f43eae3c51582ff9e3cd6e
331b553fc3fb304e782cc9a8,importance,routine,0.442,0.1047,0.8,needs_review,https://github.com/NVIDIA/cuda-quantum/commit/8c5e8705aedfccba66f43eae3c51582ff9e3cd6e
331b553fc3fb304e782cc9a8,urgency,none,0.5892,0.2181,0.8,needs_review,https://github.com/NVIDIA/cuda-quantum/commit/8c5e8705aedfccba66f43eae3c51582ff9e3cd6e
331b553fc3fb304e782cc9a8,promotion,insufficient,0.4899,0.1265,0.8,insufficient,https://github.com/NVIDIA/cuda-quantum/commit/8c5e8705aedfccba66f43eae3c51582ff9e3cd6e
331b553fc3fb304e782cc9a8,token_reference,absent,0.7572,0.3472,0.8,needs_review,https://github.com/NVIDIA/cuda-quantum/commit/8c5e8705aedfccba66f43eae3c51582ff9e3cd6e
331b553fc3fb304e782cc9a8,narrative_object,absent,0.4714,0.1675,0.8,needs_review,https://github.com/NVIDIA/cuda-quantum/commit/8c5e8705aedfccba66f43eae3c51582ff9e3cd6e
331b553fc3fb304e782cc9a8,context_dependence,insufficient,0.4597,0.0772,0.8,insufficient,https://github.com/NVIDIA/cuda-quantum/commit/8c5e8705aedfccba66f43eae3c51582ff9e3cd6e
34601cbbe13aaded7f887f3d,relevance,insufficient,0.4715,0.0415,0.8,insufficient,https://x.com/i/status/2104668044488581500
34601cbbe13aaded7f887f3d,event,launch,0.7768,0.5875,0.8,needs_review,https://x.com/i/status/2104668044488581500
34601cbbe13aaded7f887f3d,claim,announcement,0.9323,0.8184,0.8,accepted,https://x.com/i/status/2104668044488581500
34601cbbe13aaded7f887f3d,tone,positive,0.3182,0.0794,0.8,needs_review,https://x.com/i/status/2104668044488581500
34601cbbe13aaded7f887f3d,importance,insufficient,0.5737,0.1786,0.8,insufficient,https://x.com/i/status/2104668044488581500
34601cbbe13aaded7f887f3d,urgency,none,0.6996,0.3658,0.8,needs_review,https://x.com/i/status/2104668044488581500
34601cbbe13aaded7f887f3d,promotion,promotional,0.6075,0.2058,0.8,needs_review,https://x.com/i/status/2104668044488581500
34601cbbe13aaded7f887f3d,token_reference,absent,0.7674,0.3615,0.8,needs_review,https://x.com/i/status/2104668044488581500
34601cbbe13aaded7f887f3d,narrative_object,absent,0.7697,0.4979,0.8,needs_review,https://x.com/i/status/2104668044488581500
34601cbbe13aaded7f887f3d,context_dependence,standalone,0.3506,0.0021,0.8,needs_review,https://x.com/i/status/2104668044488581500
2702ff170f655adc15f7d96c,relevance,insufficient,0.6151,0.1743,0.8,insufficient,https://github.com/IBM/JSONata4Java/commit/56bdd14a49afe66e2f7df540cb801f376b37adf7
2702ff170f655adc15f7d96c,event,technical,0.9848,0.949,0.8,accepted,https://github.com/IBM/JSONata4Java/commit/56bdd14a49afe66e2f7df540cb801f376b37adf7
2702ff170f655adc15f7d96c,claim,correction,0.5982,0.4524,0.8,needs_review,https://github.com/IBM/JSONata4Java/commit/56bdd14a49afe66e2f7df540cb801f376b37adf7
2702ff170f655adc15f7d96c,tone,insufficient,0.4573,0.2099,0.8,insufficient,https://github.com/IBM/JSONata4Java/commit/56bdd14a49afe66e2f7df540cb801f376b37adf7
2702ff170f655adc15f7d96c,importance,routine,0.5311,0.1508,0.8,needs_review,https://github.com/IBM/JSONata4Java/commit/56bdd14a49afe66e2f7df540cb801f376b37adf7
2702ff170f655adc15f7d96c,urgency,none,0.6673,0.2996,0.8,needs_review,https://github.com/IBM/JSONata4Java/commit/56bdd14a49afe66e2f7df540cb801f376b37adf7
2702ff170f655adc15f7d96c,promotion,insufficient,0.6111,0.2166,0.8,insufficient,https://github.com/IBM/JSONata4Java/commit/56bdd14a49afe66e2f7df540cb801f376b37adf7
2702ff170f655adc15f7d96c,token_reference,absent,0.843,0.5067,0.8,accepted,https://github.com/IBM/JSONata4Java/commit/56bdd14a49afe66e2f7df540cb801f376b37adf7
2702ff170f655adc15f7d96c,narrative_object,product,0.5256,0.3584,0.8,needs_review,https://github.com/IBM/JSONata4Java/commit/56bdd14a49afe66e2f7df540cb801f376b37adf7
2702ff170f655adc15f7d96c,context_dependence,insufficient,0.4654,0.0474,0.8,insufficient,https://github.com/IBM/JSONata4Java/commit/56bdd14a49afe66e2f7df540cb801f376b37adf7
885df331bc12dc3378a47c9f,relevance,insufficient,0.3987,0.0104,0.8,insufficient,https://x.com/i/status/2104668027199644089
885df331bc12dc3378a47c9f,event,launch,0.3664,0.2477,0.8,needs_review,https://x.com/i/status/2104668027199644089
885df331bc12dc3378a47c9f,claim,announcement,0.7197,0.4793,0.8,needs_review,https://x.com/i/status/2104668027199644089
885df331bc12dc3378a47c9f,tone,insufficient,0.2413,0.0433,0.8,insufficient,https://x.com/i/status/2104668027199644089
885df331bc12dc3378a47c9f,importance,project,0.3515,0.0247,0.8,needs_review,https://x.com/i/status/2104668027199644089
885df331bc12dc3378a47c9f,urgency,none,0.5847,0.1878,0.8,needs_review,https://x.com/i/status/2104668027199644089
885df331bc12dc3378a47c9f,promotion,promotional,0.449,0.0745,0.8,needs_review,https://x.com/i/status/2104668027199644089
885df331bc12dc3378a47c9f,token_reference,absent,0.5497,0.0912,0.8,needs_review,https://x.com/i/status/2104668027199644089
885df331bc12dc3378a47c9f,narrative_object,absent,0.4585,0.1618,0.8,needs_review,https://x.com/i/status/2104668027199644089
885df331bc12dc3378a47c9f,context_dependence,standalone,0.4353,0.0225,0.8,needs_review,https://x.com/i/status/2104668027199644089
efe38299b84fd88a3fbceae3,relevance,insufficient,0.5663,0.1036,0.8,insufficient,https://github.com/ROCm/vllm/commit/d059d84da4d3d22a2eb743309c9dd75924dadf23
efe38299b84fd88a3fbceae3,event,technical,0.9818,0.9424,0.8,accepted,https://github.com/ROCm/vllm/commit/d059d84da4d3d22a2eb743309c9dd75924dadf23
efe38299b84fd88a3fbceae3,claim,correction,0.8111,0.6281,0.8,accepted,https://github.com/ROCm/vllm/commit/d059d84da4d3d22a2eb743309c9dd75924dadf23
efe38299b84fd88a3fbceae3,tone,insufficient,0.4284,0.167,0.8,insufficient,https://github.com/ROCm/vllm/commit/d059d84da4d3d22a2eb743309c9dd75924dadf23
efe38299b84fd88a3fbceae3,importance,routine,0.5182,0.1725,0.8,needs_review,https://github.com/ROCm/vllm/commit/d059d84da4d3d22a2eb743309c9dd75924dadf23
efe38299b84fd88a3fbceae3,urgency,none,0.6123,0.2486,0.8,needs_review,https://github.com/ROCm/vllm/commit/d059d84da4d3d22a2eb743309c9dd75924dadf23
efe38299b84fd88a3fbceae3,promotion,insufficient,0.4608,0.0962,0.8,insufficient,https://github.com/ROCm/vllm/commit/d059d84da4d3d22a2eb743309c9dd75924dadf23
efe38299b84fd88a3fbceae3,token_reference,absent,0.7477,0.3279,0.8,needs_review,https://github.com/ROCm/vllm/commit/d059d84da4d3d22a2eb743309c9dd75924dadf23
efe38299b84fd88a3fbceae3,narrative_object,absent,0.6789,0.3469,0.8,needs_review,https://github.com/ROCm/vllm/commit/d059d84da4d3d22a2eb743309c9dd75924dadf23
efe38299b84fd88a3fbceae3,context_dependence,standalone,0.4437,0.0423,0.8,needs_review,https://github.com/ROCm/vllm/commit/d059d84da4d3d22a2eb743309c9dd75924dadf23
e95f53abe4cfd64f0f32b3da,relevance,insufficient,0.4647,0.0398,0.8,insufficient,https://github.com/aws/aws-sdk-java-v2/commit/bd3cb362b8a91daf5f58e5bd766c50545313335c
e95f53abe4cfd64f0f32b3da,event,technical,0.6235,0.5794,0.8,needs_review,https://github.com/aws/aws-sdk-java-v2/commit/bd3cb362b8a91daf5f58e5bd766c50545313335c
e95f53abe4cfd64f0f32b3da,claim,insufficient,0.5854,0.3112,0.8,insufficient,https://github.com/aws/aws-sdk-java-v2/commit/bd3cb362b8a91daf5f58e5bd766c50545313335c
e95f53abe4cfd64f0f32b3da,tone,neutral,0.3824,0.1598,0.8,needs_review,https://github.com/aws/aws-sdk-java-v2/commit/bd3cb362b8a91daf5f58e5bd766c50545313335c
e95f53abe4cfd64f0f32b3da,importance,routine,0.6171,0.2382,0.8,needs_review,https://github.com/aws/aws-sdk-java-v2/commit/bd3cb362b8a91daf5f58e5bd766c50545313335c
e95f53abe4cfd64f0f32b3da,urgency,none,0.643,0.3487,0.8,needs_review,https://github.com/aws/aws-sdk-java-v2/commit/bd3cb362b8a91daf5f58e5bd766c50545313335c
e95f53abe4cfd64f0f32b3da,promotion,insufficient,0.4984,0.1337,0.8,insufficient,https://github.com/aws/aws-sdk-java-v2/commit/bd3cb362b8a91daf5f58e5bd766c50545313335c
e95f53abe4cfd64f0f32b3da,token_reference,absent,0.6921,0.2478,0.8,needs_review,https://github.com/aws/aws-sdk-java-v2/commit/bd3cb362b8a91daf5f58e5bd766c50545313335c
e95f53abe4cfd64f0f32b3da,narrative_object,product,0.4452,0.2802,0.8,needs_review,https://github.com/aws/aws-sdk-java-v2/commit/bd3cb362b8a91daf5f58e5bd766c50545313335c
e95f53abe4cfd64f0f32b3da,context_dependence,insufficient,0.359,0.0049,0.8,insufficient,https://github.com/aws/aws-sdk-java-v2/commit/bd3cb362b8a91daf5f58e5bd766c50545313335c
6c12ada536d0d4f2d80df314,relevance,insufficient,0.4229,0.0623,0.8,insufficient,https://github.com/ROCm/rocm-libraries/commit/b18155708568893bda2c1f9eb4e49c3338752e50
6c12ada536d0d4f2d80df314,event,technical,0.9129,0.805,0.8,accepted,https://github.com/ROCm/rocm-libraries/commit/b18155708568893bda2c1f9eb4e49c3338752e50
6c12ada536d0d4f2d80df314,claim,insufficient,0.6329,0.3087,0.8,insufficient,https://github.com/ROCm/rocm-libraries/commit/b18155708568893bda2c1f9eb4e49c3338752e50
6c12ada536d0d4f2d80df314,tone,neutral,0.3552,0.1214,0.8,needs_review,https://github.com/ROCm/rocm-libraries/commit/b18155708568893bda2c1f9eb4e49c3338752e50
6c12ada536d0d4f2d80df314,importance,insufficient,0.4893,0.1269,0.8,insufficient,https://github.com/ROCm/rocm-libraries/commit/b18155708568893bda2c1f9eb4e49c3338752e50
6c12ada536d0d4f2d80df314,urgency,none,0.5696,0.2545,0.8,needs_review,https://github.com/ROCm/rocm-libraries/commit/b18155708568893bda2c1f9eb4e49c3338752e50
6c12ada536d0d4f2d80df314,promotion,insufficient,0.4443,0.1178,0.8,insufficient,https://github.com/ROCm/rocm-libraries/commit/b18155708568893bda2c1f9eb4e49c3338752e50
6c12ada536d0d4f2d80df314,token_reference,absent,0.9063,0.6589,0.8,accepted,https://github.com/ROCm/rocm-libraries/commit/b18155708568893bda2c1f9eb4e49c3338752e50
6c12ada536d0d4f2d80df314,narrative_object,absent,0.3636,0.1228,0.8,needs_review,https://github.com/ROCm/rocm-libraries/commit/b18155708568893bda2c1f9eb4e49c3338752e50
6c12ada536d0d4f2d80df314,context_dependence,standalone,0.4181,0.0164,0.8,needs_review,https://github.com/ROCm/rocm-libraries/commit/b18155708568893bda2c1f9eb4e49c3338752e50
709c92161b98da242c120289,relevance,informative,0.4855,0.1242,0.8,needs_review,https://github.com/cloudflare/cloudflare-docs/commit/7a2f0b285ac21480de352dc79f3fd6ed5bcec7eb
709c92161b98da242c120289,event,technical,0.9449,0.8431,0.8,accepted,https://github.com/cloudflare/cloudflare-docs/commit/7a2f0b285ac21480de352dc79f3fd6ed5bcec7eb
709c92161b98da242c120289,claim,question,0.3273,0.1717,0.8,needs_review,https://github.com/cloudflare/cloudflare-docs/commit/7a2f0b285ac21480de352dc79f3fd6ed5bcec7eb
709c92161b98da242c120289,tone,insufficient,0.4008,0.1926,0.8,insufficient,https://github.com/cloudflare/cloudflare-docs/commit/7a2f0b285ac21480de352dc79f3fd6ed5bcec7eb
709c92161b98da242c120289,importance,project,0.4642,0.1396,0.8,needs_review,https://github.com/cloudflare/cloudflare-docs/commit/7a2f0b285ac21480de352dc79f3fd6ed5bcec7eb
709c92161b98da242c120289,urgency,none,0.6327,0.311,0.8,needs_review,https://github.com/cloudflare/cloudflare-docs/commit/7a2f0b285ac21480de352dc79f3fd6ed5bcec7eb
709c92161b98da242c120289,promotion,informational,0.4935,0.1704,0.8,needs_review,https://github.com/cloudflare/cloudflare-docs/commit/7a2f0b285ac21480de352dc79f3fd6ed5bcec7eb
709c92161b98da242c120289,token_reference,absent,0.8101,0.4408,0.8,accepted,https://github.com/cloudflare/cloudflare-docs/commit/7a2f0b285ac21480de352dc79f3fd6ed5bcec7eb
709c92161b98da242c120289,narrative_object,product,0.4812,0.2762,0.8,needs_review,https://github.com/cloudflare/cloudflare-docs/commit/7a2f0b285ac21480de352dc79f3fd6ed5bcec7eb
709c92161b98da242c120289,context_dependence,standalone,0.4935,0.057,0.8,needs_review,https://github.com/cloudflare/cloudflare-docs/commit/7a2f0b285ac21480de352dc79f3fd6ed5bcec7eb
6cb15c90ab911d5400ff4c08,relevance,informative,0.4328,0.0596,0.8,needs_review,https://x.com/i/status/2104667964863565970
6cb15c90ab911d5400ff4c08,event,technical,0.9825,0.942,0.8,accepted,https://x.com/i/status/2104667964863565970
6cb15c90ab911d5400ff4c08,claim,announcement,0.8746,0.6855,0.8,accepted,https://x.com/i/status/2104667964863565970
6cb15c90ab911d5400ff4c08,tone,neutral,0.3555,0.0725,0.8,needs_review,https://x.com/i/status/2104667964863565970
6cb15c90ab911d5400ff4c08,importance,sector,0.4958,0.1096,0.8,needs_review,https://x.com/i/status/2104667964863565970
6cb15c90ab911d5400ff4c08,urgency,none,0.3969,0.082,0.8,needs_review,https://x.com/i/status/2104667964863565970
6cb15c90ab911d5400ff4c08,promotion,promotional,0.4526,0.0946,0.8,needs_review,https://x.com/i/status/2104667964863565970
6cb15c90ab911d5400ff4c08,token_reference,absent,0.78,0.3815,0.8,needs_review,https://x.com/i/status/2104667964863565970
6cb15c90ab911d5400ff4c08,narrative_object,product,0.7359,0.4461,0.8,needs_review,https://x.com/i/status/2104667964863565970
6cb15c90ab911d5400ff4c08,context_dependence,standalone,0.5116,0.0866,0.8,needs_review,https://x.com/i/status/2104667964863565970
902170d4f0d1312f9d26463d,relevance,noise,0.361,0.002,0.8,needs_review,https://x.com/i/status/2104667910245691701
902170d4f0d1312f9d26463d,event,launch,0.7325,0.6145,0.8,needs_review,https://x.com/i/status/2104667910245691701
902170d4f0d1312f9d26463d,claim,announcement,0.9852,0.9451,0.8,accepted,https://x.com/i/status/2104667910245691701
902170d4f0d1312f9d26463d,tone,positive,0.5536,0.2152,0.8,needs_review,https://x.com/i/status/2104667910245691701
902170d4f0d1312f9d26463d,importance,project,0.4976,0.1297,0.8,needs_review,https://x.com/i/status/2104667910245691701
902170d4f0d1312f9d26463d,urgency,none,0.3886,0.0669,0.8,needs_review,https://x.com/i/status/2104667910245691701
902170d4f0d1312f9d26463d,promotion,promotional,0.7831,0.4539,0.8,needs_review,https://x.com/i/status/2104667910245691701
902170d4f0d1312f9d26463d,token_reference,absent,0.5256,0.0737,0.8,needs_review,https://x.com/i/status/2104667910245691701
902170d4f0d1312f9d26463d,narrative_object,product,0.453,0.2484,0.8,needs_review,https://x.com/i/status/2104667910245691701
902170d4f0d1312f9d26463d,context_dependence,standalone,0.3899,0.0094,0.8,needs_review,https://x.com/i/status/2104667910245691701
d7745e26972be36fee8efa72,relevance,insufficient,0.4614,0.0781,0.8,insufficient,https://github.com/microsoft/onnxruntime/commit/f2509edd029a4ec69731f0ccdb616dafbf7754e6
d7745e26972be36fee8efa72,event,technical,0.9816,0.9412,0.8,accepted,https://github.com/microsoft/onnxruntime/commit/f2509edd029a4ec69731f0ccdb616dafbf7754e6
d7745e26972be36fee8efa72,claim,announcement,0.3731,0.1679,0.8,needs_review,https://github.com/microsoft/onnxruntime/commit/f2509edd029a4ec69731f0ccdb616dafbf7754e6
d7745e26972be36fee8efa72,tone,insufficient,0.3194,0.0769,0.8,insufficient,https://github.com/microsoft/onnxruntime/commit/f2509edd029a4ec69731f0ccdb616dafbf7754e6
d7745e26972be36fee8efa72,importance,routine,0.4094,0.0974,0.8,needs_review,https://github.com/microsoft/onnxruntime/commit/f2509edd029a4ec69731f0ccdb616dafbf7754e6
d7745e26972be36fee8efa72,urgency,none,0.6405,0.2556,0.8,needs_review,https://github.com/microsoft/onnxruntime/commit/f2509edd029a4ec69731f0ccdb616dafbf7754e6
d7745e26972be36fee8efa72,promotion,insufficient,0.414,0.0986,0.8,insufficient,https://github.com/microsoft/onnxruntime/commit/f2509edd029a4ec69731f0ccdb616dafbf7754e6
d7745e26972be36fee8efa72,token_reference,absent,0.666,0.2186,0.8,needs_review,https://github.com/microsoft/onnxruntime/commit/f2509edd029a4ec69731f0ccdb616dafbf7754e6
d7745e26972be36fee8efa72,narrative_object,person,0.4418,0.2,0.8,needs_review,https://github.com/microsoft/onnxruntime/commit/f2509edd029a4ec69731f0ccdb616dafbf7754e6
d7745e26972be36fee8efa72,context_dependence,standalone,0.5112,0.0688,0.8,needs_review,https://github.com/microsoft/onnxruntime/commit/f2509edd029a4ec69731f0ccdb616dafbf7754e6
94864a858fd93c562ed7cd95,relevance,insufficient,0.6099,0.1634,0.8,insufficient,https://github.com/google/j2cl/commit/245835479b20bc9839a62b1b41e6709b188b6c8b
94864a858fd93c562ed7cd95,event,technical,0.9693,0.9207,0.8,accepted,https://github.com/google/j2cl/commit/245835479b20bc9839a62b1b41e6709b188b6c8b
94864a858fd93c562ed7cd95,claim,insufficient,0.5205,0.385,0.8,insufficient,https://github.com/google/j2cl/commit/245835479b20bc9839a62b1b41e6709b188b6c8b
94864a858fd93c562ed7cd95,tone,insufficient,0.4082,0.1731,0.8,insufficient,https://github.com/google/j2cl/commit/245835479b20bc9839a62b1b41e6709b188b6c8b
94864a858fd93c562ed7cd95,importance,project,0.4934,0.1503,0.8,needs_review,https://github.com/google/j2cl/commit/245835479b20bc9839a62b1b41e6709b188b6c8b
94864a858fd93c562ed7cd95,urgency,none,0.6343,0.2732,0.8,needs_review,https://github.com/google/j2cl/commit/245835479b20bc9839a62b1b41e6709b188b6c8b
94864a858fd93c562ed7cd95,promotion,insufficient,0.592,0.1918,0.8,insufficient,https://github.com/google/j2cl/commit/245835479b20bc9839a62b1b41e6709b188b6c8b
94864a858fd93c562ed7cd95,token_reference,absent,0.8739,0.5782,0.8,accepted,https://github.com/google/j2cl/commit/245835479b20bc9839a62b1b41e6709b188b6c8b
94864a858fd93c562ed7cd95,narrative_object,product,0.4804,0.2215,0.8,needs_review,https://github.com/google/j2cl/commit/245835479b20bc9839a62b1b41e6709b188b6c8b
94864a858fd93c562ed7cd95,context_dependence,insufficient,0.4382,0.0393,0.8,insufficient,https://github.com/google/j2cl/commit/245835479b20bc9839a62b1b41e6709b188b6c8b
6b9612c245ab7e0256eee29e,relevance,insufficient,0.4586,0.0554,0.8,insufficient,https://github.com/NVIDIA/Megatron-LM/commit/8502dae3d3d1f2c9ac1b9cdf95f368dc72fc82e8
6b9612c245ab7e0256eee29e,event,technical,0.982,0.9397,0.8,accepted,https://github.com/NVIDIA/Megatron-LM/commit/8502dae3d3d1f2c9ac1b9cdf95f368dc72fc82e8
6b9612c245ab7e0256eee29e,claim,insufficient,0.4284,0.2385,0.8,insufficient,https://github.com/NVIDIA/Megatron-LM/commit/8502dae3d3d1f2c9ac1b9cdf95f368dc72fc82e8
6b9612c245ab7e0256eee29e,tone,neutral,0.3461,0.1041,0.8,needs_review,https://github.com/NVIDIA/Megatron-LM/commit/8502dae3d3d1f2c9ac1b9cdf95f368dc72fc82e8
6b9612c245ab7e0256eee29e,importance,routine,0.5207,0.1514,0.8,needs_review,https://github.com/NVIDIA/Megatron-LM/commit/8502dae3d3d1f2c9ac1b9cdf95f368dc72fc82e8
6b9612c245ab7e0256eee29e,urgency,none,0.6639,0.3118,0.8,needs_review,https://github.com/NVIDIA/Megatron-LM/commit/8502dae3d3d1f2c9ac1b9cdf95f368dc72fc82e8
6b9612c245ab7e0256eee29e,promotion,insufficient,0.3728,0.079,0.8,insufficient,https://github.com/NVIDIA/Megatron-LM/commit/8502dae3d3d1f2c9ac1b9cdf95f368dc72fc82e8
6b9612c245ab7e0256eee29e,token_reference,absent,0.7461,0.3272,0.8,needs_review,https://github.com/NVIDIA/Megatron-LM/commit/8502dae3d3d1f2c9ac1b9cdf95f368dc72fc82e8
6b9612c245ab7e0256eee29e,narrative_object,absent,0.3519,0.0991,0.8,needs_review,https://github.com/NVIDIA/Megatron-LM/commit/8502dae3d3d1f2c9ac1b9cdf95f368dc72fc82e8
6b9612c245ab7e0256eee29e,context_dependence,standalone,0.4779,0.0491,0.8,needs_review,https://github.com/NVIDIA/Megatron-LM/commit/8502dae3d3d1f2c9ac1b9cdf95f368dc72fc82e8
c22e7b895fecd81c3ec09067,relevance,insufficient,0.6374,0.2372,0.8,insufficient,https://github.com/microsoft/garnet/commit/176e6d9cb553b49fc8128ba5e97c726fa9917b2d
c22e7b895fecd81c3ec09067,event,technical,0.9377,0.8697,0.8,accepted,https://github.com/microsoft/garnet/commit/176e6d9cb553b49fc8128ba5e97c726fa9917b2d
c22e7b895fecd81c3ec09067,claim,insufficient,0.658,0.4996,0.8,insufficient,https://github.com/microsoft/garnet/commit/176e6d9cb553b49fc8128ba5e97c726fa9917b2d
c22e7b895fecd81c3ec09067,tone,insufficient,0.6794,0.4057,0.8,insufficient,https://github.com/microsoft/garnet/commit/176e6d9cb553b49fc8128ba5e97c726fa9917b2d
c22e7b895fecd81c3ec09067,importance,routine,0.4618,0.1775,0.8,needs_review,https://github.com/microsoft/garnet/commit/176e6d9cb553b49fc8128ba5e97c726fa9917b2d
c22e7b895fecd81c3ec09067,urgency,none,0.722,0.4614,0.8,needs_review,https://github.com/microsoft/garnet/commit/176e6d9cb553b49fc8128ba5e97c726fa9917b2d
c22e7b895fecd81c3ec09067,promotion,insufficient,0.7623,0.5599,0.8,insufficient,https://github.com/microsoft/garnet/commit/176e6d9cb553b49fc8128ba5e97c726fa9917b2d
c22e7b895fecd81c3ec09067,token_reference,absent,0.7838,0.3888,0.8,needs_review,https://github.com/microsoft/garnet/commit/176e6d9cb553b49fc8128ba5e97c726fa9917b2d
c22e7b895fecd81c3ec09067,narrative_object,product,0.7549,0.526,0.8,needs_review,https://github.com/microsoft/garnet/commit/176e6d9cb553b49fc8128ba5e97c726fa9917b2d
c22e7b895fecd81c3ec09067,context_dependence,insufficient,0.6464,0.1942,0.8,insufficient,https://github.com/microsoft/garnet/commit/176e6d9cb553b49fc8128ba5e97c726fa9917b2d
989536a9f46844e67030fdbf,relevance,informative,0.4712,0.0523,0.8,needs_review,https://x.com/i/status/2104660106369438109
989536a9f46844e67030fdbf,event,launch,0.5068,0.5605,0.8,needs_review,https://x.com/i/status/2104660106369438109
989536a9f46844e67030fdbf,claim,announcement,0.6444,0.3585,0.8,needs_review,https://x.com/i/status/2104660106369438109
989536a9f46844e67030fdbf,tone,neutral,0.2714,0.0489,0.8,needs_review,https://x.com/i/status/2104660106369438109
989536a9f46844e67030fdbf,importance,project,0.3327,0.0476,0.8,needs_review,https://x.com/i/status/2104660106369438109
989536a9f46844e67030fdbf,urgency,none,0.5116,0.1382,0.8,needs_review,https://x.com/i/status/2104660106369438109
989536a9f46844e67030fdbf,promotion,informational,0.4003,0.042,0.8,needs_review,https://x.com/i/status/2104660106369438109
989536a9f46844e67030fdbf,token_reference,absent,0.7024,0.2584,0.8,needs_review,https://x.com/i/status/2104660106369438109
989536a9f46844e67030fdbf,narrative_object,product,0.4958,0.2504,0.8,needs_review,https://x.com/i/status/2104660106369438109
989536a9f46844e67030fdbf,context_dependence,dependent,0.479,0.0524,0.8,needs_review,https://x.com/i/status/2104660106369438109
c440cb870c174de37616aa66,relevance,insufficient,0.3991,0.0087,0.8,needs_review,https://x.com/i/status/2104667872484278727
c440cb870c174de37616aa66,event,launch,0.4903,0.5192,0.8,needs_review,https://x.com/i/status/2104667872484278727
c440cb870c174de37616aa66,claim,announcement,0.4787,0.2175,0.8,needs_review,https://x.com/i/status/2104667872484278727
c440cb870c174de37616aa66,tone,positive,0.2811,0.0164,0.8,needs_review,https://x.com/i/status/2104667872484278727
c440cb870c174de37616aa66,importance,project,0.3662,0.0245,0.8,needs_review,https://x.com/i/status/2104667872484278727
c440cb870c174de37616aa66,urgency,none,0.4887,0.1187,0.8,needs_review,https://x.com/i/status/2104667872484278727
c440cb870c174de37616aa66,promotion,promotional,0.3294,0.0221,0.8,needs_review,https://x.com/i/status/2104667872484278727
c440cb870c174de37616aa66,token_reference,absent,0.5856,0.1212,0.8,needs_review,https://x.com/i/status/2104667872484278727
c440cb870c174de37616aa66,narrative_object,product,0.481,0.2722,0.8,needs_review,https://x.com/i/status/2104667872484278727
c440cb870c174de37616aa66,context_dependence,dependent,0.5217,0.0686,0.8,needs_review,https://x.com/i/status/2104667872484278727
b5a7347cb86c27a66ef5de26,relevance,insufficient,0.5127,0.062,0.8,insufficient,https://x.com/i/status/2104667856910811589
b5a7347cb86c27a66ef5de26,event,technical,0.696,0.4971,0.8,needs_review,https://x.com/i/status/2104667856910811589
b5a7347cb86c27a66ef5de26,claim,announcement,0.746,0.5037,0.8,needs_review,https://x.com/i/status/2104667856910811589
b5a7347cb86c27a66ef5de26,tone,insufficient,0.378,0.0906,0.8,insufficient,https://x.com/i/status/2104667856910811589
b5a7347cb86c27a66ef5de26,importance,project,0.3011,0.02,0.8,needs_review,https://x.com/i/status/2104667856910811589
b5a7347cb86c27a66ef5de26,urgency,none,0.4834,0.0992,0.8,needs_review,https://x.com/i/status/2104667856910811589
b5a7347cb86c27a66ef5de26,promotion,insufficient,0.3591,0.0231,0.8,insufficient,https://x.com/i/status/2104667856910811589
b5a7347cb86c27a66ef5de26,token_reference,absent,0.4587,0.0322,0.8,needs_review,https://x.com/i/status/2104667856910811589
b5a7347cb86c27a66ef5de26,narrative_object,absent,0.4981,0.2238,0.8,needs_review,https://x.com/i/status/2104667856910811589
b5a7347cb86c27a66ef5de26,context_dependence,dependent,0.4803,0.0428,0.8,needs_review,https://x.com/i/status/2104667856910811589
708ef25ee648ae4785f0da04,relevance,informative,0.4265,0.031,0.8,needs_review,https://github.com/intel/llvm/commit/16036fdccdbcc14b5ae6afb54529733bb9741b0f
708ef25ee648ae4785f0da04,event,technical,0.9941,0.9773,0.8,accepted,https://github.com/intel/llvm/commit/16036fdccdbcc14b5ae6afb54529733bb9741b0f
708ef25ee648ae4785f0da04,claim,announcement,0.5194,0.2868,0.8,needs_review,https://github.com/intel/llvm/commit/16036fdccdbcc14b5ae6afb54529733bb9741b0f
708ef25ee648ae4785f0da04,tone,insufficient,0.2574,0.0265,0.8,insufficient,https://github.com/intel/llvm/commit/16036fdccdbcc14b5ae6afb54529733bb9741b0f
708ef25ee648ae4785f0da04,importance,routine,0.5973,0.2954,0.8,needs_review,https://github.com/intel/llvm/commit/16036fdccdbcc14b5ae6afb54529733bb9741b0f
708ef25ee648ae4785f0da04,urgency,none,0.5351,0.1406,0.8,needs_review,https://github.com/intel/llvm/commit/16036fdccdbcc14b5ae6afb54529733bb9741b0f
708ef25ee648ae4785f0da04,promotion,insufficient,0.4375,0.0861,0.8,insufficient,https://github.com/intel/llvm/commit/16036fdccdbcc14b5ae6afb54529733bb9741b0f
708ef25ee648ae4785f0da04,token_reference,absent,0.8222,0.4625,0.8,accepted,https://github.com/intel/llvm/commit/16036fdccdbcc14b5ae6afb54529733bb9741b0f
708ef25ee648ae4785f0da04,narrative_object,product,0.7035,0.4022,0.8,needs_review,https://github.com/intel/llvm/commit/16036fdccdbcc14b5ae6afb54529733bb9741b0f
708ef25ee648ae4785f0da04,context_dependence,standalone,0.6069,0.1429,0.8,needs_review,https://github.com/intel/llvm/commit/16036fdccdbcc14b5ae6afb54529733bb9741b0f
47b89929c1a253d270bef439,relevance,informative,0.4505,0.0486,0.8,needs_review,https://github.com/microsoft/mssql-rs/commit/3a66721f55d32df9ad5913f2efd20b46692dd302
47b89929c1a253d270bef439,event,technical,0.9633,0.8931,0.8,accepted,https://github.com/microsoft/mssql-rs/commit/3a66721f55d32df9ad5913f2efd20b46692dd302
47b89929c1a253d270bef439,claim,correction,0.9938,0.9742,0.8,accepted,https://github.com/microsoft/mssql-rs/commit/3a66721f55d32df9ad5913f2efd20b46692dd302
47b89929c1a253d270bef439,tone,neutral,0.2916,0.0476,0.8,needs_review,https://github.com/microsoft/mssql-rs/commit/3a66721f55d32df9ad5913f2efd20b46692dd302
47b89929c1a253d270bef439,importance,routine,0.6054,0.2214,0.8,needs_review,https://github.com/microsoft/mssql-rs/commit/3a66721f55d32df9ad5913f2efd20b46692dd302
47b89929c1a253d270bef439,urgency,none,0.6685,0.2918,0.8,needs_review,https://github.com/microsoft/mssql-rs/commit/3a66721f55d32df9ad5913f2efd20b46692dd302
47b89929c1a253d270bef439,promotion,insufficient,0.3461,0.0365,0.8,insufficient,https://github.com/microsoft/mssql-rs/commit/3a66721f55d32df9ad5913f2efd20b46692dd302
47b89929c1a253d270bef439,token_reference,absent,0.781,0.3861,0.8,needs_review,https://github.com/microsoft/mssql-rs/commit/3a66721f55d32df9ad5913f2efd20b46692dd302
47b89929c1a253d270bef439,narrative_object,product,0.5212,0.2823,0.8,needs_review,https://github.com/microsoft/mssql-rs/commit/3a66721f55d32df9ad5913f2efd20b46692dd302
47b89929c1a253d270bef439,context_dependence,standalone,0.3965,0.0083,0.8,needs_review,https://github.com/microsoft/mssql-rs/commit/3a66721f55d32df9ad5913f2efd20b46692dd302
babce725b4791c980de096f8,relevance,insufficient,0.4677,0.1045,0.8,insufficient,https://x.com/i/status/2104667801944260747
babce725b4791c980de096f8,event,incident,0.7698,0.5404,0.8,needs_review,https://x.com/i/status/2104667801944260747
babce725b4791c980de096f8,claim,allegation,0.7563,0.56,0.8,needs_review,https://x.com/i/status/2104667801944260747
babce725b4791c980de096f8,tone,negative,0.8683,0.6549,0.8,accepted,https://x.com/i/status/2104667801944260747
babce725b4791c980de096f8,importance,insufficient,0.5137,0.2379,0.8,insufficient,https://x.com/i/status/2104667801944260747
babce725b4791c980de096f8,urgency,immediate,0.4668,0.1892,0.8,needs_review,https://x.com/i/status/2104667801944260747
babce725b4791c980de096f8,promotion,insufficient,0.5268,0.1294,0.8,insufficient,https://x.com/i/status/2104667801944260747
babce725b4791c980de096f8,token_reference,absent,0.7794,0.3805,0.8,needs_review,https://x.com/i/status/2104667801944260747
babce725b4791c980de096f8,narrative_object,product,0.7818,0.5858,0.8,needs_review,https://x.com/i/status/2104667801944260747
babce725b4791c980de096f8,context_dependence,insufficient,0.5422,0.0837,0.8,insufficient,https://x.com/i/status/2104667801944260747
95cae32363ab85997e197d9a,relevance,insufficient,0.4065,0.0187,0.8,needs_review,https://x.com/i/status/2104667745560519061
95cae32363ab85997e197d9a,event,technical,0.6612,0.4212,0.8,needs_review,https://x.com/i/status/2104667745560519061
95cae32363ab85997e197d9a,claim,correction,0.2993,0.0773,0.8,needs_review,https://x.com/i/status/2104667745560519061
95cae32363ab85997e197d9a,tone,neutral,0.2845,0.0286,0.8,needs_review,https://x.com/i/status/2104667745560519061
95cae32363ab85997e197d9a,importance,insufficient,0.4012,0.0553,0.8,needs_review,https://x.com/i/status/2104667745560519061
95cae32363ab85997e197d9a,urgency,none,0.6403,0.3012,0.8,needs_review,https://x.com/i/status/2104667745560519061
95cae32363ab85997e197d9a,promotion,insufficient,0.3078,0.0086,0.8,needs_review,https://x.com/i/status/2104667745560519061
95cae32363ab85997e197d9a,token_reference,absent,0.4249,0.0261,0.8,needs_review,https://x.com/i/status/2104667745560519061
95cae32363ab85997e197d9a,narrative_object,cultural,0.4467,0.2215,0.8,needs_review,https://x.com/i/status/2104667745560519061
95cae32363ab85997e197d9a,context_dependence,dependent,0.507,0.0583,0.8,needs_review,https://x.com/i/status/2104667745560519061
b8d8e3ffe93ef29d0cad89a8,relevance,insufficient,0.4772,0.0645,0.8,insufficient,https://github.com/google/XNNPACK/commit/c7e46aea866904b116934a8d8397fa7fc9be5155
b8d8e3ffe93ef29d0cad89a8,event,technical,0.9177,0.8102,0.8,accepted,https://github.com/google/XNNPACK/commit/c7e46aea866904b116934a8d8397fa7fc9be5155
b8d8e3ffe93ef29d0cad89a8,claim,insufficient,0.362,0.1494,0.8,insufficient,https://github.com/google/XNNPACK/commit/c7e46aea866904b116934a8d8397fa7fc9be5155
b8d8e3ffe93ef29d0cad89a8,tone,positive,0.3026,0.0608,0.8,needs_review,https://github.com/google/XNNPACK/commit/c7e46aea866904b116934a8d8397fa7fc9be5155
b8d8e3ffe93ef29d0cad89a8,importance,routine,0.5406,0.1487,0.8,needs_review,https://github.com/google/XNNPACK/commit/c7e46aea866904b116934a8d8397fa7fc9be5155
b8d8e3ffe93ef29d0cad89a8,urgency,none,0.6414,0.2934,0.8,needs_review,https://github.com/google/XNNPACK/commit/c7e46aea866904b116934a8d8397fa7fc9be5155
b8d8e3ffe93ef29d0cad89a8,promotion,insufficient,0.4035,0.0454,0.8,insufficient,https://github.com/google/XNNPACK/commit/c7e46aea866904b116934a8d8397fa7fc9be5155
b8d8e3ffe93ef29d0cad89a8,token_reference,absent,0.8241,0.4687,0.8,accepted,https://github.com/google/XNNPACK/commit/c7e46aea866904b116934a8d8397fa7fc9be5155
b8d8e3ffe93ef29d0cad89a8,narrative_object,product,0.523,0.2832,0.8,needs_review,https://github.com/google/XNNPACK/commit/c7e46aea866904b116934a8d8397fa7fc9be5155
b8d8e3ffe93ef29d0cad89a8,context_dependence,standalone,0.4458,0.0252,0.8,needs_review,https://github.com/google/XNNPACK/commit/c7e46aea866904b116934a8d8397fa7fc9be5155
3efc82debe8b57f4596cc2e0,relevance,insufficient,0.4253,0.0602,0.8,insufficient,https://github.com/ROCm/rocm-libraries/commit/3b3fb502bd49fa8f785f15cc5cc217eebb4a736b
3efc82debe8b57f4596cc2e0,event,technical,0.965,0.9061,0.8,accepted,https://github.com/ROCm/rocm-libraries/commit/3b3fb502bd49fa8f785f15cc5cc217eebb4a736b
3efc82debe8b57f4596cc2e0,claim,announcement,0.5456,0.3286,0.8,needs_review,https://github.com/ROCm/rocm-libraries/commit/3b3fb502bd49fa8f785f15cc5cc217eebb4a736b
3efc82debe8b57f4596cc2e0,tone,insufficient,0.3723,0.1233,0.8,insufficient,https://github.com/ROCm/rocm-libraries/commit/3b3fb502bd49fa8f785f15cc5cc217eebb4a736b
3efc82debe8b57f4596cc2e0,importance,routine,0.6213,0.2546,0.8,needs_review,https://github.com/ROCm/rocm-libraries/commit/3b3fb502bd49fa8f785f15cc5cc217eebb4a736b
3efc82debe8b57f4596cc2e0,urgency,none,0.5477,0.1997,0.8,needs_review,https://github.com/ROCm/rocm-libraries/commit/3b3fb502bd49fa8f785f15cc5cc217eebb4a736b
3efc82debe8b57f4596cc2e0,promotion,insufficient,0.4368,0.0633,0.8,insufficient,https://github.com/ROCm/rocm-libraries/commit/3b3fb502bd49fa8f785f15cc5cc217eebb4a736b
3efc82debe8b57f4596cc2e0,token_reference,absent,0.8005,0.4229,0.8,accepted,https://github.com/ROCm/rocm-libraries/commit/3b3fb502bd49fa8f785f15cc5cc217eebb4a736b
3efc82debe8b57f4596cc2e0,narrative_object,product,0.5602,0.2384,0.8,needs_review,https://github.com/ROCm/rocm-libraries/commit/3b3fb502bd49fa8f785f15cc5cc217eebb4a736b
3efc82debe8b57f4596cc2e0,context_dependence,standalone,0.4559,0.0293,0.8,needs_review,https://github.com/ROCm/rocm-libraries/commit/3b3fb502bd49fa8f785f15cc5cc217eebb4a736b
095e7f2569495564748ae63a,relevance,insufficient,0.5532,0.0942,0.8,needs_review,https://x.com/i/status/2104667704129093836
095e7f2569495564748ae63a,event,other,0.6985,0.4258,0.8,needs_review,https://x.com/i/status/2104667704129093836
095e7f2569495564748ae63a,claim,insufficient,0.3828,0.1733,0.8,needs_review,https://x.com/i/status/2104667704129093836
095e7f2569495564748ae63a,tone,neutral,0.311,0.1153,0.8,needs_review,https://x.com/i/status/2104667704129093836
095e7f2569495564748ae63a,importance,insufficient,0.7479,0.3941,0.8,needs_review,https://x.com/i/status/2104667704129093836
095e7f2569495564748ae63a,urgency,none,0.7014,0.3806,0.8,needs_review,https://x.com/i/status/2104667704129093836
095e7f2569495564748ae63a,promotion,insufficient,0.4844,0.0931,0.8,needs_review,https://x.com/i/status/2104667704129093836
095e7f2569495564748ae63a,token_reference,absent,0.772,0.3676,0.8,needs_review,https://x.com/i/status/2104667704129093836
095e7f2569495564748ae63a,narrative_object,absent,0.6494,0.3509,0.8,needs_review,https://x.com/i/status/2104667704129093836
095e7f2569495564748ae63a,context_dependence,standalone,0.468,0.0429,0.8,needs_review,https://x.com/i/status/2104667704129093836
b0490b8c93c98823f34d1a5d,relevance,insufficient,0.4299,0.0459,0.8,insufficient,https://github.com/microsoft/vscode/commit/a19f5796a011f078191196bf07d3348e097db403
b0490b8c93c98823f34d1a5d,event,technical,0.9655,0.903,0.8,accepted,https://github.com/microsoft/vscode/commit/a19f5796a011f078191196bf07d3348e097db403
b0490b8c93c98823f34d1a5d,claim,announcement,0.3982,0.3445,0.8,needs_review,https://github.com/microsoft/vscode/commit/a19f5796a011f078191196bf07d3348e097db403
b0490b8c93c98823f34d1a5d,tone,insufficient,0.3705,0.1746,0.8,insufficient,https://github.com/microsoft/vscode/commit/a19f5796a011f078191196bf07d3348e097db403
b0490b8c93c98823f34d1a5d,importance,routine,0.3733,0.059,0.8,needs_review,https://github.com/microsoft/vscode/commit/a19f5796a011f078191196bf07d3348e097db403
b0490b8c93c98823f34d1a5d,urgency,none,0.7196,0.3823,0.8,needs_review,https://github.com/microsoft/vscode/commit/a19f5796a011f078191196bf07d3348e097db403
b0490b8c93c98823f34d1a5d,promotion,insufficient,0.4399,0.1096,0.8,insufficient,https://github.com/microsoft/vscode/commit/a19f5796a011f078191196bf07d3348e097db403
b0490b8c93c98823f34d1a5d,token_reference,absent,0.8556,0.5349,0.8,accepted,https://github.com/microsoft/vscode/commit/a19f5796a011f078191196bf07d3348e097db403
b0490b8c93c98823f34d1a5d,narrative_object,product,0.3269,0.0934,0.8,needs_review,https://github.com/microsoft/vscode/commit/a19f5796a011f078191196bf07d3348e097db403
b0490b8c93c98823f34d1a5d,context_dependence,standalone,0.5396,0.088,0.8,needs_review,https://github.com/microsoft/vscode/commit/a19f5796a011f078191196bf07d3348e097db403
10d66a6d98c592022a83358f,relevance,insufficient,0.4996,0.0893,0.8,insufficient,https://x.com/i/status/2104648323479326755
10d66a6d98c592022a83358f,event,incident,0.8949,0.7555,0.8,accepted,https://x.com/i/status/2104648323479326755
10d66a6d98c592022a83358f,claim,announcement,0.875,0.7115,0.8,accepted,https://x.com/i/status/2104648323479326755
10d66a6d98c592022a83358f,tone,negative,0.7288,0.4342,0.8,needs_review,https://x.com/i/status/2104648323479326755
10d66a6d98c592022a83358f,importance,project,0.3799,0.0474,0.8,needs_review,https://x.com/i/status/2104648323479326755
10d66a6d98c592022a83358f,urgency,immediate,0.4332,0.1574,0.8,needs_review,https://x.com/i/status/2104648323479326755
10d66a6d98c592022a83358f,promotion,informational,0.6795,0.3148,0.8,needs_review,https://x.com/i/status/2104648323479326755
10d66a6d98c592022a83358f,token_reference,absent,0.7371,0.3142,0.8,needs_review,https://x.com/i/status/2104648323479326755
10d66a6d98c592022a83358f,narrative_object,absent,0.6324,0.3116,0.8,needs_review,https://x.com/i/status/2104648323479326755
10d66a6d98c592022a83358f,context_dependence,insufficient,0.4218,0.0265,0.8,insufficient,https://x.com/i/status/2104648323479326755
8b856d0d24003730b1a91ee2,relevance,informative,0.6224,0.1861,0.8,needs_review,https://x.com/i/status/2104667674441625889
8b856d0d24003730b1a91ee2,event,launch,0.6853,0.5788,0.8,needs_review,https://x.com/i/status/2104667674441625889
8b856d0d24003730b1a91ee2,claim,correction,0.3386,0.1462,0.8,needs_review,https://x.com/i/status/2104667674441625889
8b856d0d24003730b1a91ee2,tone,positive,0.3635,0.0951,0.8,needs_review,https://x.com/i/status/2104667674441625889
8b856d0d24003730b1a91ee2,importance,sector,0.3059,0.0136,0.8,needs_review,https://x.com/i/status/2104667674441625889
8b856d0d24003730b1a91ee2,urgency,none,0.5623,0.2242,0.8,needs_review,https://x.com/i/status/2104667674441625889
8b856d0d24003730b1a91ee2,promotion,promotional,0.485,0.1179,0.8,needs_review,https://x.com/i/status/2104667674441625889
8b856d0d24003730b1a91ee2,token_reference,absent,0.7062,0.2642,0.8,needs_review,https://x.com/i/status/2104667674441625889
8b856d0d24003730b1a91ee2,narrative_object,absent,0.4396,0.1546,0.8,needs_review,https://x.com/i/status/2104667674441625889
8b856d0d24003730b1a91ee2,context_dependence,dependent,0.574,0.1319,0.8,needs_review,https://x.com/i/status/2104667674441625889
e5138d71380847fee6057b54,relevance,insufficient,0.528,0.0891,0.8,insufficient,https://x.com/i/status/2104667672399286410
e5138d71380847fee6057b54,event,launch,0.9847,0.9532,0.8,accepted,https://x.com/i/status/2104667672399286410
e5138d71380847fee6057b54,claim,announcement,0.9794,0.9284,0.8,accepted,https://x.com/i/status/2104667672399286410
e5138d71380847fee6057b54,tone,neutral,0.3438,0.0919,0.8,needs_review,https://x.com/i/status/2104667672399286410
e5138d71380847fee6057b54,importance,project,0.3966,0.0508,0.8,needs_review,https://x.com/i/status/2104667672399286410
e5138d71380847fee6057b54,urgency,none,0.59,0.2576,0.8,needs_review,https://x.com/i/status/2104667672399286410
e5138d71380847fee6057b54,promotion,promotional,0.3528,0.0321,0.8,needs_review,https://x.com/i/status/2104667672399286410
e5138d71380847fee6057b54,token_reference,absent,0.8237,0.4676,0.8,accepted,https://x.com/i/status/2104667672399286410
e5138d71380847fee6057b54,narrative_object,absent,0.6269,0.3349,0.8,needs_review,https://x.com/i/status/2104667672399286410
e5138d71380847fee6057b54,context_dependence,insufficient,0.3957,0.0209,0.8,insufficient,https://x.com/i/status/2104667672399286410
309a04b40d46f1a8a056a1ec,relevance,informative,0.4393,0.0735,0.8,needs_review,https://x.com/i/status/2104667671660773785
309a04b40d46f1a8a056a1ec,event,incident,0.8535,0.6848,0.8,accepted,https://x.com/i/status/2104667671660773785
309a04b40d46f1a8a056a1ec,claim,announcement,0.3443,0.1882,0.8,needs_review,https://x.com/i/status/2104667671660773785
309a04b40d46f1a8a056a1ec,tone,negative,0.6192,0.2886,0.8,needs_review,https://x.com/i/status/2104667671660773785
309a04b40d46f1a8a056a1ec,importance,project,0.3339,0.0248,0.8,needs_review,https://x.com/i/status/2104667671660773785
309a04b40d46f1a8a056a1ec,urgency,immediate,0.5089,0.1392,0.8,needs_review,https://x.com/i/status/2104667671660773785
309a04b40d46f1a8a056a1ec,promotion,informational,0.5828,0.2035,0.8,needs_review,https://x.com/i/status/2104667671660773785
309a04b40d46f1a8a056a1ec,token_reference,absent,0.7015,0.2599,0.8,needs_review,https://x.com/i/status/2104667671660773785
309a04b40d46f1a8a056a1ec,narrative_object,absent,0.7093,0.4005,0.8,needs_review,https://x.com/i/status/2104667671660773785
309a04b40d46f1a8a056a1ec,context_dependence,dependent,0.4148,0.0135,0.8,needs_review,https://x.com/i/status/2104667671660773785
5c436de00a20fcc2f57aed46,relevance,insufficient,0.4855,0.0677,0.8,insufficient,https://github.com/facebook/fboss/commit/d30134f2a017bba9cd0512d918339fe3b6a3d343
5c436de00a20fcc2f57aed46,event,technical,0.878,0.7195,0.8,accepted,https://github.com/facebook/fboss/commit/d30134f2a017bba9cd0512d918339fe3b6a3d343
5c436de00a20fcc2f57aed46,claim,insufficient,0.4988,0.3165,0.8,insufficient,https://github.com/facebook/fboss/commit/d30134f2a017bba9cd0512d918339fe3b6a3d343
5c436de00a20fcc2f57aed46,tone,negative,0.3903,0.1291,0.8,needs_review,https://github.com/facebook/fboss/commit/d30134f2a017bba9cd0512d918339fe3b6a3d343
5c436de00a20fcc2f57aed46,importance,insufficient,0.3666,0.046,0.8,insufficient,https://github.com/facebook/fboss/commit/d30134f2a017bba9cd0512d918339fe3b6a3d343
5c436de00a20fcc2f57aed46,urgency,none,0.6702,0.3245,0.8,needs_review,https://github.com/facebook/fboss/commit/d30134f2a017bba9cd0512d918339fe3b6a3d343
5c436de00a20fcc2f57aed46,promotion,insufficient,0.44,0.0682,0.8,insufficient,https://github.com/facebook/fboss/commit/d30134f2a017bba9cd0512d918339fe3b6a3d343
5c436de00a20fcc2f57aed46,token_reference,absent,0.7887,0.4025,0.8,needs_review,https://github.com/facebook/fboss/commit/d30134f2a017bba9cd0512d918339fe3b6a3d343
5c436de00a20fcc2f57aed46,narrative_object,product,0.4126,0.2463,0.8,needs_review,https://github.com/facebook/fboss/commit/d30134f2a017bba9cd0512d918339fe3b6a3d343
5c436de00a20fcc2f57aed46,context_dependence,standalone,0.4532,0.0407,0.8,needs_review,https://github.com/facebook/fboss/commit/d30134f2a017bba9cd0512d918339fe3b6a3d343
4947e73a87ff5e853af81f6e,relevance,insufficient,0.5532,0.0942,0.8,needs_review,https://x.com/i/status/2104667667533848985
4947e73a87ff5e853af81f6e,event,other,0.6985,0.4258,0.8,needs_review,https://x.com/i/status/2104667667533848985
4947e73a87ff5e853af81f6e,claim,insufficient,0.3828,0.1733,0.8,needs_review,https://x.com/i/status/2104667667533848985
4947e73a87ff5e853af81f6e,tone,neutral,0.311,0.1153,0.8,needs_review,https://x.com/i/status/2104667667533848985
4947e73a87ff5e853af81f6e,importance,insufficient,0.7479,0.3941,0.8,needs_review,https://x.com/i/status/2104667667533848985
4947e73a87ff5e853af81f6e,urgency,none,0.7014,0.3806,0.8,needs_review,https://x.com/i/status/2104667667533848985
4947e73a87ff5e853af81f6e,promotion,insufficient,0.4844,0.0931,0.8,needs_review,https://x.com/i/status/2104667667533848985
4947e73a87ff5e853af81f6e,token_reference,absent,0.772,0.3676,0.8,needs_review,https://x.com/i/status/2104667667533848985
4947e73a87ff5e853af81f6e,narrative_object,absent,0.6494,0.3509,0.8,needs_review,https://x.com/i/status/2104667667533848985
4947e73a87ff5e853af81f6e,context_dependence,standalone,0.468,0.0429,0.8,needs_review,https://x.com/i/status/2104667667533848985
6d2bfb0e4d8835d4b65d3a32,relevance,noise,0.4324,0.0281,0.8,needs_review,https://x.com/i/status/2104667642388947249
6d2bfb0e4d8835d4b65d3a32,event,listing,0.4737,0.385,0.8,needs_review,https://x.com/i/status/2104667642388947249
6d2bfb0e4d8835d4b65d3a32,claim,announcement,0.3589,0.1367,0.8,needs_review,https://x.com/i/status/2104667642388947249
6d2bfb0e4d8835d4b65d3a32,tone,negative,0.3633,0.0901,0.8,needs_review,https://x.com/i/status/2104667642388947249
6d2bfb0e4d8835d4b65d3a32,importance,insufficient,0.6724,0.2858,0.8,needs_review,https://x.com/i/status/2104667642388947249
6d2bfb0e4d8835d4b65d3a32,urgency,none,0.7922,0.4794,0.8,needs_review,https://x.com/i/status/2104667642388947249
6d2bfb0e4d8835d4b65d3a32,promotion,promotional,0.6794,0.3022,0.8,needs_review,https://x.com/i/status/2104667642388947249
6d2bfb0e4d8835d4b65d3a32,token_reference,absent,0.8029,0.4243,0.8,needs_review,https://x.com/i/status/2104667642388947249
6d2bfb0e4d8835d4b65d3a32,narrative_object,absent,0.8122,0.5431,0.8,needs_review,https://x.com/i/status/2104667642388947249
6d2bfb0e4d8835d4b65d3a32,context_dependence,dependent,0.3853,0.0107,0.8,needs_review,https://x.com/i/status/2104667642388947249
898420de53c4be2aee44f0ae,relevance,informative,0.5614,0.1004,0.8,needs_review,https://x.com/i/status/2104641166452854913
898420de53c4be2aee44f0ae,event,launch,0.827,0.694,0.8,accepted,https://x.com/i/status/2104641166452854913
898420de53c4be2aee44f0ae,claim,announcement,0.8706,0.7044,0.8,accepted,https://x.com/i/status/2104641166452854913
898420de53c4be2aee44f0ae,tone,positive,0.4507,0.1359,0.8,needs_review,https://x.com/i/status/2104641166452854913
898420de53c4be2aee44f0ae,importance,project,0.4743,0.1247,0.8,needs_review,https://x.com/i/status/2104641166452854913
898420de53c4be2aee44f0ae,urgency,scheduled,0.4508,0.0935,0.8,needs_review,https://x.com/i/status/2104641166452854913
898420de53c4be2aee44f0ae,promotion,promotional,0.4971,0.1357,0.8,needs_review,https://x.com/i/status/2104641166452854913
898420de53c4be2aee44f0ae,token_reference,absent,0.3725,0.005,0.8,needs_review,https://x.com/i/status/2104641166452854913
898420de53c4be2aee44f0ae,narrative_object,product,0.4417,0.1972,0.8,needs_review,https://x.com/i/status/2104641166452854913
898420de53c4be2aee44f0ae,context_dependence,dependent,0.4793,0.0595,0.8,needs_review,https://x.com/i/status/2104641166452854913
2f84c147664a9d1140665ae5,relevance,informative,0.6085,0.159,0.8,needs_review,https://x.com/i/status/2104667626681278974
2f84c147664a9d1140665ae5,event,launch,0.9941,0.9772,0.8,accepted,https://x.com/i/status/2104667626681278974
2f84c147664a9d1140665ae5,claim,announcement,0.9542,0.8612,0.8,accepted,https://x.com/i/status/2104667626681278974
2f84c147664a9d1140665ae5,tone,positive,0.4379,0.1328,0.8,needs_review,https://x.com/i/status/2104667626681278974
2f84c147664a9d1140665ae5,importance,project,0.3208,0.0105,0.8,needs_review,https://x.com/i/status/2104667626681278974
2f84c147664a9d1140665ae5,urgency,none,0.5874,0.2213,0.8,needs_review,https://x.com/i/status/2104667626681278974
2f84c147664a9d1140665ae5,promotion,promotional,0.5048,0.1366,0.8,needs_review,https://x.com/i/status/2104667626681278974
2f84c147664a9d1140665ae5,token_reference,absent,0.6376,0.1762,0.8,needs_review,https://x.com/i/status/2104667626681278974
2f84c147664a9d1140665ae5,narrative_object,product,0.3452,0.1009,0.8,needs_review,https://x.com/i/status/2104667626681278974
2f84c147664a9d1140665ae5,context_dependence,dependent,0.553,0.1238,0.8,needs_review,https://x.com/i/status/2104667626681278974
0d636382ddf1dd0ebe3af01b,relevance,insufficient,0.5454,0.096,0.8,insufficient,https://github.com/microsoft/vscode-mssql/commit/11d0a69e2e27ac1ea25f236b6517b183568df5dd
0d636382ddf1dd0ebe3af01b,event,technical,0.5161,0.3589,0.8,needs_review,https://github.com/microsoft/vscode-mssql/commit/11d0a69e2e27ac1ea25f236b6517b183568df5dd
0d636382ddf1dd0ebe3af01b,claim,insufficient,0.5626,0.2829,0.8,insufficient,https://github.com/microsoft/vscode-mssql/commit/11d0a69e2e27ac1ea25f236b6517b183568df5dd
0d636382ddf1dd0ebe3af01b,tone,insufficient,0.317,0.0985,0.8,insufficient,https://github.com/microsoft/vscode-mssql/commit/11d0a69e2e27ac1ea25f236b6517b183568df5dd
0d636382ddf1dd0ebe3af01b,importance,insufficient,0.4513,0.0813,0.8,insufficient,https://github.com/microsoft/vscode-mssql/commit/11d0a69e2e27ac1ea25f236b6517b183568df5dd
0d636382ddf1dd0ebe3af01b,urgency,none,0.6447,0.3143,0.8,needs_review,https://github.com/microsoft/vscode-mssql/commit/11d0a69e2e27ac1ea25f236b6517b183568df5dd
0d636382ddf1dd0ebe3af01b,promotion,insufficient,0.4333,0.0669,0.8,insufficient,https://github.com/microsoft/vscode-mssql/commit/11d0a69e2e27ac1ea25f236b6517b183568df5dd
0d636382ddf1dd0ebe3af01b,token_reference,absent,0.8026,0.4244,0.8,accepted,https://github.com/microsoft/vscode-mssql/commit/11d0a69e2e27ac1ea25f236b6517b183568df5dd
0d636382ddf1dd0ebe3af01b,narrative_object,absent,0.5568,0.2509,0.8,needs_review,https://github.com/microsoft/vscode-mssql/commit/11d0a69e2e27ac1ea25f236b6517b183568df5dd
0d636382ddf1dd0ebe3af01b,context_dependence,standalone,0.3716,0.003,0.8,needs_review,https://github.com/microsoft/vscode-mssql/commit/11d0a69e2e27ac1ea25f236b6517b183568df5dd
39ed2d01cc24afa522274ca5,relevance,insufficient,0.3455,0.0004,0.8,insufficient,https://x.com/i/status/2104667495701647858
39ed2d01cc24afa522274ca5,event,launch,0.9982,0.9921,0.8,accepted,https://x.com/i/status/2104667495701647858
39ed2d01cc24afa522274ca5,claim,announcement,0.9983,0.9917,0.8,accepted,https://x.com/i/status/2104667495701647858
39ed2d01cc24afa522274ca5,tone,insufficient,0.3073,0.0926,0.8,insufficient,https://x.com/i/status/2104667495701647858
39ed2d01cc24afa522274ca5,importance,project,0.6784,0.2994,0.8,needs_review,https://x.com/i/status/2104667495701647858
39ed2d01cc24afa522274ca5,urgency,none,0.6455,0.2555,0.8,needs_review,https://x.com/i/status/2104667495701647858
39ed2d01cc24afa522274ca5,promotion,promotional,0.8431,0.5627,0.8,accepted,https://x.com/i/status/2104667495701647858
39ed2d01cc24afa522274ca5,token_reference,explicit,0.5867,0.1337,0.8,needs_review,https://x.com/i/status/2104667495701647858
39ed2d01cc24afa522274ca5,narrative_object,product,0.5096,0.3283,0.8,needs_review,https://x.com/i/status/2104667495701647858
39ed2d01cc24afa522274ca5,context_dependence,standalone,0.4933,0.058,0.8,needs_review,https://x.com/i/status/2104667495701647858
d7cac97447002afd888e788c,relevance,insufficient,0.4209,0.034,0.8,insufficient,https://x.com/i/status/2104667601750331844
d7cac97447002afd888e788c,event,launch,0.9471,0.8822,0.8,accepted,https://x.com/i/status/2104667601750331844
d7cac97447002afd888e788c,claim,announcement,0.9594,0.8758,0.8,accepted,https://x.com/i/status/2104667601750331844
d7cac97447002afd888e788c,tone,insufficient,0.4056,0.1051,0.8,insufficient,https://x.com/i/status/2104667601750331844
d7cac97447002afd888e788c,importance,routine,0.4277,0.0941,0.8,needs_review,https://x.com/i/status/2104667601750331844
d7cac97447002afd888e788c,urgency,none,0.4899,0.0965,0.8,needs_review,https://x.com/i/status/2104667601750331844
d7cac97447002afd888e788c,promotion,promotional,0.4265,0.0663,0.8,needs_review,https://x.com/i/status/2104667601750331844
d7cac97447002afd888e788c,token_reference,explicit,0.6098,0.164,0.8,needs_review,https://x.com/i/status/2104667601750331844
d7cac97447002afd888e788c,narrative_object,product,0.557,0.3199,0.8,needs_review,https://x.com/i/status/2104667601750331844
d7cac97447002afd888e788c,context_dependence,standalone,0.4161,0.0176,0.8,needs_review,https://x.com/i/status/2104667601750331844
b0922da75c00d42ec5bc5f03,relevance,noise,0.3601,0.0017,0.8,needs_review,https://x.com/i/status/2104667596419399989
b0922da75c00d42ec5bc5f03,event,technical,0.7946,0.6246,0.8,needs_review,https://x.com/i/status/2104667596419399989
b0922da75c00d42ec5bc5f03,claim,announcement,0.698,0.4191,0.8,needs_review,https://x.com/i/status/2104667596419399989
b0922da75c00d42ec5bc5f03,tone,negative,0.3418,0.0378,0.8,needs_review,https://x.com/i/status/2104667596419399989
b0922da75c00d42ec5bc5f03,importance,project,0.4886,0.1054,0.8,needs_review,https://x.com/i/status/2104667596419399989
b0922da75c00d42ec5bc5f03,urgency,none,0.32,0.0313,0.8,needs_review,https://x.com/i/status/2104667596419399989
b0922da75c00d42ec5bc5f03,promotion,promotional,0.5542,0.163,0.8,needs_review,https://x.com/i/status/2104667596419399989
b0922da75c00d42ec5bc5f03,token_reference,absent,0.5554,0.0947,0.8,needs_review,https://x.com/i/status/2104667596419399989
b0922da75c00d42ec5bc5f03,narrative_object,product,0.4759,0.18,0.8,needs_review,https://x.com/i/status/2104667596419399989
b0922da75c00d42ec5bc5f03,context_dependence,dependent,0.3975,0.0096,0.8,needs_review,https://x.com/i/status/2104667596419399989
4eabdbd3e89b84e1223f8bd6,relevance,insufficient,0.8402,0.5047,0.8,insufficient,https://github.com/microsoft/garnet/commit/dc15b57dc0780a57e231f4699a3c9e60741b1d35
4eabdbd3e89b84e1223f8bd6,event,technical,0.9668,0.9102,0.8,accepted,https://github.com/microsoft/garnet/commit/dc15b57dc0780a57e231f4699a3c9e60741b1d35
4eabdbd3e89b84e1223f8bd6,claim,insufficient,0.6268,0.4785,0.8,insufficient,https://github.com/microsoft/garnet/commit/dc15b57dc0780a57e231f4699a3c9e60741b1d35
4eabdbd3e89b84e1223f8bd6,tone,insufficient,0.7943,0.5407,0.8,insufficient,https://github.com/microsoft/garnet/commit/dc15b57dc0780a57e231f4699a3c9e60741b1d35
4eabdbd3e89b84e1223f8bd6,importance,routine,0.3639,0.1055,0.8,needs_review,https://github.com/microsoft/garnet/commit/dc15b57dc0780a57e231f4699a3c9e60741b1d35
4eabdbd3e89b84e1223f8bd6,urgency,none,0.661,0.3939,0.8,needs_review,https://github.com/microsoft/garnet/commit/dc15b57dc0780a57e231f4699a3c9e60741b1d35
4eabdbd3e89b84e1223f8bd6,promotion,insufficient,0.7954,0.5911,0.8,insufficient,https://github.com/microsoft/garnet/commit/dc15b57dc0780a57e231f4699a3c9e60741b1d35
4eabdbd3e89b84e1223f8bd6,token_reference,absent,0.8315,0.4882,0.8,accepted,https://github.com/microsoft/garnet/commit/dc15b57dc0780a57e231f4699a3c9e60741b1d35
4eabdbd3e89b84e1223f8bd6,narrative_object,product,0.8059,0.5957,0.8,accepted,https://github.com/microsoft/garnet/commit/dc15b57dc0780a57e231f4699a3c9e60741b1d35
4eabdbd3e89b84e1223f8bd6,context_dependence,insufficient,0.5968,0.1369,0.8,insufficient,https://github.com/microsoft/garnet/commit/dc15b57dc0780a57e231f4699a3c9e60741b1d35
900f1dcb2a1d83fc4693129a,relevance,insufficient,0.5838,0.1202,0.8,insufficient,https://x.com/i/status/2104667580258541909
900f1dcb2a1d83fc4693129a,event,technical,0.6614,0.4653,0.8,needs_review,https://x.com/i/status/2104667580258541909
900f1dcb2a1d83fc4693129a,claim,announcement,0.6628,0.4106,0.8,needs_review,https://x.com/i/status/2104667580258541909
900f1dcb2a1d83fc4693129a,tone,insufficient,0.2677,0.0417,0.8,insufficient,https://x.com/i/status/2104667580258541909
900f1dcb2a1d83fc4693129a,importance,project,0.4213,0.1116,0.8,needs_review,https://x.com/i/status/2104667580258541909
900f1dcb2a1d83fc4693129a,urgency,none,0.5451,0.2309,0.8,needs_review,https://x.com/i/status/2104667580258541909
900f1dcb2a1d83fc4693129a,promotion,insufficient,0.3749,0.0479,0.8,insufficient,https://x.com/i/status/2104667580258541909
900f1dcb2a1d83fc4693129a,token_reference,absent,0.7564,0.3441,0.8,needs_review,https://x.com/i/status/2104667580258541909
900f1dcb2a1d83fc4693129a,narrative_object,absent,0.6449,0.2932,0.8,needs_review,https://x.com/i/status/2104667580258541909
900f1dcb2a1d83fc4693129a,context_dependence,insufficient,0.4388,0.0281,0.8,insufficient,https://x.com/i/status/2104667580258541909
b37f560d1f9328da91ba51ef,relevance,informative,0.4431,0.0903,0.8,needs_review,https://stocktwits.com/news-articles/markets/equity/tesla-pushes-roadster-event-to-oct-15-after-storm-forecast-says-it-can-only-be-held-outdoors/cZMjdzSRBXB
b37f560d1f9328da91ba51ef,event,launch,0.7031,0.5806,0.8,needs_review,https://stocktwits.com/news-articles/markets/equity/tesla-pushes-roadster-event-to-oct-15-after-storm-forecast-says-it-can-only-be-held-outdoors/cZMjdzSRBXB
b37f560d1f9328da91ba51ef,claim,announcement,0.9703,0.904,0.8,needs_review,https://stocktwits.com/news-articles/markets/equity/tesla-pushes-roadster-event-to-oct-15-after-storm-forecast-says-it-can-only-be-held-outdoors/cZMjdzSRBXB
b37f560d1f9328da91ba51ef,tone,negative,0.3877,0.1247,0.8,needs_review,https://stocktwits.com/news-articles/markets/equity/tesla-pushes-roadster-event-to-oct-15-after-storm-forecast-says-it-can-only-be-held-outdoors/cZMjdzSRBXB
b37f560d1f9328da91ba51ef,importance,routine,0.4282,0.0965,0.8,needs_review,https://stocktwits.com/news-articles/markets/equity/tesla-pushes-roadster-event-to-oct-15-after-storm-forecast-says-it-can-only-be-held-outdoors/cZMjdzSRBXB
b37f560d1f9328da91ba51ef,urgency,scheduled,0.3589,0.049,0.8,needs_review,https://stocktwits.com/news-articles/markets/equity/tesla-pushes-roadster-event-to-oct-15-after-storm-forecast-says-it-can-only-be-held-outdoors/cZMjdzSRBXB
b37f560d1f9328da91ba51ef,promotion,informational,0.4436,0.0938,0.8,needs_review,https://stocktwits.com/news-articles/markets/equity/tesla-pushes-roadster-event-to-oct-15-after-storm-forecast-says-it-can-only-be-held-outdoors/cZMjdzSRBXB
b37f560d1f9328da91ba51ef,token_reference,absent,0.8755,0.5802,0.8,needs_review,https://stocktwits.com/news-articles/markets/equity/tesla-pushes-roadster-event-to-oct-15-after-storm-forecast-says-it-can-only-be-held-outdoors/cZMjdzSRBXB
b37f560d1f9328da91ba51ef,narrative_object,absent,0.4978,0.27,0.8,needs_review,https://stocktwits.com/news-articles/markets/equity/tesla-pushes-roadster-event-to-oct-15-after-storm-forecast-says-it-can-only-be-held-outdoors/cZMjdzSRBXB
b37f560d1f9328da91ba51ef,context_dependence,standalone,0.4969,0.0729,0.8,needs_review,https://stocktwits.com/news-articles/markets/equity/tesla-pushes-roadster-event-to-oct-15-after-storm-forecast-says-it-can-only-be-held-outdoors/cZMjdzSRBXB
8b3248cfe5ae7c2eb8be527e,relevance,insufficient,0.4745,0.0652,0.8,insufficient,https://github.com/microsoft/vcpkg/commit/58845ed63eb19aff55e896ea1f5d51f2a0df5b66
8b3248cfe5ae7c2eb8be527e,event,technical,0.8198,0.6438,0.8,accepted,https://github.com/microsoft/vcpkg/commit/58845ed63eb19aff55e896ea1f5d51f2a0df5b66
8b3248cfe5ae7c2eb8be527e,claim,announcement,0.6209,0.3882,0.8,needs_review,https://github.com/microsoft/vcpkg/commit/58845ed63eb19aff55e896ea1f5d51f2a0df5b66
8b3248cfe5ae7c2eb8be527e,tone,insufficient,0.3562,0.0884,0.8,insufficient,https://github.com/microsoft/vcpkg/commit/58845ed63eb19aff55e896ea1f5d51f2a0df5b66
8b3248cfe5ae7c2eb8be527e,importance,insufficient,0.4638,0.1115,0.8,insufficient,https://github.com/microsoft/vcpkg/commit/58845ed63eb19aff55e896ea1f5d51f2a0df5b66
8b3248cfe5ae7c2eb8be527e,urgency,none,0.6517,0.3076,0.8,needs_review,https://github.com/microsoft/vcpkg/commit/58845ed63eb19aff55e896ea1f5d51f2a0df5b66
8b3248cfe5ae7c2eb8be527e,promotion,insufficient,0.3971,0.0635,0.8,insufficient,https://github.com/microsoft/vcpkg/commit/58845ed63eb19aff55e896ea1f5d51f2a0df5b66
8b3248cfe5ae7c2eb8be527e,token_reference,absent,0.601,0.1419,0.8,needs_review,https://github.com/microsoft/vcpkg/commit/58845ed63eb19aff55e896ea1f5d51f2a0df5b66
8b3248cfe5ae7c2eb8be527e,narrative_object,product,0.761,0.4856,0.8,needs_review,https://github.com/microsoft/vcpkg/commit/58845ed63eb19aff55e896ea1f5d51f2a0df5b66
8b3248cfe5ae7c2eb8be527e,context_dependence,standalone,0.5889,0.1287,0.8,needs_review,https://github.com/microsoft/vcpkg/commit/58845ed63eb19aff55e896ea1f5d51f2a0df5b66
23a35366fd0226a0e0cd7c33,relevance,noise,0.46,0.0864,0.8,needs_review,https://x.com/i/status/2104667522897207300
23a35366fd0226a0e0cd7c33,event,launch,0.5925,0.4346,0.8,needs_review,https://x.com/i/status/2104667522897207300
23a35366fd0226a0e0cd7c33,claim,announcement,0.9199,0.7894,0.8,accepted,https://x.com/i/status/2104667522897207300
23a35366fd0226a0e0cd7c33,tone,insufficient,0.3436,0.0776,0.8,insufficient,https://x.com/i/status/2104667522897207300
23a35366fd0226a0e0cd7c33,importance,insufficient,0.6706,0.2845,0.8,insufficient,https://x.com/i/status/2104667522897207300
23a35366fd0226a0e0cd7c33,urgency,none,0.6047,0.2786,0.8,needs_review,https://x.com/i/status/2104667522897207300
23a35366fd0226a0e0cd7c33,promotion,promotional,0.9122,0.7161,0.8,accepted,https://x.com/i/status/2104667522897207300
23a35366fd0226a0e0cd7c33,token_reference,absent,0.905,0.6554,0.8,accepted,https://x.com/i/status/2104667522897207300
23a35366fd0226a0e0cd7c33,narrative_object,absent,0.6428,0.3182,0.8,needs_review,https://x.com/i/status/2104667522897207300
23a35366fd0226a0e0cd7c33,context_dependence,insufficient,0.4466,0.0303,0.8,insufficient,https://x.com/i/status/2104667522897207300
0154ca1bedcec9160aa22996,relevance,insufficient,0.4801,0.0865,0.8,insufficient,https://github.com/IBM/ibmdotcom-tutorials/commit/dfd5ca88d62977409e566d16a66bf6018d5f872b
0154ca1bedcec9160aa22996,event,technical,0.9273,0.8167,0.8,accepted,https://github.com/IBM/ibmdotcom-tutorials/commit/dfd5ca88d62977409e566d16a66bf6018d5f872b
0154ca1bedcec9160aa22996,claim,announcement,0.8504,0.6759,0.8,accepted,https://github.com/IBM/ibmdotcom-tutorials/commit/dfd5ca88d62977409e566d16a66bf6018d5f872b
0154ca1bedcec9160aa22996,tone,insufficient,0.3477,0.1219,0.8,insufficient,https://github.com/IBM/ibmdotcom-tutorials/commit/dfd5ca88d62977409e566d16a66bf6018d5f872b
0154ca1bedcec9160aa22996,importance,project,0.4729,0.1224,0.8,needs_review,https://github.com/IBM/ibmdotcom-tutorials/commit/dfd5ca88d62977409e566d16a66bf6018d5f872b
0154ca1bedcec9160aa22996,urgency,none,0.5914,0.1924,0.8,needs_review,https://github.com/IBM/ibmdotcom-tutorials/commit/dfd5ca88d62977409e566d16a66bf6018d5f872b
0154ca1bedcec9160aa22996,promotion,insufficient,0.5885,0.1912,0.8,insufficient,https://github.com/IBM/ibmdotcom-tutorials/commit/dfd5ca88d62977409e566d16a66bf6018d5f872b
0154ca1bedcec9160aa22996,token_reference,absent,0.8889,0.6137,0.8,accepted,https://github.com/IBM/ibmdotcom-tutorials/commit/dfd5ca88d62977409e566d16a66bf6018d5f872b
0154ca1bedcec9160aa22996,narrative_object,absent,0.5139,0.3263,0.8,needs_review,https://github.com/IBM/ibmdotcom-tutorials/commit/dfd5ca88d62977409e566d16a66bf6018d5f872b
0154ca1bedcec9160aa22996,context_dependence,standalone,0.4128,0.0159,0.8,needs_review,https://github.com/IBM/ibmdotcom-tutorials/commit/dfd5ca88d62977409e566d16a66bf6018d5f872b
1614e625cd0077003fcaec8c,relevance,insufficient,0.7156,0.2771,0.8,insufficient,https://x.com/i/status/2104667476546212219
1614e625cd0077003fcaec8c,event,technical,0.5319,0.3607,0.8,needs_review,https://x.com/i/status/2104667476546212219
1614e625cd0077003fcaec8c,claim,insufficient,0.6046,0.3378,0.8,insufficient,https://x.com/i/status/2104667476546212219
1614e625cd0077003fcaec8c,tone,insufficient,0.4188,0.1759,0.8,insufficient,https://x.com/i/status/2104667476546212219
1614e625cd0077003fcaec8c,importance,insufficient,0.6339,0.2446,0.8,insufficient,https://x.com/i/status/2104667476546212219
1614e625cd0077003fcaec8c,urgency,scheduled,0.3292,0.0931,0.8,needs_review,https://x.com/i/status/2104667476546212219
1614e625cd0077003fcaec8c,promotion,insufficient,0.4045,0.057,0.8,insufficient,https://x.com/i/status/2104667476546212219
1614e625cd0077003fcaec8c,token_reference,absent,0.8281,0.4812,0.8,accepted,https://x.com/i/status/2104667476546212219
1614e625cd0077003fcaec8c,narrative_object,absent,0.4526,0.2377,0.8,needs_review,https://x.com/i/status/2104667476546212219
1614e625cd0077003fcaec8c,context_dependence,insufficient,0.4416,0.029,0.8,insufficient,https://x.com/i/status/2104667476546212219
2b3cbbfbd60c4ff509fb24fe,relevance,insufficient,0.451,0.0346,0.8,insufficient,https://x.com/i/status/2104667472083173739
2b3cbbfbd60c4ff509fb24fe,event,technical,0.6934,0.464,0.8,needs_review,https://x.com/i/status/2104667472083173739
2b3cbbfbd60c4ff509fb24fe,claim,announcement,0.77,0.5188,0.8,needs_review,https://x.com/i/status/2104667472083173739
2b3cbbfbd60c4ff509fb24fe,tone,neutral,0.395,0.1197,0.8,needs_review,https://x.com/i/status/2104667472083173739
2b3cbbfbd60c4ff509fb24fe,importance,routine,0.5321,0.146,0.8,needs_review,https://x.com/i/status/2104667472083173739
2b3cbbfbd60c4ff509fb24fe,urgency,none,0.4464,0.076,0.8,needs_review,https://x.com/i/status/2104667472083173739
2b3cbbfbd60c4ff509fb24fe,promotion,promotional,0.3732,0.0333,0.8,needs_review,https://x.com/i/status/2104667472083173739
2b3cbbfbd60c4ff509fb24fe,token_reference,explicit,0.3454,0.0003,0.8,needs_review,https://x.com/i/status/2104667472083173739
2b3cbbfbd60c4ff509fb24fe,narrative_object,absent,0.451,0.1639,0.8,needs_review,https://x.com/i/status/2104667472083173739
2b3cbbfbd60c4ff509fb24fe,context_dependence,dependent,0.467,0.0545,0.8,needs_review,https://x.com/i/status/2104667472083173739
309c01eab4640d6c08452ec9,relevance,,,,0.8,needs_review,https://github.com/NVIDIA/Model-Optimizer/commit/1c33dea5ccd141d983f40c1efcc6c0359d4fcc17
309c01eab4640d6c08452ec9,event,,,,0.8,needs_review,https://github.com/NVIDIA/Model-Optimizer/commit/1c33dea5ccd141d983f40c1efcc6c0359d4fcc17
309c01eab4640d6c08452ec9,claim,,,,0.8,needs_review,https://github.com/NVIDIA/Model-Optimizer/commit/1c33dea5ccd141d983f40c1efcc6c0359d4fcc17
309c01eab4640d6c08452ec9,tone,,,,0.8,needs_review,https://github.com/NVIDIA/Model-Optimizer/commit/1c33dea5ccd141d983f40c1efcc6c0359d4fcc17
309c01eab4640d6c08452ec9,importance,,,,0.8,needs_review,https://github.com/NVIDIA/Model-Optimizer/commit/1c33dea5ccd141d983f40c1efcc6c0359d4fcc17
309c01eab4640d6c08452ec9,urgency,,,,0.8,needs_review,https://github.com/NVIDIA/Model-Optimizer/commit/1c33dea5ccd141d983f40c1efcc6c0359d4fcc17
309c01eab4640d6c08452ec9,promotion,,,,0.8,needs_review,https://github.com/NVIDIA/Model-Optimizer/commit/1c33dea5ccd141d983f40c1efcc6c0359d4fcc17
309c01eab4640d6c08452ec9,token_reference,,,,0.8,needs_review,https://github.com/NVIDIA/Model-Optimizer/commit/1c33dea5ccd141d983f40c1efcc6c0359d4fcc17
309c01eab4640d6c08452ec9,narrative_object,,,,0.8,needs_review,https://github.com/NVIDIA/Model-Optimizer/commit/1c33dea5ccd141d983f40c1efcc6c0359d4fcc17
309c01eab4640d6c08452ec9,context_dependence,,,,0.8,needs_review,https://github.com/NVIDIA/Model-Optimizer/commit/1c33dea5ccd141d983f40c1efcc6c0359d4fcc17
2d5925a2abe72f6a1d3f5594,relevance,insufficient,0.744,0.3362,0.8,insufficient,https://github.com/microsoft/garnet/commit/415f519338d625e2affb6f519fdbeddd7ad9f12d
2d5925a2abe72f6a1d3f5594,event,technical,0.8373,0.6827,0.8,accepted,https://github.com/microsoft/garnet/commit/415f519338d625e2affb6f519fdbeddd7ad9f12d
2d5925a2abe72f6a1d3f5594,claim,insufficient,0.5731,0.3785,0.8,insufficient,https://github.com/microsoft/garnet/commit/415f519338d625e2affb6f519fdbeddd7ad9f12d
2d5925a2abe72f6a1d3f5594,tone,insufficient,0.709,0.4211,0.8,insufficient,https://github.com/microsoft/garnet/commit/415f519338d625e2affb6f519fdbeddd7ad9f12d
2d5925a2abe72f6a1d3f5594,importance,sector,0.4802,0.1684,0.8,needs_review,https://github.com/microsoft/garnet/commit/415f519338d625e2affb6f519fdbeddd7ad9f12d
2d5925a2abe72f6a1d3f5594,urgency,none,0.715,0.447,0.8,needs_review,https://github.com/microsoft/garnet/commit/415f519338d625e2affb6f519fdbeddd7ad9f12d
2d5925a2abe72f6a1d3f5594,promotion,insufficient,0.6855,0.4913,0.8,insufficient,https://github.com/microsoft/garnet/commit/415f519338d625e2affb6f519fdbeddd7ad9f12d
2d5925a2abe72f6a1d3f5594,token_reference,absent,0.8421,0.5061,0.8,accepted,https://github.com/microsoft/garnet/commit/415f519338d625e2affb6f519fdbeddd7ad9f12d
2d5925a2abe72f6a1d3f5594,narrative_object,product,0.8298,0.6119,0.8,accepted,https://github.com/microsoft/garnet/commit/415f519338d625e2affb6f519fdbeddd7ad9f12d
2d5925a2abe72f6a1d3f5594,context_dependence,insufficient,0.5819,0.1176,0.8,insufficient,https://github.com/microsoft/garnet/commit/415f519338d625e2affb6f519fdbeddd7ad9f12d
e655d56725dff679003e5f96,relevance,insufficient,0.4923,0.0519,0.8,needs_review,https://x.com/i/status/2102109268023357532
e655d56725dff679003e5f96,event,other,0.6972,0.4347,0.8,needs_review,https://x.com/i/status/2102109268023357532
e655d56725dff679003e5f96,claim,insufficient,0.5006,0.1871,0.8,needs_review,https://x.com/i/status/2102109268023357532
e655d56725dff679003e5f96,tone,neutral,0.3252,0.093,0.8,needs_review,https://x.com/i/status/2102109268023357532
e655d56725dff679003e5f96,importance,insufficient,0.7143,0.3426,0.8,needs_review,https://x.com/i/status/2102109268023357532
e655d56725dff679003e5f96,urgency,none,0.6914,0.3542,0.8,needs_review,https://x.com/i/status/2102109268023357532
e655d56725dff679003e5f96,promotion,insufficient,0.3699,0.0371,0.8,needs_review,https://x.com/i/status/2102109268023357532
e655d56725dff679003e5f96,token_reference,absent,0.7997,0.4182,0.8,needs_review,https://x.com/i/status/2102109268023357532
e655d56725dff679003e5f96,narrative_object,absent,0.5692,0.2768,0.8,needs_review,https://x.com/i/status/2102109268023357532
e655d56725dff679003e5f96,context_dependence,standalone,0.5261,0.0717,0.8,needs_review,https://x.com/i/status/2102109268023357532
b8bfafba2389df6509ed25f8,relevance,insufficient,0.5827,0.1243,0.8,insufficient,https://github.com/microsoft/physical-ai-toolchain/commit/8f8858ccb9707dec72b8bb87c8f01df89dea6e4e
b8bfafba2389df6509ed25f8,event,technical,0.9899,0.965,0.8,accepted,https://github.com/microsoft/physical-ai-toolchain/commit/8f8858ccb9707dec72b8bb87c8f01df89dea6e4e
b8bfafba2389df6509ed25f8,claim,insufficient,0.6818,0.4379,0.8,insufficient,https://github.com/microsoft/physical-ai-toolchain/commit/8f8858ccb9707dec72b8bb87c8f01df89dea6e4e
b8bfafba2389df6509ed25f8,tone,insufficient,0.4649,0.1593,0.8,insufficient,https://github.com/microsoft/physical-ai-toolchain/commit/8f8858ccb9707dec72b8bb87c8f01df89dea6e4e
b8bfafba2389df6509ed25f8,importance,routine,0.6561,0.2829,0.8,needs_review,https://github.com/microsoft/physical-ai-toolchain/commit/8f8858ccb9707dec72b8bb87c8f01df89dea6e4e
b8bfafba2389df6509ed25f8,urgency,none,0.668,0.3057,0.8,needs_review,https://github.com/microsoft/physical-ai-toolchain/commit/8f8858ccb9707dec72b8bb87c8f01df89dea6e4e
b8bfafba2389df6509ed25f8,promotion,insufficient,0.6181,0.2223,0.8,insufficient,https://github.com/microsoft/physical-ai-toolchain/commit/8f8858ccb9707dec72b8bb87c8f01df89dea6e4e
b8bfafba2389df6509ed25f8,token_reference,absent,0.8242,0.4675,0.8,accepted,https://github.com/microsoft/physical-ai-toolchain/commit/8f8858ccb9707dec72b8bb87c8f01df89dea6e4e
b8bfafba2389df6509ed25f8,narrative_object,absent,0.5359,0.246,0.8,needs_review,https://github.com/microsoft/physical-ai-toolchain/commit/8f8858ccb9707dec72b8bb87c8f01df89dea6e4e
b8bfafba2389df6509ed25f8,context_dependence,standalone,0.528,0.1208,0.8,needs_review,https://github.com/microsoft/physical-ai-toolchain/commit/8f8858ccb9707dec72b8bb87c8f01df89dea6e4e
c83411af769b95cf5572ffde,relevance,informative,0.541,0.0952,0.8,needs_review,https://github.com/microsoft/azure-databases-aspire/commit/1a2f73104e06f019bbab70532d7865e17483c39f
c83411af769b95cf5572ffde,event,technical,0.7779,0.6878,0.8,needs_review,https://github.com/microsoft/azure-databases-aspire/commit/1a2f73104e06f019bbab70532d7865e17483c39f
c83411af769b95cf5572ffde,claim,announcement,0.5365,0.2884,0.8,needs_review,https://github.com/microsoft/azure-databases-aspire/commit/1a2f73104e06f019bbab70532d7865e17483c39f
c83411af769b95cf5572ffde,tone,neutral,0.3125,0.0439,0.8,needs_review,https://github.com/microsoft/azure-databases-aspire/commit/1a2f73104e06f019bbab70532d7865e17483c39f
c83411af769b95cf5572ffde,importance,routine,0.4254,0.0726,0.8,needs_review,https://github.com/microsoft/azure-databases-aspire/commit/1a2f73104e06f019bbab70532d7865e17483c39f
c83411af769b95cf5572ffde,urgency,none,0.462,0.1283,0.8,needs_review,https://github.com/microsoft/azure-databases-aspire/commit/1a2f73104e06f019bbab70532d7865e17483c39f
c83411af769b95cf5572ffde,promotion,informational,0.445,0.0702,0.8,needs_review,https://github.com/microsoft/azure-databases-aspire/commit/1a2f73104e06f019bbab70532d7865e17483c39f
c83411af769b95cf5572ffde,token_reference,absent,0.8191,0.4566,0.8,accepted,https://github.com/microsoft/azure-databases-aspire/commit/1a2f73104e06f019bbab70532d7865e17483c39f
c83411af769b95cf5572ffde,narrative_object,product,0.5878,0.2968,0.8,needs_review,https://github.com/microsoft/azure-databases-aspire/commit/1a2f73104e06f019bbab70532d7865e17483c39f
c83411af769b95cf5572ffde,context_dependence,standalone,0.4132,0.0534,0.8,needs_review,https://github.com/microsoft/azure-databases-aspire/commit/1a2f73104e06f019bbab70532d7865e17483c39f
02cc343665cb06a69211f4a5,relevance,informative,0.4107,0.0479,0.8,needs_review,https://x.com/i/status/2104667393129693417
02cc343665cb06a69211f4a5,event,technical,0.867,0.6942,0.8,accepted,https://x.com/i/status/2104667393129693417
02cc343665cb06a69211f4a5,claim,announcement,0.6362,0.3678,0.8,needs_review,https://x.com/i/status/2104667393129693417
02cc343665cb06a69211f4a5,tone,negative,0.6512,0.3073,0.8,needs_review,https://x.com/i/status/2104667393129693417
02cc343665cb06a69211f4a5,importance,sector,0.5034,0.1905,0.8,needs_review,https://x.com/i/status/2104667393129693417
02cc343665cb06a69211f4a5,urgency,scheduled,0.5044,0.1291,0.8,needs_review,https://x.com/i/status/2104667393129693417
02cc343665cb06a69211f4a5,promotion,informational,0.3939,0.046,0.8,needs_review,https://x.com/i/status/2104667393129693417
02cc343665cb06a69211f4a5,token_reference,absent,0.8302,0.481,0.8,accepted,https://x.com/i/status/2104667393129693417
02cc343665cb06a69211f4a5,narrative_object,product,0.5565,0.2381,0.8,needs_review,https://x.com/i/status/2104667393129693417
02cc343665cb06a69211f4a5,context_dependence,standalone,0.5451,0.0858,0.8,needs_review,https://x.com/i/status/2104667393129693417
4c55cd0151770bfc172579cd,relevance,informative,0.4671,0.0784,0.8,needs_review,https://github.com/NVIDIA/k8s-test-infra/commit/e6d00aa53b71e77e75737fc862e1df7e3a5aeb0b
4c55cd0151770bfc172579cd,event,technical,0.9142,0.8153,0.8,accepted,https://github.com/NVIDIA/k8s-test-infra/commit/e6d00aa53b71e77e75737fc862e1df7e3a5aeb0b
4c55cd0151770bfc172579cd,claim,insufficient,0.5345,0.254,0.8,insufficient,https://github.com/NVIDIA/k8s-test-infra/commit/e6d00aa53b71e77e75737fc862e1df7e3a5aeb0b
4c55cd0151770bfc172579cd,tone,neutral,0.324,0.0719,0.8,needs_review,https://github.com/NVIDIA/k8s-test-infra/commit/e6d00aa53b71e77e75737fc862e1df7e3a5aeb0b
4c55cd0151770bfc172579cd,importance,routine,0.3831,0.0413,0.8,needs_review,https://github.com/NVIDIA/k8s-test-infra/commit/e6d00aa53b71e77e75737fc862e1df7e3a5aeb0b
4c55cd0151770bfc172579cd,urgency,none,0.4999,0.1781,0.8,needs_review,https://github.com/NVIDIA/k8s-test-infra/commit/e6d00aa53b71e77e75737fc862e1df7e3a5aeb0b
4c55cd0151770bfc172579cd,promotion,insufficient,0.5311,0.1411,0.8,insufficient,https://github.com/NVIDIA/k8s-test-infra/commit/e6d00aa53b71e77e75737fc862e1df7e3a5aeb0b
4c55cd0151770bfc172579cd,token_reference,absent,0.8891,0.6138,0.8,accepted,https://github.com/NVIDIA/k8s-test-infra/commit/e6d00aa53b71e77e75737fc862e1df7e3a5aeb0b
4c55cd0151770bfc172579cd,narrative_object,product,0.6429,0.3457,0.8,needs_review,https://github.com/NVIDIA/k8s-test-infra/commit/e6d00aa53b71e77e75737fc862e1df7e3a5aeb0b
4c55cd0151770bfc172579cd,context_dependence,standalone,0.4235,0.0163,0.8,needs_review,https://github.com/NVIDIA/k8s-test-infra/commit/e6d00aa53b71e77e75737fc862e1df7e3a5aeb0b
ca47a0cd994805c1ccdcb4b7,relevance,,,,0.8,needs_review,https://github.com/facebook/folly/commit/4163df9b91e87d65691efc46853ca59a626b731b
ca47a0cd994805c1ccdcb4b7,event,,,,0.8,needs_review,https://github.com/facebook/folly/commit/4163df9b91e87d65691efc46853ca59a626b731b
ca47a0cd994805c1ccdcb4b7,claim,,,,0.8,needs_review,https://github.com/facebook/folly/commit/4163df9b91e87d65691efc46853ca59a626b731b
ca47a0cd994805c1ccdcb4b7,tone,,,,0.8,needs_review,https://github.com/facebook/folly/commit/4163df9b91e87d65691efc46853ca59a626b731b
ca47a0cd994805c1ccdcb4b7,importance,,,,0.8,needs_review,https://github.com/facebook/folly/commit/4163df9b91e87d65691efc46853ca59a626b731b
ca47a0cd994805c1ccdcb4b7,urgency,,,,0.8,needs_review,https://github.com/facebook/folly/commit/4163df9b91e87d65691efc46853ca59a626b731b
ca47a0cd994805c1ccdcb4b7,promotion,,,,0.8,needs_review,https://github.com/facebook/folly/commit/4163df9b91e87d65691efc46853ca59a626b731b
ca47a0cd994805c1ccdcb4b7,token_reference,,,,0.8,needs_review,https://github.com/facebook/folly/commit/4163df9b91e87d65691efc46853ca59a626b731b
ca47a0cd994805c1ccdcb4b7,narrative_object,,,,0.8,needs_review,https://github.com/facebook/folly/commit/4163df9b91e87d65691efc46853ca59a626b731b
ca47a0cd994805c1ccdcb4b7,context_dependence,,,,0.8,needs_review,https://github.com/facebook/folly/commit/4163df9b91e87d65691efc46853ca59a626b731b
31cc8cf11f5474377202ab4f,relevance,insufficient,0.428,0.0192,0.8,insufficient,https://github.com/microsoft/physical-ai-toolchain/commit/94eb66b9a8545ae3a5cb4d4179aa93a4f60b79bd
31cc8cf11f5474377202ab4f,event,launch,0.8692,0.7281,0.8,accepted,https://github.com/microsoft/physical-ai-toolchain/commit/94eb66b9a8545ae3a5cb4d4179aa93a4f60b79bd
31cc8cf11f5474377202ab4f,claim,announcement,0.82,0.6294,0.8,accepted,https://github.com/microsoft/physical-ai-toolchain/commit/94eb66b9a8545ae3a5cb4d4179aa93a4f60b79bd
31cc8cf11f5474377202ab4f,tone,neutral,0.407,0.1935,0.8,needs_review,https://github.com/microsoft/physical-ai-toolchain/commit/94eb66b9a8545ae3a5cb4d4179aa93a4f60b79bd
31cc8cf11f5474377202ab4f,importance,insufficient,0.6111,0.2326,0.8,insufficient,https://github.com/microsoft/physical-ai-toolchain/commit/94eb66b9a8545ae3a5cb4d4179aa93a4f60b79bd
31cc8cf11f5474377202ab4f,urgency,none,0.7063,0.3689,0.8,needs_review,https://github.com/microsoft/physical-ai-toolchain/commit/94eb66b9a8545ae3a5cb4d4179aa93a4f60b79bd
31cc8cf11f5474377202ab4f,promotion,insufficient,0.4926,0.1299,0.8,insufficient,https://github.com/microsoft/physical-ai-toolchain/commit/94eb66b9a8545ae3a5cb4d4179aa93a4f60b79bd
31cc8cf11f5474377202ab4f,token_reference,absent,0.8352,0.4919,0.8,accepted,https://github.com/microsoft/physical-ai-toolchain/commit/94eb66b9a8545ae3a5cb4d4179aa93a4f60b79bd
31cc8cf11f5474377202ab4f,narrative_object,absent,0.6518,0.3703,0.8,needs_review,https://github.com/microsoft/physical-ai-toolchain/commit/94eb66b9a8545ae3a5cb4d4179aa93a4f60b79bd
31cc8cf11f5474377202ab4f,context_dependence,standalone,0.4019,0.0107,0.8,needs_review,https://github.com/microsoft/physical-ai-toolchain/commit/94eb66b9a8545ae3a5cb4d4179aa93a4f60b79bd
2672c3ac86bd8d404849dbe9,relevance,noise,0.5809,0.1484,0.8,needs_review,https://x.com/i/status/2104667354861019161
2672c3ac86bd8d404849dbe9,event,partnership,0.7823,0.6078,0.8,needs_review,https://x.com/i/status/2104667354861019161
2672c3ac86bd8d404849dbe9,claim,announcement,0.9886,0.9582,0.8,accepted,https://x.com/i/status/2104667354861019161
2672c3ac86bd8d404849dbe9,tone,positive,0.4437,0.1381,0.8,needs_review,https://x.com/i/status/2104667354861019161
2672c3ac86bd8d404849dbe9,importance,project,0.5785,0.177,0.8,needs_review,https://x.com/i/status/2104667354861019161
2672c3ac86bd8d404849dbe9,urgency,immediate,0.6726,0.3006,0.8,needs_review,https://x.com/i/status/2104667354861019161
2672c3ac86bd8d404849dbe9,promotion,promotional,0.6776,0.2995,0.8,needs_review,https://x.com/i/status/2104667354861019161
2672c3ac86bd8d404849dbe9,token_reference,absent,0.7028,0.2711,0.8,needs_review,https://x.com/i/status/2104667354861019161
2672c3ac86bd8d404849dbe9,narrative_object,absent,0.6739,0.4038,0.8,needs_review,https://x.com/i/status/2104667354861019161
2672c3ac86bd8d404849dbe9,context_dependence,insufficient,0.5369,0.0893,0.8,insufficient,https://x.com/i/status/2104667354861019161
2ec4fb9188125c496650f5c5,relevance,insufficient,0.8861,0.6065,0.8,insufficient,https://x.com/i/status/2104667351450886225
2ec4fb9188125c496650f5c5,event,technical,0.9252,0.8469,0.8,accepted,https://x.com/i/status/2104667351450886225
2ec4fb9188125c496650f5c5,claim,insufficient,0.6405,0.5164,0.8,insufficient,https://x.com/i/status/2104667351450886225
2ec4fb9188125c496650f5c5,tone,negative,0.4819,0.2042,0.8,needs_review,https://x.com/i/status/2104667351450886225
2ec4fb9188125c496650f5c5,importance,insufficient,0.9848,0.9318,0.8,insufficient,https://x.com/i/status/2104667351450886225
2ec4fb9188125c496650f5c5,urgency,insufficient,0.6596,0.4938,0.8,insufficient,https://x.com/i/status/2104667351450886225
2ec4fb9188125c496650f5c5,promotion,insufficient,0.9786,0.9093,0.8,insufficient,https://x.com/i/status/2104667351450886225
2ec4fb9188125c496650f5c5,token_reference,absent,0.6364,0.1758,0.8,needs_review,https://x.com/i/status/2104667351450886225
2ec4fb9188125c496650f5c5,narrative_object,absent,0.9585,0.8843,0.8,accepted,https://x.com/i/status/2104667351450886225
2ec4fb9188125c496650f5c5,context_dependence,insufficient,0.641,0.1993,0.8,insufficient,https://x.com/i/status/2104667351450886225
7445edc401aa4fb9e41eae72,relevance,insufficient,0.6548,0.2252,0.8,insufficient,https://github.com/microsoft/garnet/commit/c6e632f8a593e2c10bc9e64a3324b7fcdb6a5aaa
7445edc401aa4fb9e41eae72,event,technical,0.9254,0.8225,0.8,accepted,https://github.com/microsoft/garnet/commit/c6e632f8a593e2c10bc9e64a3324b7fcdb6a5aaa
7445edc401aa4fb9e41eae72,claim,insufficient,0.5896,0.3578,0.8,insufficient,https://github.com/microsoft/garnet/commit/c6e632f8a593e2c10bc9e64a3324b7fcdb6a5aaa
7445edc401aa4fb9e41eae72,tone,insufficient,0.7065,0.41,0.8,insufficient,https://github.com/microsoft/garnet/commit/c6e632f8a593e2c10bc9e64a3324b7fcdb6a5aaa
7445edc401aa4fb9e41eae72,importance,routine,0.3551,0.0725,0.8,needs_review,https://github.com/microsoft/garnet/commit/c6e632f8a593e2c10bc9e64a3324b7fcdb6a5aaa
7445edc401aa4fb9e41eae72,urgency,none,0.7334,0.4608,0.8,needs_review,https://github.com/microsoft/garnet/commit/c6e632f8a593e2c10bc9e64a3324b7fcdb6a5aaa
7445edc401aa4fb9e41eae72,promotion,insufficient,0.7266,0.5261,0.8,insufficient,https://github.com/microsoft/garnet/commit/c6e632f8a593e2c10bc9e64a3324b7fcdb6a5aaa
7445edc401aa4fb9e41eae72,token_reference,absent,0.8101,0.4378,0.8,accepted,https://github.com/microsoft/garnet/commit/c6e632f8a593e2c10bc9e64a3324b7fcdb6a5aaa
7445edc401aa4fb9e41eae72,narrative_object,product,0.8879,0.7258,0.8,accepted,https://github.com/microsoft/garnet/commit/c6e632f8a593e2c10bc9e64a3324b7fcdb6a5aaa
7445edc401aa4fb9e41eae72,context_dependence,insufficient,0.5431,0.0849,0.8,insufficient,https://github.com/microsoft/garnet/commit/c6e632f8a593e2c10bc9e64a3324b7fcdb6a5aaa
01ab0b3ab15a26a8838b7bbe,relevance,insufficient,0.4647,0.0336,0.8,insufficient,https://x.com/i/status/2104667311609417749
01ab0b3ab15a26a8838b7bbe,event,launch,0.3655,0.1669,0.8,needs_review,https://x.com/i/status/2104667311609417749
01ab0b3ab15a26a8838b7bbe,claim,announcement,0.9388,0.8349,0.8,accepted,https://x.com/i/status/2104667311609417749
01ab0b3ab15a26a8838b7bbe,tone,insufficient,0.3201,0.0536,0.8,insufficient,https://x.com/i/status/2104667311609417749
01ab0b3ab15a26a8838b7bbe,importance,routine,0.3516,0.0385,0.8,needs_review,https://x.com/i/status/2104667311609417749
01ab0b3ab15a26a8838b7bbe,urgency,none,0.6531,0.2739,0.8,needs_review,https://x.com/i/status/2104667311609417749
01ab0b3ab15a26a8838b7bbe,promotion,promotional,0.6705,0.2843,0.8,needs_review,https://x.com/i/status/2104667311609417749
01ab0b3ab15a26a8838b7bbe,token_reference,absent,0.788,0.3984,0.8,needs_review,https://x.com/i/status/2104667311609417749
01ab0b3ab15a26a8838b7bbe,narrative_object,product,0.6072,0.4049,0.8,needs_review,https://x.com/i/status/2104667311609417749
01ab0b3ab15a26a8838b7bbe,context_dependence,standalone,0.4768,0.0411,0.8,needs_review,https://x.com/i/status/2104667311609417749
f20f3aab194efc2d6b3e021f,relevance,informative,0.6649,0.2104,0.8,needs_review,https://x.com/i/status/2104667223361298584
f20f3aab194efc2d6b3e021f,event,technical,0.9048,0.7966,0.8,accepted,https://x.com/i/status/2104667223361298584
f20f3aab194efc2d6b3e021f,claim,announcement,0.9882,0.9559,0.8,accepted,https://x.com/i/status/2104667223361298584
f20f3aab194efc2d6b3e021f,tone,positive,0.7479,0.4645,0.8,needs_review,https://x.com/i/status/2104667223361298584
f20f3aab194efc2d6b3e021f,importance,insufficient,0.6883,0.3595,0.8,insufficient,https://x.com/i/status/2104667223361298584
f20f3aab194efc2d6b3e021f,urgency,scheduled,0.4158,0.0628,0.8,needs_review,https://x.com/i/status/2104667223361298584
f20f3aab194efc2d6b3e021f,promotion,insufficient,0.9168,0.7424,0.8,insufficient,https://x.com/i/status/2104667223361298584
f20f3aab194efc2d6b3e021f,token_reference,absent,0.7088,0.2823,0.8,needs_review,https://x.com/i/status/2104667223361298584
f20f3aab194efc2d6b3e021f,narrative_object,product,0.743,0.5373,0.8,needs_review,https://x.com/i/status/2104667223361298584
f20f3aab194efc2d6b3e021f,context_dependence,standalone,0.4925,0.1162,0.8,needs_review,https://x.com/i/status/2104667223361298584
aa0be0a72ca5e9ade5bbfca9,relevance,insufficient,0.5148,0.0723,0.8,insufficient,https://x.com/i/status/2104667194596655573
aa0be0a72ca5e9ade5bbfca9,event,technical,0.7348,0.5459,0.8,needs_review,https://x.com/i/status/2104667194596655573
aa0be0a72ca5e9ade5bbfca9,claim,announcement,0.7751,0.5615,0.8,needs_review,https://x.com/i/status/2104667194596655573
aa0be0a72ca5e9ade5bbfca9,tone,positive,0.3272,0.0558,0.8,needs_review,https://x.com/i/status/2104667194596655573
aa0be0a72ca5e9ade5bbfca9,importance,insufficient,0.5756,0.1806,0.8,insufficient,https://x.com/i/status/2104667194596655573
aa0be0a72ca5e9ade5bbfca9,urgency,none,0.6471,0.2944,0.8,needs_review,https://x.com/i/status/2104667194596655573
aa0be0a72ca5e9ade5bbfca9,promotion,promotional,0.355,0.0347,0.8,needs_review,https://x.com/i/status/2104667194596655573
aa0be0a72ca5e9ade5bbfca9,token_reference,absent,0.6226,0.1678,0.8,needs_review,https://x.com/i/status/2104667194596655573
aa0be0a72ca5e9ade5bbfca9,narrative_object,absent,0.6478,0.3148,0.8,needs_review,https://x.com/i/status/2104667194596655573
aa0be0a72ca5e9ade5bbfca9,context_dependence,insufficient,0.483,0.0467,0.8,insufficient,https://x.com/i/status/2104667194596655573
417e246c0624a03727534b8f,relevance,insufficient,0.6252,0.2138,0.8,insufficient,https://github.com/microsoft/garnet/commit/83c7e39b160c751c701d22283695adce4b86f696
417e246c0624a03727534b8f,event,technical,0.9352,0.8401,0.8,accepted,https://github.com/microsoft/garnet/commit/83c7e39b160c751c701d22283695adce4b86f696
417e246c0624a03727534b8f,claim,insufficient,0.6193,0.4403,0.8,insufficient,https://github.com/microsoft/garnet/commit/83c7e39b160c751c701d22283695adce4b86f696
417e246c0624a03727534b8f,tone,insufficient,0.7922,0.536,0.8,insufficient,https://github.com/microsoft/garnet/commit/83c7e39b160c751c701d22283695adce4b86f696
417e246c0624a03727534b8f,importance,sector,0.3487,0.0648,0.8,needs_review,https://github.com/microsoft/garnet/commit/83c7e39b160c751c701d22283695adce4b86f696
417e246c0624a03727534b8f,urgency,none,0.7345,0.4796,0.8,needs_review,https://github.com/microsoft/garnet/commit/83c7e39b160c751c701d22283695adce4b86f696
417e246c0624a03727534b8f,promotion,insufficient,0.6902,0.503,0.8,insufficient,https://github.com/microsoft/garnet/commit/83c7e39b160c751c701d22283695adce4b86f696
417e246c0624a03727534b8f,token_reference,absent,0.811,0.44,0.8,accepted,https://github.com/microsoft/garnet/commit/83c7e39b160c751c701d22283695adce4b86f696
417e246c0624a03727534b8f,narrative_object,product,0.8934,0.7331,0.8,accepted,https://github.com/microsoft/garnet/commit/83c7e39b160c751c701d22283695adce4b86f696
417e246c0624a03727534b8f,context_dependence,insufficient,0.6522,0.1932,0.8,insufficient,https://github.com/microsoft/garnet/commit/83c7e39b160c751c701d22283695adce4b86f696
f921d2ac6ce8e826792fdf51,relevance,insufficient,0.5243,0.11,0.8,insufficient,https://x.com/i/status/2104616064118382965
f921d2ac6ce8e826792fdf51,event,technical,0.7327,0.5911,0.8,needs_review,https://x.com/i/status/2104616064118382965
f921d2ac6ce8e826792fdf51,claim,announcement,0.85,0.6738,0.8,accepted,https://x.com/i/status/2104616064118382965
f921d2ac6ce8e826792fdf51,tone,neutral,0.2829,0.0656,0.8,needs_review,https://x.com/i/status/2104616064118382965
f921d2ac6ce8e826792fdf51,importance,insufficient,0.585,0.2062,0.8,insufficient,https://x.com/i/status/2104616064118382965
f921d2ac6ce8e826792fdf51,urgency,none,0.6007,0.2363,0.8,needs_review,https://x.com/i/status/2104616064118382965
f921d2ac6ce8e826792fdf51,promotion,promotional,0.2972,0.0128,0.8,needs_review,https://x.com/i/status/2104616064118382965
f921d2ac6ce8e826792fdf51,token_reference,absent,0.8205,0.4606,0.8,accepted,https://x.com/i/status/2104616064118382965
f921d2ac6ce8e826792fdf51,narrative_object,absent,0.5388,0.2669,0.8,needs_review,https://x.com/i/status/2104616064118382965
f921d2ac6ce8e826792fdf51,context_dependence,standalone,0.4676,0.0476,0.8,needs_review,https://x.com/i/status/2104616064118382965
f3b9a6b6de23ac8fd659b7e9,relevance,insufficient,0.524,0.08,0.8,needs_review,https://x.com/i/status/2104667158026326359
f3b9a6b6de23ac8fd659b7e9,event,other,0.7314,0.4697,0.8,needs_review,https://x.com/i/status/2104667158026326359
f3b9a6b6de23ac8fd659b7e9,claim,insufficient,0.3777,0.1521,0.8,needs_review,https://x.com/i/status/2104667158026326359
f3b9a6b6de23ac8fd659b7e9,tone,neutral,0.3013,0.1014,0.8,needs_review,https://x.com/i/status/2104667158026326359
f3b9a6b6de23ac8fd659b7e9,importance,insufficient,0.7049,0.3287,0.8,needs_review,https://x.com/i/status/2104667158026326359
f3b9a6b6de23ac8fd659b7e9,urgency,none,0.7329,0.3993,0.8,needs_review,https://x.com/i/status/2104667158026326359
f3b9a6b6de23ac8fd659b7e9,promotion,insufficient,0.4647,0.078,0.8,needs_review,https://x.com/i/status/2104667158026326359
f3b9a6b6de23ac8fd659b7e9,token_reference,absent,0.618,0.1883,0.8,needs_review,https://x.com/i/status/2104667158026326359
f3b9a6b6de23ac8fd659b7e9,narrative_object,absent,0.6712,0.3749,0.8,needs_review,https://x.com/i/status/2104667158026326359
f3b9a6b6de23ac8fd659b7e9,context_dependence,standalone,0.4804,0.0509,0.8,needs_review,https://x.com/i/status/2104667158026326359
12b2d455b58a058382a2a723,relevance,insufficient,0.4674,0.046,0.8,needs_review,https://x.com/i/status/2102071420427592100
12b2d455b58a058382a2a723,event,other,0.7019,0.4391,0.8,needs_review,https://x.com/i/status/2102071420427592100
12b2d455b58a058382a2a723,claim,insufficient,0.5339,0.2041,0.8,needs_review,https://x.com/i/status/2102071420427592100
12b2d455b58a058382a2a723,tone,neutral,0.2938,0.0881,0.8,needs_review,https://x.com/i/status/2102071420427592100
12b2d455b58a058382a2a723,importance,insufficient,0.7519,0.4059,0.8,needs_review,https://x.com/i/status/2102071420427592100
12b2d455b58a058382a2a723,urgency,none,0.7758,0.4593,0.8,needs_review,https://x.com/i/status/2102071420427592100
12b2d455b58a058382a2a723,promotion,insufficient,0.4161,0.0518,0.8,needs_review,https://x.com/i/status/2102071420427592100
12b2d455b58a058382a2a723,token_reference,absent,0.7376,0.3116,0.8,needs_review,https://x.com/i/status/2102071420427592100
12b2d455b58a058382a2a723,narrative_object,absent,0.6365,0.3488,0.8,needs_review,https://x.com/i/status/2102071420427592100
12b2d455b58a058382a2a723,context_dependence,standalone,0.5396,0.0933,0.8,needs_review,https://x.com/i/status/2102071420427592100
ba6a3a6891fa3bf52be4e879,relevance,insufficient,0.5152,0.0666,0.8,needs_review,https://x.com/i/status/2104666854794924263
ba6a3a6891fa3bf52be4e879,event,other,0.3759,0.1369,0.8,needs_review,https://x.com/i/status/2104666854794924263
ba6a3a6891fa3bf52be4e879,claim,insufficient,0.5322,0.2175,0.8,needs_review,https://x.com/i/status/2104666854794924263
ba6a3a6891fa3bf52be4e879,tone,negative,0.2956,0.0776,0.8,needs_review,https://x.com/i/status/2104666854794924263
ba6a3a6891fa3bf52be4e879,importance,insufficient,0.6986,0.3294,0.8,needs_review,https://x.com/i/status/2104666854794924263
ba6a3a6891fa3bf52be4e879,urgency,none,0.6,0.237,0.8,needs_review,https://x.com/i/status/2104666854794924263
ba6a3a6891fa3bf52be4e879,promotion,insufficient,0.4697,0.0866,0.8,needs_review,https://x.com/i/status/2104666854794924263
ba6a3a6891fa3bf52be4e879,token_reference,absent,0.7548,0.3403,0.8,needs_review,https://x.com/i/status/2104666854794924263
ba6a3a6891fa3bf52be4e879,narrative_object,absent,0.727,0.4384,0.8,needs_review,https://x.com/i/status/2104666854794924263
ba6a3a6891fa3bf52be4e879,context_dependence,standalone,0.4368,0.0248,0.8,needs_review,https://x.com/i/status/2104666854794924263
bdd0d473cdf41be8b404641c,relevance,insufficient,0.6142,0.1558,0.8,insufficient,https://x.com/i/status/2104667097326649464
bdd0d473cdf41be8b404641c,event,technical,0.4727,0.3569,0.8,needs_review,https://x.com/i/status/2104667097326649464
bdd0d473cdf41be8b404641c,claim,announcement,0.8387,0.6911,0.8,accepted,https://x.com/i/status/2104667097326649464
bdd0d473cdf41be8b404641c,tone,insufficient,0.3692,0.1014,0.8,insufficient,https://x.com/i/status/2104667097326649464
bdd0d473cdf41be8b404641c,importance,insufficient,0.7951,0.4802,0.8,insufficient,https://x.com/i/status/2104667097326649464
bdd0d473cdf41be8b404641c,urgency,none,0.7195,0.4022,0.8,needs_review,https://x.com/i/status/2104667097326649464
bdd0d473cdf41be8b404641c,promotion,insufficient,0.4555,0.0796,0.8,insufficient,https://x.com/i/status/2104667097326649464
bdd0d473cdf41be8b404641c,token_reference,absent,0.8581,0.5389,0.8,accepted,https://x.com/i/status/2104667097326649464
bdd0d473cdf41be8b404641c,narrative_object,absent,0.7689,0.4875,0.8,needs_review,https://x.com/i/status/2104667097326649464
bdd0d473cdf41be8b404641c,context_dependence,insufficient,0.5175,0.0868,0.8,insufficient,https://x.com/i/status/2104667097326649464
b21607327d3d0f8fcbb62141,relevance,insufficient,0.8191,0.4582,0.8,insufficient,https://github.com/microsoft/garnet/commit/cbbb0bf273aa3c465ed7c7ed52af088541b8670f
b21607327d3d0f8fcbb62141,event,technical,0.9468,0.8697,0.8,accepted,https://github.com/microsoft/garnet/commit/cbbb0bf273aa3c465ed7c7ed52af088541b8670f
b21607327d3d0f8fcbb62141,claim,insufficient,0.7021,0.5149,0.8,insufficient,https://github.com/microsoft/garnet/commit/cbbb0bf273aa3c465ed7c7ed52af088541b8670f
b21607327d3d0f8fcbb62141,tone,insufficient,0.8264,0.5815,0.8,insufficient,https://github.com/microsoft/garnet/commit/cbbb0bf273aa3c465ed7c7ed52af088541b8670f
b21607327d3d0f8fcbb62141,importance,sector,0.3788,0.0793,0.8,needs_review,https://github.com/microsoft/garnet/commit/cbbb0bf273aa3c465ed7c7ed52af088541b8670f
b21607327d3d0f8fcbb62141,urgency,none,0.5303,0.3074,0.8,needs_review,https://github.com/microsoft/garnet/commit/cbbb0bf273aa3c465ed7c7ed52af088541b8670f
b21607327d3d0f8fcbb62141,promotion,insufficient,0.856,0.6812,0.8,insufficient,https://github.com/microsoft/garnet/commit/cbbb0bf273aa3c465ed7c7ed52af088541b8670f
b21607327d3d0f8fcbb62141,token_reference,absent,0.7234,0.2935,0.8,needs_review,https://github.com/microsoft/garnet/commit/cbbb0bf273aa3c465ed7c7ed52af088541b8670f
b21607327d3d0f8fcbb62141,narrative_object,product,0.6864,0.4336,0.8,needs_review,https://github.com/microsoft/garnet/commit/cbbb0bf273aa3c465ed7c7ed52af088541b8670f
b21607327d3d0f8fcbb62141,context_dependence,insufficient,0.4977,0.0556,0.8,insufficient,https://github.com/microsoft/garnet/commit/cbbb0bf273aa3c465ed7c7ed52af088541b8670f
e540f48156e6c8cd778e4f7d,relevance,insufficient,0.6719,0.2291,0.8,insufficient,https://github.com/aws/deep-learning-containers/commit/afcc7a66290ca1aec1234223d42402510708cae6
e540f48156e6c8cd778e4f7d,event,technical,0.9897,0.9623,0.8,accepted,https://github.com/aws/deep-learning-containers/commit/afcc7a66290ca1aec1234223d42402510708cae6
e540f48156e6c8cd778e4f7d,claim,insufficient,0.5561,0.3652,0.8,insufficient,https://github.com/aws/deep-learning-containers/commit/afcc7a66290ca1aec1234223d42402510708cae6
e540f48156e6c8cd778e4f7d,tone,insufficient,0.4999,0.2222,0.8,insufficient,https://github.com/aws/deep-learning-containers/commit/afcc7a66290ca1aec1234223d42402510708cae6
e540f48156e6c8cd778e4f7d,importance,routine,0.3553,0.0526,0.8,needs_review,https://github.com/aws/deep-learning-containers/commit/afcc7a66290ca1aec1234223d42402510708cae6
e540f48156e6c8cd778e4f7d,urgency,none,0.626,0.2591,0.8,needs_review,https://github.com/aws/deep-learning-containers/commit/afcc7a66290ca1aec1234223d42402510708cae6
e540f48156e6c8cd778e4f7d,promotion,insufficient,0.6718,0.2837,0.8,insufficient,https://github.com/aws/deep-learning-containers/commit/afcc7a66290ca1aec1234223d42402510708cae6
e540f48156e6c8cd778e4f7d,token_reference,absent,0.8707,0.5708,0.8,accepted,https://github.com/aws/deep-learning-containers/commit/afcc7a66290ca1aec1234223d42402510708cae6
e540f48156e6c8cd778e4f7d,narrative_object,absent,0.4542,0.3389,0.8,needs_review,https://github.com/aws/deep-learning-containers/commit/afcc7a66290ca1aec1234223d42402510708cae6
e540f48156e6c8cd778e4f7d,context_dependence,insufficient,0.546,0.17,0.8,insufficient,https://github.com/aws/deep-learning-containers/commit/afcc7a66290ca1aec1234223d42402510708cae6
b106a6ec235a19de3e1fe2fa,relevance,insufficient,0.6172,0.1581,0.8,insufficient,https://github.com/ROCm/rocm-libraries/commit/b773fc6d609d261e5a651b89ce8680a408fb7406
b106a6ec235a19de3e1fe2fa,event,technical,0.9782,0.9309,0.8,accepted,https://github.com/ROCm/rocm-libraries/commit/b773fc6d609d261e5a651b89ce8680a408fb7406
b106a6ec235a19de3e1fe2fa,claim,correction,0.4507,0.2862,0.8,needs_review,https://github.com/ROCm/rocm-libraries/commit/b773fc6d609d261e5a651b89ce8680a408fb7406
b106a6ec235a19de3e1fe2fa,tone,insufficient,0.4191,0.168,0.8,insufficient,https://github.com/ROCm/rocm-libraries/commit/b773fc6d609d261e5a651b89ce8680a408fb7406
b106a6ec235a19de3e1fe2fa,importance,routine,0.4108,0.0823,0.8,needs_review,https://github.com/ROCm/rocm-libraries/commit/b773fc6d609d261e5a651b89ce8680a408fb7406
b106a6ec235a19de3e1fe2fa,urgency,none,0.5981,0.3007,0.8,needs_review,https://github.com/ROCm/rocm-libraries/commit/b773fc6d609d261e5a651b89ce8680a408fb7406
b106a6ec235a19de3e1fe2fa,promotion,insufficient,0.5418,0.1621,0.8,insufficient,https://github.com/ROCm/rocm-libraries/commit/b773fc6d609d261e5a651b89ce8680a408fb7406
b106a6ec235a19de3e1fe2fa,token_reference,absent,0.8262,0.4729,0.8,accepted,https://github.com/ROCm/rocm-libraries/commit/b773fc6d609d261e5a651b89ce8680a408fb7406
b106a6ec235a19de3e1fe2fa,narrative_object,absent,0.472,0.3117,0.8,needs_review,https://github.com/ROCm/rocm-libraries/commit/b773fc6d609d261e5a651b89ce8680a408fb7406
b106a6ec235a19de3e1fe2fa,context_dependence,insufficient,0.4216,0.0155,0.8,insufficient,https://github.com/ROCm/rocm-libraries/commit/b773fc6d609d261e5a651b89ce8680a408fb7406
0acb969e355c9a5dd92ecb49,relevance,insufficient,0.5291,0.0864,0.8,insufficient,https://x.com/i/status/2104667065626120444
0acb969e355c9a5dd92ecb49,event,technical,0.5179,0.3777,0.8,needs_review,https://x.com/i/status/2104667065626120444
0acb969e355c9a5dd92ecb49,claim,insufficient,0.4313,0.1997,0.8,insufficient,https://x.com/i/status/2104667065626120444
0acb969e355c9a5dd92ecb49,tone,insufficient,0.3654,0.0831,0.8,insufficient,https://x.com/i/status/2104667065626120444
0acb969e355c9a5dd92ecb49,importance,insufficient,0.641,0.2519,0.8,insufficient,https://x.com/i/status/2104667065626120444
0acb969e355c9a5dd92ecb49,urgency,none,0.6644,0.345,0.8,needs_review,https://x.com/i/status/2104667065626120444
0acb969e355c9a5dd92ecb49,promotion,insufficient,0.4061,0.0445,0.8,insufficient,https://x.com/i/status/2104667065626120444
0acb969e355c9a5dd92ecb49,token_reference,absent,0.4282,0.0205,0.8,needs_review,https://x.com/i/status/2104667065626120444
0acb969e355c9a5dd92ecb49,narrative_object,absent,0.4122,0.1425,0.8,needs_review,https://x.com/i/status/2104667065626120444
0acb969e355c9a5dd92ecb49,context_dependence,dependent,0.4292,0.0234,0.8,needs_review,https://x.com/i/status/2104667065626120444
bb9231647f8c488b373b08b4,relevance,informative,0.4966,0.0808,0.8,needs_review,https://github.com/ROCm/rocm-systems/commit/0ad032f27258e1e0e41d1320f829333abd732ce0
bb9231647f8c488b373b08b4,event,technical,0.9692,0.9118,0.8,accepted,https://github.com/ROCm/rocm-systems/commit/0ad032f27258e1e0e41d1320f829333abd732ce0
bb9231647f8c488b373b08b4,claim,correction,0.6676,0.387,0.8,needs_review,https://github.com/ROCm/rocm-systems/commit/0ad032f27258e1e0e41d1320f829333abd732ce0
bb9231647f8c488b373b08b4,tone,neutral,0.3392,0.0613,0.8,needs_review,https://github.com/ROCm/rocm-systems/commit/0ad032f27258e1e0e41d1320f829333abd732ce0
bb9231647f8c488b373b08b4,importance,routine,0.4162,0.0809,0.8,needs_review,https://github.com/ROCm/rocm-systems/commit/0ad032f27258e1e0e41d1320f829333abd732ce0
bb9231647f8c488b373b08b4,urgency,none,0.4711,0.1209,0.8,needs_review,https://github.com/ROCm/rocm-systems/commit/0ad032f27258e1e0e41d1320f829333abd732ce0
bb9231647f8c488b373b08b4,promotion,insufficient,0.3676,0.0491,0.8,insufficient,https://github.com/ROCm/rocm-systems/commit/0ad032f27258e1e0e41d1320f829333abd732ce0
bb9231647f8c488b373b08b4,token_reference,absent,0.7903,0.4032,0.8,needs_review,https://github.com/ROCm/rocm-systems/commit/0ad032f27258e1e0e41d1320f829333abd732ce0
bb9231647f8c488b373b08b4,narrative_object,product,0.5397,0.2434,0.8,needs_review,https://github.com/ROCm/rocm-systems/commit/0ad032f27258e1e0e41d1320f829333abd732ce0
bb9231647f8c488b373b08b4,context_dependence,standalone,0.3515,0.0009,0.8,needs_review,https://github.com/ROCm/rocm-systems/commit/0ad032f27258e1e0e41d1320f829333abd732ce0
0cdd2e931862a8a84b79423c,relevance,insufficient,0.57,0.1408,0.8,insufficient,https://x.com/i/status/2104667041504587781
0cdd2e931862a8a84b79423c,event,technical,0.5986,0.4331,0.8,needs_review,https://x.com/i/status/2104667041504587781
0cdd2e931862a8a84b79423c,claim,announcement,0.9908,0.9631,0.8,accepted,https://x.com/i/status/2104667041504587781
0cdd2e931862a8a84b79423c,tone,neutral,0.2749,0.0762,0.8,needs_review,https://x.com/i/status/2104667041504587781
0cdd2e931862a8a84b79423c,importance,project,0.7359,0.3772,0.8,needs_review,https://x.com/i/status/2104667041504587781
0cdd2e931862a8a84b79423c,urgency,none,0.6084,0.2438,0.8,needs_review,https://x.com/i/status/2104667041504587781
0cdd2e931862a8a84b79423c,promotion,promotional,0.3141,0.0292,0.8,needs_review,https://x.com/i/status/2104667041504587781
0cdd2e931862a8a84b79423c,token_reference,absent,0.7911,0.4057,0.8,needs_review,https://x.com/i/status/2104667041504587781
0cdd2e931862a8a84b79423c,narrative_object,product,0.3687,0.1495,0.8,needs_review,https://x.com/i/status/2104667041504587781
0cdd2e931862a8a84b79423c,context_dependence,insufficient,0.4206,0.0366,0.8,insufficient,https://x.com/i/status/2104667041504587781
258d10a44a77a9d5f205d3cf,relevance,noise,0.5452,0.093,0.8,needs_review,https://x.com/i/status/2104667021795328130
258d10a44a77a9d5f205d3cf,event,technical,0.8644,0.6801,0.8,accepted,https://x.com/i/status/2104667021795328130
258d10a44a77a9d5f205d3cf,claim,announcement,0.5888,0.3142,0.8,needs_review,https://x.com/i/status/2104667021795328130
258d10a44a77a9d5f205d3cf,tone,negative,0.6438,0.3003,0.8,needs_review,https://x.com/i/status/2104667021795328130
258d10a44a77a9d5f205d3cf,importance,project,0.4676,0.0958,0.8,needs_review,https://x.com/i/status/2104667021795328130
258d10a44a77a9d5f205d3cf,urgency,none,0.5004,0.1176,0.8,needs_review,https://x.com/i/status/2104667021795328130
258d10a44a77a9d5f205d3cf,promotion,promotional,0.5436,0.1426,0.8,needs_review,https://x.com/i/status/2104667021795328130
258d10a44a77a9d5f205d3cf,token_reference,absent,0.555,0.1015,0.8,needs_review,https://x.com/i/status/2104667021795328130
258d10a44a77a9d5f205d3cf,narrative_object,cultural,0.3976,0.1891,0.8,needs_review,https://x.com/i/status/2104667021795328130
258d10a44a77a9d5f205d3cf,context_dependence,insufficient,0.3639,0.0066,0.8,insufficient,https://x.com/i/status/2104667021795328130
6da606576cf09ac89ed6b1d3,relevance,insufficient,0.4834,0.0462,0.8,insufficient,https://github.com/Shopify/hydrogen/commit/d6372f020a4b043191fe6709a1f54997f9f26e1f
6da606576cf09ac89ed6b1d3,event,technical,0.9744,0.9248,0.8,accepted,https://github.com/Shopify/hydrogen/commit/d6372f020a4b043191fe6709a1f54997f9f26e1f
6da606576cf09ac89ed6b1d3,claim,correction,0.4387,0.2717,0.8,needs_review,https://github.com/Shopify/hydrogen/commit/d6372f020a4b043191fe6709a1f54997f9f26e1f
6da606576cf09ac89ed6b1d3,tone,insufficient,0.3691,0.1305,0.8,insufficient,https://github.com/Shopify/hydrogen/commit/d6372f020a4b043191fe6709a1f54997f9f26e1f
6da606576cf09ac89ed6b1d3,importance,routine,0.3974,0.0564,0.8,needs_review,https://github.com/Shopify/hydrogen/commit/d6372f020a4b043191fe6709a1f54997f9f26e1f
6da606576cf09ac89ed6b1d3,urgency,none,0.6367,0.2724,0.8,needs_review,https://github.com/Shopify/hydrogen/commit/d6372f020a4b043191fe6709a1f54997f9f26e1f
6da606576cf09ac89ed6b1d3,promotion,insufficient,0.5305,0.1475,0.8,insufficient,https://github.com/Shopify/hydrogen/commit/d6372f020a4b043191fe6709a1f54997f9f26e1f
6da606576cf09ac89ed6b1d3,token_reference,absent,0.9007,0.644,0.8,accepted,https://github.com/Shopify/hydrogen/commit/d6372f020a4b043191fe6709a1f54997f9f26e1f
6da606576cf09ac89ed6b1d3,narrative_object,absent,0.7983,0.5293,0.8,needs_review,https://github.com/Shopify/hydrogen/commit/d6372f020a4b043191fe6709a1f54997f9f26e1f
6da606576cf09ac89ed6b1d3,context_dependence,insufficient,0.3978,0.0325,0.8,insufficient,https://github.com/Shopify/hydrogen/commit/d6372f020a4b043191fe6709a1f54997f9f26e1f
3b3192ba61ed56d26987f4d3,relevance,insufficient,0.5299,0.11,0.8,insufficient,https://github.com/google/meridian/commit/c56865c39a48e1dbf2fc0af4b93e2780bba7bf84
3b3192ba61ed56d26987f4d3,event,technical,0.6719,0.6321,0.8,needs_review,https://github.com/google/meridian/commit/c56865c39a48e1dbf2fc0af4b93e2780bba7bf84
3b3192ba61ed56d26987f4d3,claim,insufficient,0.5665,0.3255,0.8,insufficient,https://github.com/google/meridian/commit/c56865c39a48e1dbf2fc0af4b93e2780bba7bf84
3b3192ba61ed56d26987f4d3,tone,insufficient,0.3521,0.0863,0.8,insufficient,https://github.com/google/meridian/commit/c56865c39a48e1dbf2fc0af4b93e2780bba7bf84
3b3192ba61ed56d26987f4d3,importance,routine,0.5755,0.2488,0.8,needs_review,https://github.com/google/meridian/commit/c56865c39a48e1dbf2fc0af4b93e2780bba7bf84
3b3192ba61ed56d26987f4d3,urgency,none,0.6223,0.2547,0.8,needs_review,https://github.com/google/meridian/commit/c56865c39a48e1dbf2fc0af4b93e2780bba7bf84
3b3192ba61ed56d26987f4d3,promotion,insufficient,0.4079,0.0519,0.8,insufficient,https://github.com/google/meridian/commit/c56865c39a48e1dbf2fc0af4b93e2780bba7bf84
3b3192ba61ed56d26987f4d3,token_reference,absent,0.8314,0.4828,0.8,accepted,https://github.com/google/meridian/commit/c56865c39a48e1dbf2fc0af4b93e2780bba7bf84
3b3192ba61ed56d26987f4d3,narrative_object,absent,0.8654,0.6647,0.8,accepted,https://github.com/google/meridian/commit/c56865c39a48e1dbf2fc0af4b93e2780bba7bf84
3b3192ba61ed56d26987f4d3,context_dependence,insufficient,0.4704,0.0927,0.8,insufficient,https://github.com/google/meridian/commit/c56865c39a48e1dbf2fc0af4b93e2780bba7bf84
ee30a7fcf3d1c26e19ac2daf,relevance,insufficient,0.3826,0.0113,0.8,needs_review,https://x.com/i/status/2104666990162092258
ee30a7fcf3d1c26e19ac2daf,event,technical,0.7832,0.5802,0.8,needs_review,https://x.com/i/status/2104666990162092258
ee30a7fcf3d1c26e19ac2daf,claim,announcement,0.3269,0.1332,0.8,needs_review,https://x.com/i/status/2104666990162092258
ee30a7fcf3d1c26e19ac2daf,tone,insufficient,0.3637,0.0853,0.8,needs_review,https://x.com/i/status/2104666990162092258
ee30a7fcf3d1c26e19ac2daf,importance,insufficient,0.3242,0.0297,0.8,needs_review,https://x.com/i/status/2104666990162092258
ee30a7fcf3d1c26e19ac2daf,urgency,none,0.7102,0.3564,0.8,needs_review,https://x.com/i/status/2104666990162092258
ee30a7fcf3d1c26e19ac2daf,promotion,insufficient,0.3703,0.0276,0.8,needs_review,https://x.com/i/status/2104666990162092258
ee30a7fcf3d1c26e19ac2daf,token_reference,absent,0.4555,0.0566,0.8,needs_review,https://x.com/i/status/2104666990162092258
ee30a7fcf3d1c26e19ac2daf,narrative_object,absent,0.6262,0.2962,0.8,needs_review,https://x.com/i/status/2104666990162092258
ee30a7fcf3d1c26e19ac2daf,context_dependence,dependent,0.6107,0.1464,0.8,needs_review,https://x.com/i/status/2104666990162092258
8fe2036fd4fc4bc486dbf436,relevance,insufficient,0.7692,0.3801,0.8,insufficient,https://github.com/microsoft/garnet/commit/24776ac9d8127e417ad301563d09720e3616e938
8fe2036fd4fc4bc486dbf436,event,technical,0.9513,0.8888,0.8,accepted,https://github.com/microsoft/garnet/commit/24776ac9d8127e417ad301563d09720e3616e938
8fe2036fd4fc4bc486dbf436,claim,insufficient,0.6123,0.4625,0.8,insufficient,https://github.com/microsoft/garnet/commit/24776ac9d8127e417ad301563d09720e3616e938
8fe2036fd4fc4bc486dbf436,tone,insufficient,0.7383,0.4794,0.8,insufficient,https://github.com/microsoft/garnet/commit/24776ac9d8127e417ad301563d09720e3616e938
8fe2036fd4fc4bc486dbf436,importance,insufficient,0.4163,0.123,0.8,insufficient,https://github.com/microsoft/garnet/commit/24776ac9d8127e417ad301563d09720e3616e938
8fe2036fd4fc4bc486dbf436,urgency,none,0.6559,0.4332,0.8,needs_review,https://github.com/microsoft/garnet/commit/24776ac9d8127e417ad301563d09720e3616e938
8fe2036fd4fc4bc486dbf436,promotion,insufficient,0.9333,0.7834,0.8,insufficient,https://github.com/microsoft/garnet/commit/24776ac9d8127e417ad301563d09720e3616e938
8fe2036fd4fc4bc486dbf436,token_reference,absent,0.8311,0.4826,0.8,accepted,https://github.com/microsoft/garnet/commit/24776ac9d8127e417ad301563d09720e3616e938
8fe2036fd4fc4bc486dbf436,narrative_object,product,0.7542,0.5373,0.8,needs_review,https://github.com/microsoft/garnet/commit/24776ac9d8127e417ad301563d09720e3616e938
8fe2036fd4fc4bc486dbf436,context_dependence,insufficient,0.5303,0.0797,0.8,insufficient,https://github.com/microsoft/garnet/commit/24776ac9d8127e417ad301563d09720e3616e938
79f6834063e2ec1b7cc99d79,relevance,insufficient,0.4801,0.0736,0.8,insufficient,https://github.com/cloudflare/cloudflare-docs/commit/5fdf8162829e81d507ce1aa97a7b5241431ac9ba
79f6834063e2ec1b7cc99d79,event,technical,0.9699,0.9099,0.8,accepted,https://github.com/cloudflare/cloudflare-docs/commit/5fdf8162829e81d507ce1aa97a7b5241431ac9ba
79f6834063e2ec1b7cc99d79,claim,correction,0.579,0.3723,0.8,needs_review,https://github.com/cloudflare/cloudflare-docs/commit/5fdf8162829e81d507ce1aa97a7b5241431ac9ba
79f6834063e2ec1b7cc99d79,tone,insufficient,0.3784,0.1247,0.8,insufficient,https://github.com/cloudflare/cloudflare-docs/commit/5fdf8162829e81d507ce1aa97a7b5241431ac9ba
79f6834063e2ec1b7cc99d79,importance,routine,0.5399,0.2109,0.8,needs_review,https://github.com/cloudflare/cloudflare-docs/commit/5fdf8162829e81d507ce1aa97a7b5241431ac9ba
79f6834063e2ec1b7cc99d79,urgency,none,0.7027,0.3447,0.8,needs_review,https://github.com/cloudflare/cloudflare-docs/commit/5fdf8162829e81d507ce1aa97a7b5241431ac9ba
79f6834063e2ec1b7cc99d79,promotion,insufficient,0.4248,0.0628,0.8,insufficient,https://github.com/cloudflare/cloudflare-docs/commit/5fdf8162829e81d507ce1aa97a7b5241431ac9ba
79f6834063e2ec1b7cc99d79,token_reference,absent,0.8203,0.4606,0.8,accepted,https://github.com/cloudflare/cloudflare-docs/commit/5fdf8162829e81d507ce1aa97a7b5241431ac9ba
79f6834063e2ec1b7cc99d79,narrative_object,absent,0.4452,0.184,0.8,needs_review,https://github.com/cloudflare/cloudflare-docs/commit/5fdf8162829e81d507ce1aa97a7b5241431ac9ba
79f6834063e2ec1b7cc99d79,context_dependence,standalone,0.5088,0.061,0.8,needs_review,https://github.com/cloudflare/cloudflare-docs/commit/5fdf8162829e81d507ce1aa97a7b5241431ac9ba
f05bd0a3e1400762a63b321f,relevance,insufficient,0.4182,0.0547,0.8,insufficient,https://x.com/i/status/2104659002131099831
f05bd0a3e1400762a63b321f,event,launch,0.9477,0.8733,0.8,accepted,https://x.com/i/status/2104659002131099831
f05bd0a3e1400762a63b321f,claim,announcement,0.9954,0.9805,0.8,accepted,https://x.com/i/status/2104659002131099831
f05bd0a3e1400762a63b321f,tone,positive,0.3132,0.0726,0.8,needs_review,https://x.com/i/status/2104659002131099831
f05bd0a3e1400762a63b321f,importance,routine,0.4264,0.1293,0.8,needs_review,https://x.com/i/status/2104659002131099831
f05bd0a3e1400762a63b321f,urgency,none,0.5287,0.1483,0.8,needs_review,https://x.com/i/status/2104659002131099831
f05bd0a3e1400762a63b321f,promotion,promotional,0.8445,0.5663,0.8,accepted,https://x.com/i/status/2104659002131099831
f05bd0a3e1400762a63b321f,token_reference,absent,0.6376,0.1839,0.8,needs_review,https://x.com/i/status/2104659002131099831
f05bd0a3e1400762a63b321f,narrative_object,cultural,0.5413,0.2977,0.8,needs_review,https://x.com/i/status/2104659002131099831
f05bd0a3e1400762a63b321f,context_dependence,insufficient,0.4679,0.0353,0.8,insufficient,https://x.com/i/status/2104659002131099831
1cb5e023629bb778fb1daea3,relevance,insufficient,0.4578,0.0322,0.8,insufficient,https://x.com/i/status/2104666953218658487
1cb5e023629bb778fb1daea3,event,technical,0.6816,0.4975,0.8,needs_review,https://x.com/i/status/2104666953218658487
1cb5e023629bb778fb1daea3,claim,insufficient,0.3615,0.1533,0.8,insufficient,https://x.com/i/status/2104666953218658487
1cb5e023629bb778fb1daea3,tone,insufficient,0.3487,0.0616,0.8,insufficient,https://x.com/i/status/2104666953218658487
1cb5e023629bb778fb1daea3,importance,insufficient,0.4411,0.0765,0.8,insufficient,https://x.com/i/status/2104666953218658487
1cb5e023629bb778fb1daea3,urgency,none,0.654,0.3392,0.8,needs_review,https://x.com/i/status/2104666953218658487
1cb5e023629bb778fb1daea3,promotion,insufficient,0.3924,0.0362,0.8,insufficient,https://x.com/i/status/2104666953218658487
1cb5e023629bb778fb1daea3,token_reference,absent,0.4534,0.0314,0.8,needs_review,https://x.com/i/status/2104666953218658487
1cb5e023629bb778fb1daea3,narrative_object,absent,0.6177,0.2938,0.8,needs_review,https://x.com/i/status/2104666953218658487
1cb5e023629bb778fb1daea3,context_dependence,dependent,0.5567,0.0981,0.8,needs_review,https://x.com/i/status/2104666953218658487
0540d1da7ab0eccd4d0b7ff3,relevance,informative,0.4287,0.0407,0.8,needs_review,https://github.com/microsoft/azure-pipelines-tasks/commit/8679b2229e4b4f34cb3c5d8435eb92451425afb6
0540d1da7ab0eccd4d0b7ff3,event,technical,0.9829,0.9424,0.8,accepted,https://github.com/microsoft/azure-pipelines-tasks/commit/8679b2229e4b4f34cb3c5d8435eb92451425afb6
0540d1da7ab0eccd4d0b7ff3,claim,insufficient,0.3487,0.1566,0.8,insufficient,https://github.com/microsoft/azure-pipelines-tasks/commit/8679b2229e4b4f34cb3c5d8435eb92451425afb6
0540d1da7ab0eccd4d0b7ff3,tone,neutral,0.3966,0.0924,0.8,needs_review,https://github.com/microsoft/azure-pipelines-tasks/commit/8679b2229e4b4f34cb3c5d8435eb92451425afb6
0540d1da7ab0eccd4d0b7ff3,importance,project,0.3145,0.0207,0.8,needs_review,https://github.com/microsoft/azure-pipelines-tasks/commit/8679b2229e4b4f34cb3c5d8435eb92451425afb6
0540d1da7ab0eccd4d0b7ff3,urgency,none,0.6917,0.348,0.8,needs_review,https://github.com/microsoft/azure-pipelines-tasks/commit/8679b2229e4b4f34cb3c5d8435eb92451425afb6
0540d1da7ab0eccd4d0b7ff3,promotion,insufficient,0.4412,0.091,0.8,insufficient,https://github.com/microsoft/azure-pipelines-tasks/commit/8679b2229e4b4f34cb3c5d8435eb92451425afb6
0540d1da7ab0eccd4d0b7ff3,token_reference,absent,0.8962,0.6325,0.8,accepted,https://github.com/microsoft/azure-pipelines-tasks/commit/8679b2229e4b4f34cb3c5d8435eb92451425afb6
0540d1da7ab0eccd4d0b7ff3,narrative_object,product,0.3503,0.2069,0.8,needs_review,https://github.com/microsoft/azure-pipelines-tasks/commit/8679b2229e4b4f34cb3c5d8435eb92451425afb6
0540d1da7ab0eccd4d0b7ff3,context_dependence,standalone,0.4039,0.0112,0.8,needs_review,https://github.com/microsoft/azure-pipelines-tasks/commit/8679b2229e4b4f34cb3c5d8435eb92451425afb6
8287cf99eebd0e50447af842,relevance,insufficient,0.5243,0.0754,0.8,insufficient,https://x.com/i/status/2104666952576962981
8287cf99eebd0e50447af842,event,other,0.5008,0.2298,0.8,needs_review,https://x.com/i/status/2104666952576962981
8287cf99eebd0e50447af842,claim,insufficient,0.4142,0.1606,0.8,insufficient,https://x.com/i/status/2104666952576962981
8287cf99eebd0e50447af842,tone,insufficient,0.308,0.0513,0.8,insufficient,https://x.com/i/status/2104666952576962981
8287cf99eebd0e50447af842,importance,insufficient,0.4799,0.0915,0.8,insufficient,https://x.com/i/status/2104666952576962981
8287cf99eebd0e50447af842,urgency,none,0.6475,0.2897,0.8,needs_review,https://x.com/i/status/2104666952576962981
8287cf99eebd0e50447af842,promotion,insufficient,0.3867,0.0328,0.8,insufficient,https://x.com/i/status/2104666952576962981
8287cf99eebd0e50447af842,token_reference,absent,0.7844,0.3908,0.8,needs_review,https://x.com/i/status/2104666952576962981
8287cf99eebd0e50447af842,narrative_object,absent,0.7653,0.4761,0.8,needs_review,https://x.com/i/status/2104666952576962981
8287cf99eebd0e50447af842,context_dependence,standalone,0.398,0.0083,0.8,needs_review,https://x.com/i/status/2104666952576962981
b7b68730cc1529f56e4bfe74,relevance,insufficient,0.6907,0.2814,0.8,insufficient,https://github.com/microsoft/garnet/commit/835443a73d2ec33c269db86445df788aaed46e4d
b7b68730cc1529f56e4bfe74,event,technical,0.8625,0.7206,0.8,accepted,https://github.com/microsoft/garnet/commit/835443a73d2ec33c269db86445df788aaed46e4d
b7b68730cc1529f56e4bfe74,claim,insufficient,0.6093,0.458,0.8,insufficient,https://github.com/microsoft/garnet/commit/835443a73d2ec33c269db86445df788aaed46e4d
b7b68730cc1529f56e4bfe74,tone,insufficient,0.7753,0.5155,0.8,insufficient,https://github.com/microsoft/garnet/commit/835443a73d2ec33c269db86445df788aaed46e4d
b7b68730cc1529f56e4bfe74,importance,sector,0.6179,0.2788,0.8,needs_review,https://github.com/microsoft/garnet/commit/835443a73d2ec33c269db86445df788aaed46e4d
b7b68730cc1529f56e4bfe74,urgency,none,0.7087,0.4593,0.8,needs_review,https://github.com/microsoft/garnet/commit/835443a73d2ec33c269db86445df788aaed46e4d
b7b68730cc1529f56e4bfe74,promotion,insufficient,0.6471,0.4827,0.8,insufficient,https://github.com/microsoft/garnet/commit/835443a73d2ec33c269db86445df788aaed46e4d
b7b68730cc1529f56e4bfe74,token_reference,absent,0.8237,0.4661,0.8,accepted,https://github.com/microsoft/garnet/commit/835443a73d2ec33c269db86445df788aaed46e4d
b7b68730cc1529f56e4bfe74,narrative_object,product,0.8633,0.6638,0.8,accepted,https://github.com/microsoft/garnet/commit/835443a73d2ec33c269db86445df788aaed46e4d
b7b68730cc1529f56e4bfe74,context_dependence,insufficient,0.6887,0.2409,0.8,insufficient,https://github.com/microsoft/garnet/commit/835443a73d2ec33c269db86445df788aaed46e4d
53f0d90037093e9828b519b2,relevance,insufficient,0.5862,0.1932,0.8,insufficient,https://github.com/microsoft/garnet/commit/d0125b82c155d1375e180dbe39d6154fee30c621
53f0d90037093e9828b519b2,event,technical,0.9642,0.9031,0.8,accepted,https://github.com/microsoft/garnet/commit/d0125b82c155d1375e180dbe39d6154fee30c621
53f0d90037093e9828b519b2,claim,insufficient,0.7113,0.5616,0.8,insufficient,https://github.com/microsoft/garnet/commit/d0125b82c155d1375e180dbe39d6154fee30c621
53f0d90037093e9828b519b2,tone,insufficient,0.8497,0.6305,0.8,insufficient,https://github.com/microsoft/garnet/commit/d0125b82c155d1375e180dbe39d6154fee30c621
53f0d90037093e9828b519b2,importance,insufficient,0.4923,0.1686,0.8,insufficient,https://github.com/microsoft/garnet/commit/d0125b82c155d1375e180dbe39d6154fee30c621
53f0d90037093e9828b519b2,urgency,none,0.8635,0.6715,0.8,accepted,https://github.com/microsoft/garnet/commit/d0125b82c155d1375e180dbe39d6154fee30c621
53f0d90037093e9828b519b2,promotion,insufficient,0.7903,0.572,0.8,insufficient,https://github.com/microsoft/garnet/commit/d0125b82c155d1375e180dbe39d6154fee30c621
53f0d90037093e9828b519b2,token_reference,absent,0.6583,0.218,0.8,needs_review,https://github.com/microsoft/garnet/commit/d0125b82c155d1375e180dbe39d6154fee30c621
53f0d90037093e9828b519b2,narrative_object,product,0.8107,0.5871,0.8,accepted,https://github.com/microsoft/garnet/commit/d0125b82c155d1375e180dbe39d6154fee30c621
53f0d90037093e9828b519b2,context_dependence,insufficient,0.6789,0.2276,0.8,insufficient,https://github.com/microsoft/garnet/commit/d0125b82c155d1375e180dbe39d6154fee30c621
da683059a3a8d886ddaa846d,relevance,,,,0.8,needs_review,https://github.com/facebook/idb/commit/195602fc9e8bfe92fd7d60f158870263a10032fe
da683059a3a8d886ddaa846d,event,,,,0.8,needs_review,https://github.com/facebook/idb/commit/195602fc9e8bfe92fd7d60f158870263a10032fe
da683059a3a8d886ddaa846d,claim,,,,0.8,needs_review,https://github.com/facebook/idb/commit/195602fc9e8bfe92fd7d60f158870263a10032fe
da683059a3a8d886ddaa846d,tone,,,,0.8,needs_review,https://github.com/facebook/idb/commit/195602fc9e8bfe92fd7d60f158870263a10032fe
da683059a3a8d886ddaa846d,importance,,,,0.8,needs_review,https://github.com/facebook/idb/commit/195602fc9e8bfe92fd7d60f158870263a10032fe
da683059a3a8d886ddaa846d,urgency,,,,0.8,needs_review,https://github.com/facebook/idb/commit/195602fc9e8bfe92fd7d60f158870263a10032fe
da683059a3a8d886ddaa846d,promotion,,,,0.8,needs_review,https://github.com/facebook/idb/commit/195602fc9e8bfe92fd7d60f158870263a10032fe
da683059a3a8d886ddaa846d,token_reference,,,,0.8,needs_review,https://github.com/facebook/idb/commit/195602fc9e8bfe92fd7d60f158870263a10032fe
da683059a3a8d886ddaa846d,narrative_object,,,,0.8,needs_review,https://github.com/facebook/idb/commit/195602fc9e8bfe92fd7d60f158870263a10032fe
da683059a3a8d886ddaa846d,context_dependence,,,,0.8,needs_review,https://github.com/facebook/idb/commit/195602fc9e8bfe92fd7d60f158870263a10032fe
c7a2793776b8d5d2d8eca0a3,relevance,insufficient,0.5572,0.0958,0.8,insufficient,https://github.com/NVIDIA/NemoClaw/commit/21f10b66ff7551f8738a9aceb12a03f38f0e59a4
c7a2793776b8d5d2d8eca0a3,event,technical,0.9782,0.936,0.8,accepted,https://github.com/NVIDIA/NemoClaw/commit/21f10b66ff7551f8738a9aceb12a03f38f0e59a4
c7a2793776b8d5d2d8eca0a3,claim,announcement,0.6158,0.4785,0.8,needs_review,https://github.com/NVIDIA/NemoClaw/commit/21f10b66ff7551f8738a9aceb12a03f38f0e59a4
c7a2793776b8d5d2d8eca0a3,tone,insufficient,0.4038,0.1581,0.8,insufficient,https://github.com/NVIDIA/NemoClaw/commit/21f10b66ff7551f8738a9aceb12a03f38f0e59a4
c7a2793776b8d5d2d8eca0a3,importance,routine,0.4803,0.1737,0.8,needs_review,https://github.com/NVIDIA/NemoClaw/commit/21f10b66ff7551f8738a9aceb12a03f38f0e59a4
c7a2793776b8d5d2d8eca0a3,urgency,none,0.681,0.3162,0.8,needs_review,https://github.com/NVIDIA/NemoClaw/commit/21f10b66ff7551f8738a9aceb12a03f38f0e59a4
c7a2793776b8d5d2d8eca0a3,promotion,insufficient,0.5876,0.2031,0.8,insufficient,https://github.com/NVIDIA/NemoClaw/commit/21f10b66ff7551f8738a9aceb12a03f38f0e59a4
c7a2793776b8d5d2d8eca0a3,token_reference,absent,0.8629,0.5515,0.8,accepted,https://github.com/NVIDIA/NemoClaw/commit/21f10b66ff7551f8738a9aceb12a03f38f0e59a4
c7a2793776b8d5d2d8eca0a3,narrative_object,absent,0.7562,0.4695,0.8,needs_review,https://github.com/NVIDIA/NemoClaw/commit/21f10b66ff7551f8738a9aceb12a03f38f0e59a4
c7a2793776b8d5d2d8eca0a3,context_dependence,insufficient,0.4862,0.0987,0.8,insufficient,https://github.com/NVIDIA/NemoClaw/commit/21f10b66ff7551f8738a9aceb12a03f38f0e59a4
16824e4f33aea65fe5dcfa02,relevance,insufficient,0.6265,0.2256,0.8,insufficient,https://github.com/microsoft/garnet/commit/cc35b5556697769f93377a579154e05c33f05024
16824e4f33aea65fe5dcfa02,event,technical,0.9601,0.8958,0.8,accepted,https://github.com/microsoft/garnet/commit/cc35b5556697769f93377a579154e05c33f05024
16824e4f33aea65fe5dcfa02,claim,insufficient,0.6786,0.5052,0.8,insufficient,https://github.com/microsoft/garnet/commit/cc35b5556697769f93377a579154e05c33f05024
16824e4f33aea65fe5dcfa02,tone,insufficient,0.7944,0.5426,0.8,insufficient,https://github.com/microsoft/garnet/commit/cc35b5556697769f93377a579154e05c33f05024
16824e4f33aea65fe5dcfa02,importance,insufficient,0.4272,0.1402,0.8,insufficient,https://github.com/microsoft/garnet/commit/cc35b5556697769f93377a579154e05c33f05024
16824e4f33aea65fe5dcfa02,urgency,none,0.7019,0.4608,0.8,needs_review,https://github.com/microsoft/garnet/commit/cc35b5556697769f93377a579154e05c33f05024
16824e4f33aea65fe5dcfa02,promotion,insufficient,0.7976,0.5749,0.8,insufficient,https://github.com/microsoft/garnet/commit/cc35b5556697769f93377a579154e05c33f05024
16824e4f33aea65fe5dcfa02,token_reference,absent,0.7353,0.3234,0.8,needs_review,https://github.com/microsoft/garnet/commit/cc35b5556697769f93377a579154e05c33f05024
16824e4f33aea65fe5dcfa02,narrative_object,product,0.8057,0.561,0.8,accepted,https://github.com/microsoft/garnet/commit/cc35b5556697769f93377a579154e05c33f05024
16824e4f33aea65fe5dcfa02,context_dependence,insufficient,0.6315,0.1696,0.8,insufficient,https://github.com/microsoft/garnet/commit/cc35b5556697769f93377a579154e05c33f05024
61bc2f16e3de6d822b17d94d,relevance,insufficient,0.4784,0.0464,0.8,insufficient,https://x.com/i/status/2104630631569457643
61bc2f16e3de6d822b17d94d,event,launch,0.3717,0.3115,0.8,needs_review,https://x.com/i/status/2104630631569457643
61bc2f16e3de6d822b17d94d,claim,announcement,0.3938,0.157,0.8,needs_review,https://x.com/i/status/2104630631569457643
61bc2f16e3de6d822b17d94d,tone,neutral,0.2938,0.039,0.8,needs_review,https://x.com/i/status/2104630631569457643
61bc2f16e3de6d822b17d94d,importance,project,0.4473,0.072,0.8,needs_review,https://x.com/i/status/2104630631569457643
61bc2f16e3de6d822b17d94d,urgency,none,0.6168,0.2751,0.8,needs_review,https://x.com/i/status/2104630631569457643
61bc2f16e3de6d822b17d94d,promotion,promotional,0.444,0.0662,0.8,needs_review,https://x.com/i/status/2104630631569457643
61bc2f16e3de6d822b17d94d,token_reference,absent,0.6571,0.2011,0.8,needs_review,https://x.com/i/status/2104630631569457643
61bc2f16e3de6d822b17d94d,narrative_object,product,0.6037,0.3406,0.8,needs_review,https://x.com/i/status/2104630631569457643
61bc2f16e3de6d822b17d94d,context_dependence,standalone,0.4151,0.0171,0.8,needs_review,https://x.com/i/status/2104630631569457643
353ad570dff2c96115faba08,relevance,insufficient,0.4086,0.0514,0.8,insufficient,https://x.com/i/status/2104666851758526559
353ad570dff2c96115faba08,event,launch,0.8444,0.6949,0.8,accepted,https://x.com/i/status/2104666851758526559
353ad570dff2c96115faba08,claim,opinion,0.3833,0.1096,0.8,needs_review,https://x.com/i/status/2104666851758526559
353ad570dff2c96115faba08,tone,negative,0.2936,0.0245,0.8,needs_review,https://x.com/i/status/2104666851758526559
353ad570dff2c96115faba08,importance,project,0.4386,0.0722,0.8,needs_review,https://x.com/i/status/2104666851758526559
353ad570dff2c96115faba08,urgency,none,0.6007,0.2388,0.8,needs_review,https://x.com/i/status/2104666851758526559
353ad570dff2c96115faba08,promotion,promotional,0.3493,0.0225,0.8,needs_review,https://x.com/i/status/2104666851758526559
353ad570dff2c96115faba08,token_reference,absent,0.4341,0.0277,0.8,needs_review,https://x.com/i/status/2104666851758526559
353ad570dff2c96115faba08,narrative_object,product,0.536,0.2295,0.8,needs_review,https://x.com/i/status/2104666851758526559
353ad570dff2c96115faba08,context_dependence,dependent,0.4246,0.0178,0.8,needs_review,https://x.com/i/status/2104666851758526559
238d3345c2fc502e7b86d8d5,relevance,informative,0.488,0.0588,0.8,needs_review,https://x.com/i/status/2104666829830647846
238d3345c2fc502e7b86d8d5,event,launch,0.3958,0.235,0.8,needs_review,https://x.com/i/status/2104666829830647846
238d3345c2fc502e7b86d8d5,claim,announcement,0.6248,0.3071,0.8,needs_review,https://x.com/i/status/2104666829830647846
238d3345c2fc502e7b86d8d5,tone,neutral,0.3429,0.0378,0.8,needs_review,https://x.com/i/status/2104666829830647846
238d3345c2fc502e7b86d8d5,importance,sector,0.4596,0.0959,0.8,needs_review,https://x.com/i/status/2104666829830647846
238d3345c2fc502e7b86d8d5,urgency,scheduled,0.3907,0.1275,0.8,needs_review,https://x.com/i/status/2104666829830647846
238d3345c2fc502e7b86d8d5,promotion,promotional,0.6737,0.2859,0.8,needs_review,https://x.com/i/status/2104666829830647846
238d3345c2fc502e7b86d8d5,token_reference,possible,0.4455,0.0756,0.8,needs_review,https://x.com/i/status/2104666829830647846
238d3345c2fc502e7b86d8d5,narrative_object,product,0.8098,0.5573,0.8,accepted,https://x.com/i/status/2104666829830647846
238d3345c2fc502e7b86d8d5,context_dependence,dependent,0.4099,0.0142,0.8,needs_review,https://x.com/i/status/2104666829830647846
056eb0b2c16c5870044edb94,relevance,insufficient,0.5769,0.1144,0.8,insufficient,https://x.com/i/status/2104666826521059544
056eb0b2c16c5870044edb94,event,technical,0.6674,0.5544,0.8,needs_review,https://x.com/i/status/2104666826521059544
056eb0b2c16c5870044edb94,claim,announcement,0.8236,0.6156,0.8,accepted,https://x.com/i/status/2104666826521059544
056eb0b2c16c5870044edb94,tone,insufficient,0.315,0.0758,0.8,insufficient,https://x.com/i/status/2104666826521059544
056eb0b2c16c5870044edb94,importance,project,0.5609,0.1722,0.8,needs_review,https://x.com/i/status/2104666826521059544
056eb0b2c16c5870044edb94,urgency,none,0.6304,0.2786,0.8,needs_review,https://x.com/i/status/2104666826521059544
056eb0b2c16c5870044edb94,promotion,promotional,0.4002,0.0722,0.8,needs_review,https://x.com/i/status/2104666826521059544
056eb0b2c16c5870044edb94,token_reference,absent,0.4633,0.0343,0.8,needs_review,https://x.com/i/status/2104666826521059544
056eb0b2c16c5870044edb94,narrative_object,product,0.6179,0.3731,0.8,needs_review,https://x.com/i/status/2104666826521059544
056eb0b2c16c5870044edb94,context_dependence,insufficient,0.4031,0.011,0.8,insufficient,https://x.com/i/status/2104666826521059544
35b53faffc677016e8901c98,relevance,insufficient,0.8532,0.5322,0.8,insufficient,https://github.com/microsoft/garnet/commit/58088c0d273d967e34582755df1dd92d641d30db
35b53faffc677016e8901c98,event,technical,0.9548,0.8913,0.8,accepted,https://github.com/microsoft/garnet/commit/58088c0d273d967e34582755df1dd92d641d30db
35b53faffc677016e8901c98,claim,insufficient,0.7532,0.5637,0.8,insufficient,https://github.com/microsoft/garnet/commit/58088c0d273d967e34582755df1dd92d641d30db
35b53faffc677016e8901c98,tone,insufficient,0.8072,0.5593,0.8,insufficient,https://github.com/microsoft/garnet/commit/58088c0d273d967e34582755df1dd92d641d30db
35b53faffc677016e8901c98,importance,insufficient,0.3878,0.0858,0.8,insufficient,https://github.com/microsoft/garnet/commit/58088c0d273d967e34582755df1dd92d641d30db
35b53faffc677016e8901c98,urgency,none,0.4748,0.3373,0.8,needs_review,https://github.com/microsoft/garnet/commit/58088c0d273d967e34582755df1dd92d641d30db
35b53faffc677016e8901c98,promotion,insufficient,0.98,0.9181,0.8,insufficient,https://github.com/microsoft/garnet/commit/58088c0d273d967e34582755df1dd92d641d30db
35b53faffc677016e8901c98,token_reference,absent,0.7617,0.351,0.8,needs_review,https://github.com/microsoft/garnet/commit/58088c0d273d967e34582755df1dd92d641d30db
35b53faffc677016e8901c98,narrative_object,product,0.5573,0.3991,0.8,needs_review,https://github.com/microsoft/garnet/commit/58088c0d273d967e34582755df1dd92d641d30db
35b53faffc677016e8901c98,context_dependence,insufficient,0.5679,0.1049,0.8,insufficient,https://github.com/microsoft/garnet/commit/58088c0d273d967e34582755df1dd92d641d30db
208a805782c49a64af3db684,relevance,insufficient,0.7041,0.2957,0.8,insufficient,https://github.com/microsoft/garnet/commit/f7a323bd4318a2c8952d9acdf19ec9201134989d
208a805782c49a64af3db684,event,technical,0.9626,0.9091,0.8,accepted,https://github.com/microsoft/garnet/commit/f7a323bd4318a2c8952d9acdf19ec9201134989d
208a805782c49a64af3db684,claim,insufficient,0.5899,0.4958,0.8,insufficient,https://github.com/microsoft/garnet/commit/f7a323bd4318a2c8952d9acdf19ec9201134989d
208a805782c49a64af3db684,tone,insufficient,0.7779,0.5286,0.8,insufficient,https://github.com/microsoft/garnet/commit/f7a323bd4318a2c8952d9acdf19ec9201134989d
208a805782c49a64af3db684,importance,insufficient,0.4194,0.1549,0.8,insufficient,https://github.com/microsoft/garnet/commit/f7a323bd4318a2c8952d9acdf19ec9201134989d
208a805782c49a64af3db684,urgency,none,0.6651,0.4526,0.8,needs_review,https://github.com/microsoft/garnet/commit/f7a323bd4318a2c8952d9acdf19ec9201134989d
208a805782c49a64af3db684,promotion,insufficient,0.9264,0.7723,0.8,insufficient,https://github.com/microsoft/garnet/commit/f7a323bd4318a2c8952d9acdf19ec9201134989d
208a805782c49a64af3db684,token_reference,absent,0.827,0.4732,0.8,accepted,https://github.com/microsoft/garnet/commit/f7a323bd4318a2c8952d9acdf19ec9201134989d
208a805782c49a64af3db684,narrative_object,product,0.7662,0.5624,0.8,needs_review,https://github.com/microsoft/garnet/commit/f7a323bd4318a2c8952d9acdf19ec9201134989d
208a805782c49a64af3db684,context_dependence,insufficient,0.6333,0.171,0.8,insufficient,https://github.com/microsoft/garnet/commit/f7a323bd4318a2c8952d9acdf19ec9201134989d
ccb0a1ba1899c6ba56026a05,relevance,insufficient,0.5835,0.1328,0.8,insufficient,https://github.com/coinbase/cds/commit/e8c5f9c0da519cfa1d518034550ce2bcc446c1eb
ccb0a1ba1899c6ba56026a05,event,technical,0.9667,0.9008,0.8,accepted,https://github.com/coinbase/cds/commit/e8c5f9c0da519cfa1d518034550ce2bcc446c1eb
ccb0a1ba1899c6ba56026a05,claim,insufficient,0.5248,0.4478,0.8,insufficient,https://github.com/coinbase/cds/commit/e8c5f9c0da519cfa1d518034550ce2bcc446c1eb
ccb0a1ba1899c6ba56026a05,tone,neutral,0.3935,0.1437,0.8,needs_review,https://github.com/coinbase/cds/commit/e8c5f9c0da519cfa1d518034550ce2bcc446c1eb
ccb0a1ba1899c6ba56026a05,importance,insufficient,0.4991,0.1131,0.8,insufficient,https://github.com/coinbase/cds/commit/e8c5f9c0da519cfa1d518034550ce2bcc446c1eb
ccb0a1ba1899c6ba56026a05,urgency,none,0.6733,0.3824,0.8,needs_review,https://github.com/coinbase/cds/commit/e8c5f9c0da519cfa1d518034550ce2bcc446c1eb
ccb0a1ba1899c6ba56026a05,promotion,insufficient,0.4576,0.1025,0.8,insufficient,https://github.com/coinbase/cds/commit/e8c5f9c0da519cfa1d518034550ce2bcc446c1eb
ccb0a1ba1899c6ba56026a05,token_reference,absent,0.8104,0.4419,0.8,accepted,https://github.com/coinbase/cds/commit/e8c5f9c0da519cfa1d518034550ce2bcc446c1eb
ccb0a1ba1899c6ba56026a05,narrative_object,absent,0.3605,0.0813,0.8,needs_review,https://github.com/coinbase/cds/commit/e8c5f9c0da519cfa1d518034550ce2bcc446c1eb
ccb0a1ba1899c6ba56026a05,context_dependence,insufficient,0.399,0.0207,0.8,insufficient,https://github.com/coinbase/cds/commit/e8c5f9c0da519cfa1d518034550ce2bcc446c1eb
435022bf627f43eb2edba46b,relevance,insufficient,0.4488,0.1177,0.8,insufficient,https://x.com/i/status/2104666793193423017
435022bf627f43eb2edba46b,event,technical,0.4593,0.2892,0.8,needs_review,https://x.com/i/status/2104666793193423017
435022bf627f43eb2edba46b,claim,insufficient,0.4099,0.1517,0.8,insufficient,https://x.com/i/status/2104666793193423017
435022bf627f43eb2edba46b,tone,neutral,0.3522,0.0934,0.8,needs_review,https://x.com/i/status/2104666793193423017
435022bf627f43eb2edba46b,importance,insufficient,0.4657,0.0803,0.8,insufficient,https://x.com/i/status/2104666793193423017
435022bf627f43eb2edba46b,urgency,none,0.5914,0.2619,0.8,needs_review,https://x.com/i/status/2104666793193423017
435022bf627f43eb2edba46b,promotion,informational,0.3379,0.0257,0.8,needs_review,https://x.com/i/status/2104666793193423017
435022bf627f43eb2edba46b,token_reference,absent,0.4607,0.0503,0.8,needs_review,https://x.com/i/status/2104666793193423017
435022bf627f43eb2edba46b,narrative_object,cultural,0.4488,0.1267,0.8,needs_review,https://x.com/i/status/2104666793193423017
435022bf627f43eb2edba46b,context_dependence,dependent,0.5248,0.074,0.8,needs_review,https://x.com/i/status/2104666793193423017
5baffaeedfec9e0bcb52d202,relevance,insufficient,0.553,0.0926,0.8,insufficient,https://x.com/i/status/2104619721203372451
5baffaeedfec9e0bcb52d202,event,other,0.4796,0.269,0.8,needs_review,https://x.com/i/status/2104619721203372451
5baffaeedfec9e0bcb52d202,claim,insufficient,0.6651,0.3656,0.8,insufficient,https://x.com/i/status/2104619721203372451
5baffaeedfec9e0bcb52d202,tone,positive,0.2529,0.0205,0.8,needs_review,https://x.com/i/status/2104619721203372451
5baffaeedfec9e0bcb52d202,importance,insufficient,0.6305,0.2579,0.8,insufficient,https://x.com/i/status/2104619721203372451
5baffaeedfec9e0bcb52d202,urgency,none,0.7152,0.408,0.8,needs_review,https://x.com/i/status/2104619721203372451
5baffaeedfec9e0bcb52d202,promotion,insufficient,0.4771,0.0871,0.8,insufficient,https://x.com/i/status/2104619721203372451
5baffaeedfec9e0bcb52d202,token_reference,absent,0.8338,0.4888,0.8,accepted,https://x.com/i/status/2104619721203372451
5baffaeedfec9e0bcb52d202,narrative_object,absent,0.6819,0.3805,0.8,needs_review,https://x.com/i/status/2104619721203372451
5baffaeedfec9e0bcb52d202,context_dependence,standalone,0.3823,0.0118,0.8,needs_review,https://x.com/i/status/2104619721203372451
54ee2488ade81abdf56bc48a,relevance,insufficient,0.6423,0.1871,0.8,insufficient,https://x.com/i/status/2104666784414720001
54ee2488ade81abdf56bc48a,event,other,0.8887,0.7272,0.8,accepted,https://x.com/i/status/2104666784414720001
54ee2488ade81abdf56bc48a,claim,insufficient,0.6551,0.3731,0.8,insufficient,https://x.com/i/status/2104666784414720001
54ee2488ade81abdf56bc48a,tone,insufficient,0.2618,0.05,0.8,insufficient,https://x.com/i/status/2104666784414720001
54ee2488ade81abdf56bc48a,importance,insufficient,0.7547,0.4076,0.8,insufficient,https://x.com/i/status/2104666784414720001
54ee2488ade81abdf56bc48a,urgency,none,0.6933,0.4113,0.8,needs_review,https://x.com/i/status/2104666784414720001
54ee2488ade81abdf56bc48a,promotion,insufficient,0.6002,0.199,0.8,insufficient,https://x.com/i/status/2104666784414720001
54ee2488ade81abdf56bc48a,token_reference,absent,0.8485,0.5181,0.8,accepted,https://x.com/i/status/2104666784414720001
54ee2488ade81abdf56bc48a,narrative_object,absent,0.8043,0.5306,0.8,accepted,https://x.com/i/status/2104666784414720001
54ee2488ade81abdf56bc48a,context_dependence,insufficient,0.509,0.0614,0.8,insufficient,https://x.com/i/status/2104666784414720001
6873c8a92a8e7756e85dff2c,relevance,insufficient,0.5726,0.1963,0.8,insufficient,https://github.com/microsoft/garnet/commit/f60bb7bf77f8a656d1864a24fdddab58fd8371ce
6873c8a92a8e7756e85dff2c,event,technical,0.9496,0.8818,0.8,accepted,https://github.com/microsoft/garnet/commit/f60bb7bf77f8a656d1864a24fdddab58fd8371ce
6873c8a92a8e7756e85dff2c,claim,insufficient,0.6809,0.4887,0.8,insufficient,https://github.com/microsoft/garnet/commit/f60bb7bf77f8a656d1864a24fdddab58fd8371ce
6873c8a92a8e7756e85dff2c,tone,insufficient,0.7603,0.5105,0.8,insufficient,https://github.com/microsoft/garnet/commit/f60bb7bf77f8a656d1864a24fdddab58fd8371ce
6873c8a92a8e7756e85dff2c,importance,insufficient,0.5055,0.1857,0.8,insufficient,https://github.com/microsoft/garnet/commit/f60bb7bf77f8a656d1864a24fdddab58fd8371ce
6873c8a92a8e7756e85dff2c,urgency,none,0.663,0.4633,0.8,needs_review,https://github.com/microsoft/garnet/commit/f60bb7bf77f8a656d1864a24fdddab58fd8371ce
6873c8a92a8e7756e85dff2c,promotion,insufficient,0.8821,0.6996,0.8,insufficient,https://github.com/microsoft/garnet/commit/f60bb7bf77f8a656d1864a24fdddab58fd8371ce
6873c8a92a8e7756e85dff2c,token_reference,absent,0.7589,0.3506,0.8,needs_review,https://github.com/microsoft/garnet/commit/f60bb7bf77f8a656d1864a24fdddab58fd8371ce
6873c8a92a8e7756e85dff2c,narrative_object,product,0.7579,0.5226,0.8,needs_review,https://github.com/microsoft/garnet/commit/f60bb7bf77f8a656d1864a24fdddab58fd8371ce
6873c8a92a8e7756e85dff2c,context_dependence,insufficient,0.6486,0.1886,0.8,insufficient,https://github.com/microsoft/garnet/commit/f60bb7bf77f8a656d1864a24fdddab58fd8371ce
dac3cd0c2f68422c507b629a,relevance,insufficient,0.5552,0.0974,0.8,needs_review,https://x.com/i/status/2104666743738130859
dac3cd0c2f68422c507b629a,event,technical,0.5958,0.482,0.8,needs_review,https://x.com/i/status/2104666743738130859
dac3cd0c2f68422c507b629a,claim,announcement,0.8517,0.6492,0.8,needs_review,https://x.com/i/status/2104666743738130859
dac3cd0c2f68422c507b629a,tone,insufficient,0.3205,0.063,0.8,needs_review,https://x.com/i/status/2104666743738130859
dac3cd0c2f68422c507b629a,importance,project,0.6665,0.296,0.8,needs_review,https://x.com/i/status/2104666743738130859
dac3cd0c2f68422c507b629a,urgency,none,0.6508,0.2998,0.8,needs_review,https://x.com/i/status/2104666743738130859
dac3cd0c2f68422c507b629a,promotion,promotional,0.4514,0.0877,0.8,needs_review,https://x.com/i/status/2104666743738130859
dac3cd0c2f68422c507b629a,token_reference,absent,0.5287,0.0734,0.8,needs_review,https://x.com/i/status/2104666743738130859
dac3cd0c2f68422c507b629a,narrative_object,product,0.6322,0.4087,0.8,needs_review,https://x.com/i/status/2104666743738130859
dac3cd0c2f68422c507b629a,context_dependence,insufficient,0.4254,0.0262,0.8,needs_review,https://x.com/i/status/2104666743738130859
2245334e1424f610d8e4f372,relevance,insufficient,0.4023,0.0406,0.8,insufficient,https://github.com/ROCm/ROCmValidationSuite/commit/32b8316958516cf09d45e5cc36da80ff198174b1
2245334e1424f610d8e4f372,event,technical,0.9511,0.8707,0.8,accepted,https://github.com/ROCm/ROCmValidationSuite/commit/32b8316958516cf09d45e5cc36da80ff198174b1
2245334e1424f610d8e4f372,claim,correction,0.7568,0.5876,0.8,needs_review,https://github.com/ROCm/ROCmValidationSuite/commit/32b8316958516cf09d45e5cc36da80ff198174b1
2245334e1424f610d8e4f372,tone,insufficient,0.299,0.0847,0.8,insufficient,https://github.com/ROCm/ROCmValidationSuite/commit/32b8316958516cf09d45e5cc36da80ff198174b1
2245334e1424f610d8e4f372,importance,routine,0.3518,0.057,0.8,needs_review,https://github.com/ROCm/ROCmValidationSuite/commit/32b8316958516cf09d45e5cc36da80ff198174b1
2245334e1424f610d8e4f372,urgency,none,0.5719,0.203,0.8,needs_review,https://github.com/ROCm/ROCmValidationSuite/commit/32b8316958516cf09d45e5cc36da80ff198174b1
2245334e1424f610d8e4f372,promotion,insufficient,0.5204,0.13,0.8,insufficient,https://github.com/ROCm/ROCmValidationSuite/commit/32b8316958516cf09d45e5cc36da80ff198174b1
2245334e1424f610d8e4f372,token_reference,absent,0.8149,0.4493,0.8,accepted,https://github.com/ROCm/ROCmValidationSuite/commit/32b8316958516cf09d45e5cc36da80ff198174b1
2245334e1424f610d8e4f372,narrative_object,product,0.5261,0.2988,0.8,needs_review,https://github.com/ROCm/ROCmValidationSuite/commit/32b8316958516cf09d45e5cc36da80ff198174b1
2245334e1424f610d8e4f372,context_dependence,standalone,0.4113,0.0344,0.8,needs_review,https://github.com/ROCm/ROCmValidationSuite/commit/32b8316958516cf09d45e5cc36da80ff198174b1
3cc6df8734805136a8558068,relevance,informative,0.4462,0.0423,0.8,needs_review,https://x.com/i/status/2104666730178269306
3cc6df8734805136a8558068,event,technical,0.6095,0.5052,0.8,needs_review,https://x.com/i/status/2104666730178269306
3cc6df8734805136a8558068,claim,insufficient,0.4348,0.1887,0.8,insufficient,https://x.com/i/status/2104666730178269306
3cc6df8734805136a8558068,tone,negative,0.702,0.3824,0.8,needs_review,https://x.com/i/status/2104666730178269306
3cc6df8734805136a8558068,importance,insufficient,0.4016,0.0402,0.8,insufficient,https://x.com/i/status/2104666730178269306
3cc6df8734805136a8558068,urgency,none,0.5436,0.2498,0.8,needs_review,https://x.com/i/status/2104666730178269306
3cc6df8734805136a8558068,promotion,insufficient,0.3481,0.0583,0.8,insufficient,https://x.com/i/status/2104666730178269306
3cc6df8734805136a8558068,token_reference,absent,0.7698,0.3638,0.8,needs_review,https://x.com/i/status/2104666730178269306
3cc6df8734805136a8558068,narrative_object,absent,0.5431,0.2109,0.8,needs_review,https://x.com/i/status/2104666730178269306
3cc6df8734805136a8558068,context_dependence,standalone,0.3852,0.0219,0.8,needs_review,https://x.com/i/status/2104666730178269306
6ebb23847cfba17beb8f1daa,relevance,informative,0.5925,0.1434,0.8,needs_review,https://x.com/i/status/2104666027347017788
6ebb23847cfba17beb8f1daa,event,technical,0.7073,0.5416,0.8,needs_review,https://x.com/i/status/2104666027347017788
6ebb23847cfba17beb8f1daa,claim,announcement,0.9001,0.7385,0.8,accepted,https://x.com/i/status/2104666027347017788
6ebb23847cfba17beb8f1daa,tone,positive,0.607,0.2563,0.8,needs_review,https://x.com/i/status/2104666027347017788
6ebb23847cfba17beb8f1daa,importance,project,0.4163,0.0648,0.8,needs_review,https://x.com/i/status/2104666027347017788
6ebb23847cfba17beb8f1daa,urgency,none,0.4895,0.1054,0.8,needs_review,https://x.com/i/status/2104666027347017788
6ebb23847cfba17beb8f1daa,promotion,promotional,0.4291,0.0567,0.8,needs_review,https://x.com/i/status/2104666027347017788
6ebb23847cfba17beb8f1daa,token_reference,absent,0.5638,0.1034,0.8,needs_review,https://x.com/i/status/2104666027347017788
6ebb23847cfba17beb8f1daa,narrative_object,product,0.567,0.2197,0.8,needs_review,https://x.com/i/status/2104666027347017788
6ebb23847cfba17beb8f1daa,context_dependence,dependent,0.3942,0.0148,0.8,needs_review,https://x.com/i/status/2104666027347017788
75e1841c8992ba3ae468b0f0,relevance,insufficient,0.5356,0.0866,0.8,insufficient,https://x.com/i/status/2104666697521389674
75e1841c8992ba3ae468b0f0,event,technical,0.4155,0.3062,0.8,needs_review,https://x.com/i/status/2104666697521389674
75e1841c8992ba3ae468b0f0,claim,announcement,0.521,0.3608,0.8,needs_review,https://x.com/i/status/2104666697521389674
75e1841c8992ba3ae468b0f0,tone,insufficient,0.3223,0.0623,0.8,insufficient,https://x.com/i/status/2104666697521389674
75e1841c8992ba3ae468b0f0,importance,insufficient,0.6017,0.2084,0.8,insufficient,https://x.com/i/status/2104666697521389674
75e1841c8992ba3ae468b0f0,urgency,none,0.6255,0.2772,0.8,needs_review,https://x.com/i/status/2104666697521389674
75e1841c8992ba3ae468b0f0,promotion,promotional,0.379,0.049,0.8,needs_review,https://x.com/i/status/2104666697521389674
75e1841c8992ba3ae468b0f0,token_reference,absent,0.7362,0.3107,0.8,needs_review,https://x.com/i/status/2104666697521389674
75e1841c8992ba3ae468b0f0,narrative_object,absent,0.3254,0.0754,0.8,needs_review,https://x.com/i/status/2104666697521389674
75e1841c8992ba3ae468b0f0,context_dependence,standalone,0.4033,0.0165,0.8,needs_review,https://x.com/i/status/2104666697521389674
0cfa63c9782e34686595f9dc,relevance,insufficient,0.518,0.164,0.8,insufficient,https://github.com/microsoft/garnet/commit/c46e9d68579997a32abd7c08a682d81d8a4ad5ea
0cfa63c9782e34686595f9dc,event,technical,0.9506,0.8842,0.8,accepted,https://github.com/microsoft/garnet/commit/c46e9d68579997a32abd7c08a682d81d8a4ad5ea
0cfa63c9782e34686595f9dc,claim,correction,0.6864,0.5763,0.8,needs_review,https://github.com/microsoft/garnet/commit/c46e9d68579997a32abd7c08a682d81d8a4ad5ea
0cfa63c9782e34686595f9dc,tone,insufficient,0.8411,0.6237,0.8,insufficient,https://github.com/microsoft/garnet/commit/c46e9d68579997a32abd7c08a682d81d8a4ad5ea
0cfa63c9782e34686595f9dc,importance,routine,0.6367,0.2986,0.8,needs_review,https://github.com/microsoft/garnet/commit/c46e9d68579997a32abd7c08a682d81d8a4ad5ea
0cfa63c9782e34686595f9dc,urgency,none,0.8,0.5905,0.8,accepted,https://github.com/microsoft/garnet/commit/c46e9d68579997a32abd7c08a682d81d8a4ad5ea
0cfa63c9782e34686595f9dc,promotion,insufficient,0.9554,0.8519,0.8,insufficient,https://github.com/microsoft/garnet/commit/c46e9d68579997a32abd7c08a682d81d8a4ad5ea
0cfa63c9782e34686595f9dc,token_reference,absent,0.6907,0.245,0.8,needs_review,https://github.com/microsoft/garnet/commit/c46e9d68579997a32abd7c08a682d81d8a4ad5ea
0cfa63c9782e34686595f9dc,narrative_object,product,0.5418,0.4497,0.8,needs_review,https://github.com/microsoft/garnet/commit/c46e9d68579997a32abd7c08a682d81d8a4ad5ea
0cfa63c9782e34686595f9dc,context_dependence,insufficient,0.5655,0.1027,0.8,insufficient,https://github.com/microsoft/garnet/commit/c46e9d68579997a32abd7c08a682d81d8a4ad5ea
